file,page_num,Clear,Empty,Noisy,Trash,Non-text,total_word_count,total_char_count,avg_quality_score,avg_word_weird,avg_lang_score,avg_perplex,avg_symbol,avg_vowel_ratio,ch_ratio,main_lang
MTX194600222,1,5,4,8,2,0,70,412,0.696623076923077,0.003653846153846154,0.9120846153846153,619.5092307692307,0.23076923076923078,0.3588307692307692,0.07692307692307693,ces
MTX194601130,1,3,1,5,2,0,32,188,0.682125,0.003125,0.9013625,1566.625,0.125,0.39495,0.25,ces
MTX194602129,1,5,4,7,0,0,48,326,0.7245750000000001,0.013541666666666667,0.8458583333333333,3079.5,0.0,0.41785,0.16666666666666666,ces
MTX194602989,1,7,4,6,0,0,39,325,0.7551,0.0041,0.9024,607.5,0.0,0.3651,0.15384615384615385,ces
MTX194700758,1,2,4,5,4,0,21,115,0.6251428571428571,0.0,0.8222285714285714,1638.3714285714286,0.0,0.2053,0.0,ces
MTX194701553,2,11,1,4,1,2,79,535,0.76954,0.014839999999999999,0.9151133333333334,264.9166666666667,0.2,0.41138,0.0,ces
MTX194800123,5,7,0,10,2,1,118,648,0.6928411764705882,0.015288235294117648,0.961735294117647,167.98529411764707,0.058823529411764705,0.32236470588235294,0.0,ces
MTX194800839,1,23,10,16,0,2,154,957,0.7435769230769231,0.015171794871794871,0.9283358974358975,1994.7179487179487,0.15384615384615385,0.39062564102564107,0.1282051282051282,ces
MTX194900081,16,28,0,8,0,2,300,1905,0.7844,0.02787777777777778,0.9627166666666667,419.6511111111111,0.08333333333333333,0.38443611111111115,0.0,ces
MTX195000579,10,6,5,7,0,5,143,733,0.6651307692307692,0.009838461538461539,0.9577307692307693,5078.307692307692,0.38461538461538464,0.3966692307692308,0.0,ces
MTX195001022,3,1,0,1,0,0,4,25,0.571,0.025,0.76545,221444.0,0.0,0.4722,0.0,ces
MTX195001467,2,13,12,9,1,2,65,403,0.7466272727272727,0.01985909090909091,0.8969227272727273,1040.2386363636363,0.045454545454545456,0.37388636363636363,0.22727272727272727,ces
MTX195100569,2,5,6,5,4,0,44,295,0.70527,0.02445,0.88323,545.563,0.0,0.38817,0.3,ces
MTX195100878,42,37,1,2,1,0,325,2053,0.8065205128205128,0.006551282051282052,0.9837282051282051,579.7628205128206,0.05128205128205128,0.4110615384615385,0.0,ces
MTX195200247,43,8,19,81,47,3,118,454,0.5949550561797753,0.0009359550561797753,0.8032696629213483,3511.01808988764,0.0,0.09368876404494382,0.011235955056179775,ces
MTX195203035,2,27,4,8,2,0,148,981,0.8028228571428572,0.002142857142857143,0.93642,411.7345714285714,0.0,0.40721142857142856,0.14285714285714285,ces
MTX195400366e,13,2,1,1,0,0,5,33,0.7918666666666666,0.05833333333333333,0.9133,37.23,0.0,0.2967,0.0,ces
MTX195401664,180,34,4,3,0,0,318,1923,0.8357756756756757,0.009054054054054055,0.9686054054054054,133.24486486486484,0.0,0.39813243243243246,0.0,ces
MTX195500739,47,0,2,2,1,0,2,5,0.5645500000000001,0.0,0.85895,23.060000000000002,0.0,0.0,0.0,ces
MTX195600086,23,0,4,6,2,0,29,166,0.5844666666666667,0.03805,0.7510666666666667,1596.0,0.3333333333333333,0.3449166666666667,0.16666666666666666,ces
MTX195701084,17,26,0,1,2,2,186,1343,0.836925925925926,0.019770370370370372,0.9741851851851853,222.2962962962963,0.0,0.4303111111111111,0.0,ces
MTX195800591,1,5,3,2,1,0,35,214,0.7737285714285714,0.0,0.9628285714285714,243.17857142857142,0.0,0.4052285714285714,0.0,ces
MTX195900318,2,6,0,2,1,0,35,187,0.72485,0.0,0.8652625,316.03125,0.0,0.38925,0.0,ces
MTX195901493,31,0,1,1,2,0,15,62,0.5911,0.13,0.9934,644.0,0.0,0.375,0.0,ces
MTX195903041,115,25,1,5,1,0,145,1057,0.7804133333333334,0.00785,0.95383,9491.416666666666,0.1,0.38833666666666666,0.0,ces
MTX195904331,64,0,0,1,0,0,2,12,0.6695,0.0,0.75,296.0,0.0,0.3333,0.0,ces
MTX196000680,2,29,14,27,5,0,222,1792,0.7158839285714286,0.01820357142857143,0.9261125,1884.46875,0.14285714285714285,0.3861839285714286,0.0,ces
MTX196001619,1,4,3,6,1,0,34,217,0.72392,0.02,0.8676,754.062,0.1,0.34096000000000004,0.1,ces
MTX196003260,1,3,1,2,1,0,19,113,0.69936,0.006660000000000001,0.90732,498.0,0.2,0.41444000000000003,0.0,ces
MTX196100298,3,20,3,4,0,4,177,1110,0.8222458333333332,0.009975,0.9566500000000001,235.55208333333334,0.0,0.37822500000000003,0.0,ces
MTX196101432,25,13,2,20,10,11,154,930,0.7043030303030303,0.009215151515151515,0.8705969696969698,27245.703636363636,0.06060606060606061,0.35010909090909087,0.0,ces
MTX196200013,7,19,4,6,2,0,209,1250,0.7955200000000001,0.033796,0.955844,262.6648,0.08,0.39518000000000003,0.0,ces
MTX196201901,1,6,5,3,3,1,37,260,0.7885444444444444,0.005555555555555556,0.8656444444444444,1459.25,0.0,0.41836666666666666,0.0,ces
MTX196202246b,64,0,3,2,2,0,8,38,0.51965,0.10625,0.7737499999999999,1284.5,0.5,0.5119,0.0,ces
MTX196301035,7,29,1,2,0,1,310,1958,0.8638096774193548,0.002641935483870968,0.9981161290322581,201.33419354838708,0.03225806451612903,0.41400967741935485,0.0,ces
MTX196402185,10,27,5,7,0,1,234,1420,0.7924558823529412,0.02882352941176471,0.9786147058823529,165.64323529411763,0.058823529411764705,0.38371764705882355,0.0,ces
MTX196402692,64,28,1,2,0,0,193,1353,0.8235766666666666,0.012746666666666665,0.9880766666666666,254.91666666666666,0.0,0.4097766666666667,0.0,ces
MTX196501096,21,0,1,0,2,0,0,0,,,,,,,,
MTX196600014a,106,2,2,2,0,0,11,58,0.737325,0.015625,0.8749,166.8125,0.0,0.42305,0.0,ces
MTX196600324,104,34,11,6,13,0,302,1866,0.8137800000000001,0.015537500000000001,0.9660325000000001,143.48425,0.225,0.36702,0.0,ces
MTX196601637,15,36,0,6,5,2,319,2004,0.8193857142857143,0.007328571428571429,0.9702428571428572,250.45857142857145,0.21428571428571427,0.38424047619047624,0.0,ces
MTX196700251,2,21,4,5,1,0,221,1293,0.7958269230769232,0.013492307692307692,0.9759576923076924,189.36038461538462,0.038461538461538464,0.38106923076923077,0.0,ces
MTX196701644,58,1,1,0,2,0,7,51,0.8507,0.0,0.9675,209.0,0.0,0.3902,0.0,ces
MTX196800147,2,8,1,5,5,0,27,184,0.7583230769230769,0.002561538461538462,0.8833307692307693,873.8053846153846,0.0,0.3685,0.0,ces
MTX196801918,1,4,0,1,1,0,15,105,0.8140000000000001,0.01,0.892,396.2,0.0,0.39374000000000003,0.0,ces
MTX196900057,31,31,1,8,0,3,318,1935,0.7882307692307692,0.028284615384615384,0.959851282051282,260.1187179487179,0.1794871794871795,0.39413076923076923,0.0,ces
MTX196901633,1,5,2,2,2,0,43,313,0.8058571428571428,0.006342857142857143,0.9467428571428572,4018.714285714286,0.14285714285714285,0.38830000000000003,0.0,ces
MTX196902540,92,22,1,2,0,0,210,1278,0.8460208333333333,0.0086875,0.97695,87.0,0.041666666666666664,0.390125,0.0,ces
MTX196902798,12,5,5,22,25,5,147,686,0.6227037037037036,0.027274074074074072,0.8810703703703704,1909.5507407407408,0.1111111111111111,0.36215925925925924,0.0,ces
MTX196902800,548,0,1,1,0,4,10,32,0.5428,0.135,0.75,486.0,0.0,0.5714,0.0,ces
MTX196902801b,201,0,0,0,2,0,0,0,,,,,,,,
MTX197001029,48,1,2,2,0,0,7,38,0.6735666666666668,0.0,0.9983000000000001,2787.0400000000004,0.0,0.37776666666666664,0.0,ces
MTX197002947,23,3,1,1,0,0,32,183,0.8119,0.00625,0.952875,123.9375,0.0,0.381125,0.0,ces
MTX197101416,55,0,0,1,0,0,7,28,0.6474,0.0,0.75,46.0,0.0,0.4,0.0,ces
MTX197102018,76,26,20,14,3,0,212,1482,0.775135,0.0038900000000000002,0.9069274999999999,98.809,0.05,0.28407,0.0,ces
MTX197102280a,7,3,3,1,0,0,12,71,0.7848999999999999,0.0,0.9375,38.7175,0.0,0.37115,0.0,ces
MTX197200133,329,1,2,0,2,0,2,7,0.7104,0.0,0.956,90.0,0.0,0.3333,0.0,ces
MTX197200475,121,24,0,3,0,0,200,1197,0.8143296296296296,0.004962962962962963,0.9750629629629629,447.01407407407413,0.0,0.41254444444444444,0.0,ces
MTX197201066,21,23,2,5,0,0,203,1253,0.8072535714285715,0.0037892857142857142,0.9643392857142857,548.2328571428571,0.0,0.40519285714285713,0.0,ces
MTX197201928,95,20,13,15,13,2,176,1055,0.7515628571428572,0.01231142857142857,0.9105514285714286,169.41285714285715,0.08571428571428572,0.29558,0.0,ces
MTX197202075,162,30,1,10,5,4,256,1704,0.782085,0.012289999999999999,0.9381299999999999,296.31875,0.0,0.377765,0.0,ces
MTX197202075c,37,0,0,1,0,0,5,13,0.5664,0.1,0.9628,356.0,0.0,0.3333,0.0,ces
MTX197300386a,152,0,4,1,4,0,1,3,0.5958,0.0,0.75,36.25,0.0,0.0,0.0,ces
MTX197301738,2,17,4,2,0,0,167,1116,0.8509263157894736,0.006410526315789474,0.9650842105263159,231.31578947368422,0.05263157894736842,0.3979578947368421,0.0,ces
MTX197302498,224,2,1,0,0,0,10,48,0.7227,0.0,0.75,64.875,0.0,0.3077,0.0,ces
MTX197400069,219,18,3,5,0,1,190,1152,0.8222913043478262,0.010143478260869565,0.9515826086956523,153.95652173913044,0.13043478260869565,0.3992739130434783,0.0,ces
MTX197400250,39,1,0,1,1,0,7,48,0.6917,0.0,0.87495,3930.5,0.0,0.43095,0.0,ces
MTX197402223,22,1,6,3,1,9,9,38,0.56335,0.0,0.9520500000000001,8185.75,0.0,0.682075,0.0,ces
MTX197402691c,16,3,3,2,0,0,15,75,0.7184200000000001,0.025,0.8581199999999999,111.874,0.0,0.42666000000000004,0.2,ces
MTX197500983,51,20,12,25,2,1,186,1049,0.6946022222222222,0.0020377777777777777,0.8497733333333334,138.192,0.022222222222222223,0.19781555555555555,0.0,ces
MTX197501658,13,25,2,3,0,0,196,1163,0.8077857142857142,0.0,0.9621678571428571,245.12964285714287,0.0,0.39736071428571434,0.0,ces
MTX197600712,61,3,1,0,0,0,11,48,0.7182,0.0,0.8933333333333332,78.5,0.0,0.3555333333333333,0.0,ces
MTX197601190,282,1,2,1,2,1,19,105,0.75585,0.01785,0.9948,326.5,0.5,0.3625,0.0,ces
MTX197602349,102,26,1,2,0,0,253,1561,0.8617964285714285,0.0060857142857142854,0.9947678571428572,120.46428571428571,0.03571428571428571,0.41499642857142854,0.0,ces
MTX197700727,84,1,0,0,1,0,2,8,0.7264,0.0,0.75,158.0,0.0,0.25,0.0,ces
MTX197700852,26,21,4,6,1,1,183,1144,0.7915296296296297,0.015314814814814814,0.9609518518518518,316.71259259259256,0.0,0.3816777777777778,0.0,ces
MTX197701950,110,1,0,1,0,0,4,28,0.6709499999999999,0.0,0.75,275.0,0.0,0.37255,0.0,ces
MTX197701983,206,2,2,1,1,0,20,97,0.7492333333333333,0.0218,0.8982333333333333,82.5,0.3333333333333333,0.3615,0.0,ces
MTX197800407,13,8,1,6,1,0,104,535,0.7472928571428571,0.023107142857142857,0.9092285714285715,442.75,0.0,0.4048214285714286,0.0,ces
MTX197801725,227,1,1,1,0,0,8,53,0.7093,0.0,0.84175,62.94,0.0,0.1724,0.0,ces
MTX197801893,143,26,4,7,0,0,259,1585,0.8039939393939394,0.003963636363636364,0.9440181818181818,148.46212121212122,0.0,0.35536666666666666,0.0,ces
MTX197801896,751,2,4,4,2,0,22,127,0.6715166666666667,0.010416666666666666,0.8157666666666668,75.95833333333333,0.0,0.4214,0.3333333333333333,ces
MTX197900600d,40,0,0,0,1,0,0,0,,,,,,,,
MTX197901684a,153,2,7,2,6,0,13,74,0.6758,0.0125,0.92145,678.625,0.25,0.45504999999999995,0.25,ces
MTX197902084,126,2,5,3,5,0,14,76,0.7222,0.0,0.8321400000000001,1582.55,0.0,0.37438,0.0,ces
MTX198000059,2,15,4,1,8,1,42,260,0.81575,0.003125,0.8839375,231.34375,0.0625,0.3939125,0.0,ces
MTX198000767,377,0,0,1,0,0,1,2,0.5992,0.0,0.75,14.25,0.0,0.0,0.0,ces
MTX198001743,2,26,2,2,0,0,340,2119,0.8447464285714286,0.0042107142857142855,0.9921,432.17857142857144,0.10714285714285714,0.4076607142857143,0.0,ces
MTX198001789,438,3,5,4,2,0,21,110,0.6989285714285715,0.01667142857142857,0.8915428571428572,3349.1071428571427,0.0,0.3699,0.0,ces
MTX198101596,13,26,0,2,0,0,245,1573,0.8371964285714286,0.0059499999999999996,0.9685107142857143,168.22785714285715,0.0,0.4094857142857143,0.0,ces
MTX198101596b,42,3,1,0,0,0,23,116,0.7848999999999999,0.07023333333333333,0.8653,131.58333333333334,0.0,0.3941333333333333,0.0,ces
MTX198200359a,100,0,1,2,1,0,12,60,0.6573,0.07085,0.8665,145.25,0.0,0.35509999999999997,0.0,ces
MTX198201507b,45,0,0,1,0,0,1,5,0.5986,0.0,0.75,32.0,0.0,0.0,0.0,ces
MTX198300332,188,1,0,0,0,0,9,46,0.7416,0.0,0.75,58.0,0.0,0.3913,0.0,ces
MTX198300874a,2,4,5,2,3,0,16,110,0.83285,0.0,0.9270666666666667,775.9583333333334,0.0,0.43884999999999996,0.16666666666666666,ces
MTX198301561,6,1,0,0,0,0,6,39,0.8201,0.0,0.7678,43.25,0.0,0.3929,0.0,ces
MTX198401242,33,21,3,5,1,0,168,1039,0.8045346153846153,0.013011538461538462,0.9549807692307692,186.625,0.15384615384615385,0.4038346153846154,0.0,ces
MTX198401561,118,31,2,5,1,1,275,1670,0.8180972222222223,0.004991666666666667,0.9636750000000001,156.49305555555554,0.0,0.37273055555555556,0.027777777777777776,ces
MTX198500418,3,1,0,0,0,0,12,64,0.7444,0.0208,0.9994,93.0,1.0,0.4,0.0,ces
MTX198501579a,26,7,2,1,2,0,22,135,0.7630625,0.0,0.8877625,390.78125,0.0,0.35438749999999997,0.0,ces
MTX198501580,558,0,0,1,0,0,3,11,0.4928,0.0,0.75,7136.0,0.0,0.2857,0.0,ces
MTX198501581c,200,0,5,5,4,9,18,75,0.51338,0.02666,0.81212,22059.2,0.2,0.39438,0.0,ces
MTX198501738,5,2,0,2,0,0,39,253,0.735825,0.009649999999999999,0.767075,227.75,0.0,0.40245,0.0,ces
MTX198502051,1,5,6,4,0,0,27,177,0.7765666666666666,0.013333333333333332,0.9620888888888888,6903.5,0.0,0.3377444444444444,0.3333333333333333,ces
MTX198600160,26,14,0,0,1,2,106,674,0.84175,0.004285714285714286,0.9748285714285715,105.25,0.0,0.3907428571428571,0.0,ces
MTX198601244,2,10,5,8,7,0,50,304,0.7576055555555555,0.001388888888888889,0.9118111111111111,15309.138888888889,0.0,0.39033888888888885,0.0,ces
MTX198700603,108,2,0,0,0,0,10,65,0.7686,0.0,0.9816499999999999,110.5,0.0,0.35755,0.0,ces
MTX198701325a,78,0,0,0,2,0,0,0,,,,,,,,
MTX198701536,109,0,1,2,0,0,12,49,0.5761000000000001,0.08885,0.8744000000000001,9187.0,0.0,0.40590000000000004,0.0,ces
MTX198701989,296,1,0,1,0,0,11,82,0.6799,0.00715,0.8263499999999999,118.875,0.0,0.3231,0.0,ces
MTX198800750,235,0,1,0,1,2,0,0,,,,,,,,
MTX198801710,14,0,0,3,0,1,8,42,0.6122,0.027766666666666665,0.8525333333333333,7121.75,0.0,0.4428666666666667,0.3333333333333333,ces
MTX198901330,16,2,0,0,0,0,10,66,0.8167500000000001,0.0,0.97845,296.5,0.0,0.3695,0.0,ces
MTX198901502,31,1,1,0,2,0,8,39,0.7255,0.0562,0.75,346.0,0.0,0.3636,0.0,ces
MTX199000167,191,3,1,0,0,0,15,82,0.777,0.0,0.9089,97.33333333333333,0.0,0.416,0.0,ces
MTX199000593,17,16,22,20,9,8,36,195,0.7127222222222223,0.0,0.8262638888888889,31364.796944444442,0.0,0.2689111111111111,0.0,ces
MTX199001457,3,12,1,1,0,0,113,722,0.856976923076923,0.006838461538461539,0.9810384615384616,138.25923076923075,0.15384615384615385,0.39855384615384615,0.0,ces
MTX199001523,133,2,4,4,1,0,29,150,0.73285,0.0,0.9471666666666666,323.48,0.0,0.41586666666666666,0.0,ces
MTX199100076,38,1,0,0,0,0,7,39,0.7221,0.0,0.9662,99.0,0.0,0.3636,0.0,ces
MTX199100250,360,27,1,1,0,0,198,1159,0.8025892857142857,0.0,0.9719928571428572,168.39285714285714,0.0,0.3994714285714286,0.0,ces
MTX199100271,13,18,7,4,4,1,88,565,0.7760636363636363,0.002272727272727273,0.8502454545454546,257.43136363636364,0.0,0.4047636363636364,0.0,ces
MTX199100873,34,6,1,3,1,1,71,431,0.7715555555555556,0.015122222222222223,0.9805222222222222,408.7077777777778,0.0,0.41126666666666667,0.0,ces
MTX199100984,97,1,0,1,0,0,7,40,0.6808000000000001,0.0,0.75,18.46,0.0,0.1842,0.0,ces
MTX199101349,11,1,1,0,1,0,4,17,0.7463,0.0,0.9944,44.5,0.0,0.3636,0.0,ces
MTX199200009,114,3,4,1,0,1,11,62,0.7208,0.0,0.82725,49.375,0.0,0.297975,0.0,ces
MTX199200226,81,1,0,0,0,0,10,59,0.7773,0.0,0.8503,40.0,0.0,0.375,0.0,ces
MTX199200870,4,1,0,1,0,0,10,57,0.7322,0.06,0.9978,110.5,0.0,0.32455,0.0,ces
MTX199201450,67,18,24,7,0,0,181,953,0.750236,0.011503999999999999,0.950376,131.7048,0.0,0.353868,0.04,ces
MTX199300016,8,29,2,0,1,0,233,1554,0.8513896551724138,0.006531034482758621,0.9879103448275862,101.17655172413792,0.0,0.4178896551724138,0.034482758620689655,ces
MTX199300446,33,1,2,3,0,0,16,126,0.7066749999999999,0.015625,0.930525,9361.0,0.25,0.45420000000000005,0.0,ces
MTX199400046,83,4,7,8,3,2,29,157,0.7144416666666666,0.004166666666666667,0.9498916666666667,2531.625,0.0,0.3081916666666667,0.0,ces
MTX199400464,180,1,0,1,0,0,15,63,0.65815,0.0,0.75,23.75,0.0,0.14815,0.0,ces
MTX199400522,58,34,0,0,0,0,276,1638,0.8279970588235295,0.011214705882352943,0.9906411764705884,150.60647058823528,0.0,0.4048558823529412,0.0,ces
MTX199400525,33,11,2,0,0,0,84,587,0.8624181818181818,0.008018181818181818,0.9856090909090909,119.88636363636364,0.09090909090909091,0.39078181818181823,0.0,ces
MTX199500404,14,1,1,1,2,0,12,55,0.60715,0.0,0.87425,5476.0,0.0,0.45589999999999997,0.0,ces
MTX199500805,1,8,8,9,2,0,42,285,0.7153647058823529,0.009311764705882353,0.9266352941176471,22725.279411764706,0.058823529411764705,0.32434705882352943,0.17647058823529413,ces
MTX199600716,30,0,0,0,1,0,0,0,,,,,,,,
MTX199700250,67,41,6,11,0,1,379,2453,0.8094173076923077,0.004790384615384615,0.9066326923076923,372.4015384615385,0.0,0.401675,0.0,ces
MTX199700453a,148,4,3,0,1,2,17,126,0.76665,0.0125,0.928625,78.5625,0.0,0.41462499999999997,0.0,ces
MTX199700849,476,3,2,0,2,0,14,89,0.7683,0.0,0.8273666666666667,208.83333333333334,0.0,0.40546666666666664,0.0,ces
MTX199800292,5,42,4,1,1,0,486,3111,0.8755162790697674,0.01013953488372093,0.9930883720930234,61.72093023255814,0.046511627906976744,0.4088953488372093,0.0,ces
MTX199800736,91,31,25,37,29,6,319,1760,0.7075676470588236,0.005185294117647059,0.860735294117647,1903.4595588235295,0.0,0.35598823529411766,0.0,ces
MTX199801049,4,21,5,1,0,1,254,1647,0.8692136363636362,0.003422727272727273,0.9883500000000001,64.16409090909092,0.09090909090909091,0.40128181818181824,0.0,ces
MTX199900132,44,2,2,3,1,1,20,99,0.66856,0.0,0.86296,174.95,0.0,0.26417999999999997,0.6,ces
MTX199900307a,65,1,2,0,2,0,2,7,0.7115,0.0,0.984,84.5,0.0,0.3333,0.0,ces
MTX199900717,46,4,67,302,44,34,357,1142,0.5722313725490196,0.0,0.7617839869281046,1661.9413725490197,0.0,0.06354052287581699,0.0,ces
MTX200000113,9,3,1,31,56,19,480,2061,0.5891088235294117,0.09075294117647059,0.8141088235294118,1320.1911764705883,1.1764705882352942,0.3070235294117647,0.029411764705882353,ces
MTX200000536,2,23,77,100,30,21,241,1278,0.6365788617886179,0.002343089430894309,0.8462121951219512,3734.9139024390247,0.0,0.2681829268292683,0.42276422764227645,ces
MTX200001167,2,23,64,107,28,11,241,1283,0.6375492307692308,0.002793846153846154,0.8317792307692308,4895.420538461539,0.0,0.27137538461538463,0.4307692307692308,ces
MTX200001799,143,3,1,0,0,0,7,56,0.8011666666666667,0.05833333333333333,0.9115000000000001,60.0,0.0,0.3844,0.0,ces
MTX200100419,433,25,3,1,4,1,174,1050,0.820873076923077,0.0,0.9710615384615384,215.84115384615384,0.0,0.3802692307692308,0.0,ces
MTX200100935,50,46,0,12,0,0,505,3317,0.8108000000000001,0.0015051724137931034,0.9740137931034483,596.3212068965518,0.05172413793103448,0.3863051724137931,0.0,ces
MTX200101703,14,17,15,7,7,2,103,628,0.7751625,0.008391666666666667,0.9099833333333334,1204.6195833333334,0.041666666666666664,0.40302083333333333,0.0,ces
MTX200200340,3,14,62,48,13,47,114,677,0.6576661290322581,0.0003532258064516129,0.8204225806451613,3553.1477419354837,0.0,0.27337096774193553,0.41935483870967744,ces
MTX200200528,1,18,21,35,9,7,247,1531,0.6912094339622641,0.02087169811320755,0.9087566037735849,20153.944528301887,0.11320754716981132,0.4056792452830189,0.32075471698113206,ces
MTX200201315,45,0,30,3,11,47,4,10,0.47293333333333337,0.0,0.8943,147524.66666666666,0.0,0.11109999999999999,0.0,ces
MTX200202203,11,49,3,26,16,0,427,2505,0.7350813333333334,0.007496,0.902492,63.46146666666666,0.0,0.2785266666666667,0.0,ces
MTX200300079,3,19,23,9,7,0,71,443,0.8031678571428572,0.005178571428571428,0.9110928571428571,958.4907142857143,0.0,0.42736428571428575,0.07142857142857142,ces
MTX200300579,16,6,5,3,2,7,29,182,0.7679333333333334,0.0,0.8783666666666666,387.7166666666667,0.0,0.30223333333333335,0.0,ces
MTX200300787,47,0,0,1,0,0,2,6,0.6746,0.125,0.75,115.5,0.0,0.3333,1.0,ces
MTX200301805,29,36,50,78,58,101,150,662,0.6657447368421052,0.016118421052631577,0.7784315789473685,940.2673684210527,0.0,0.16670263157894738,0.13157894736842105,ces
MTX200400110,32,17,71,211,135,118,383,1930,0.639121052631579,0.01736140350877193,0.8103750000000001,1841.1819298245614,0.0,0.2917921052631579,0.0,ces
MTX200400400a,62,2,3,0,2,1,4,19,0.7261,0.0,0.9654,53.94,0.0,0.38095,0.0,ces
MTX200400401a,128,27,2,6,0,0,247,1532,0.8026454545454546,0.01662121212121212,0.9590727272727273,664.7348484848485,0.030303030303030304,0.34162424242424244,0.06060606060606061,ces
MTX200400533,2,37,55,94,20,11,240,1383,0.654885496183206,0.00010076335877862596,0.8310725190839695,2015.8772519083968,0.0,0.2679213740458016,0.4122137404580153,ces
MTX200401458,4,24,7,2,0,0,239,1604,0.8411846153846153,0.0034653846153846154,0.9697884615384615,153.8703846153846,0.0,0.42830384615384615,0.0,ces
MTX200401658,114,50,1,11,0,1,412,2718,0.8167475409836065,0.0,0.9420852459016393,126.20081967213115,0.0,0.3580032786885246,0.0,ces
MTX200401675,7,46,2,3,1,2,563,3479,0.850738775510204,0.007381632653061225,0.977461224489796,129.47979591836736,0.0,0.4105591836734694,0.0,ces
MTX200401706,14,36,2,1,0,0,438,2883,0.8746081081081082,0.0031216216216216216,0.990045945945946,50.384864864864866,0.0,0.4063837837837838,0.0,ces
MTX200401801,348,21,87,151,41,123,187,952,0.6130604651162791,0.005087209302325582,0.807510465116279,18771.640872093023,0.0,0.143675,0.01744186046511628,ces
MTX200401861,50,71,8,11,0,0,373,2602,0.8173658536585366,0.0,0.9331036585365854,176.1698780487805,0.0,0.3630646341463415,0.0,ces
MTX200401880,38,46,2,14,1,0,324,2179,0.7877633333333333,0.0,0.8991633333333334,398.7176666666667,0.05,0.35505333333333333,0.0,ces
MTX200402068,3,15,43,49,9,11,118,727,0.6535515625,0.0031249999999999997,0.8198328125,1432.4671875,0.0625,0.272,0.390625,ces
MTX200403139,174,21,4,26,0,0,351,1741,0.7313914893617021,0.006595744680851064,0.9092851063829788,201.12234042553192,0.0,0.37542340425531917,0.0,ces
MTX200500198,1,27,6,18,15,5,191,1141,0.7535844444444444,0.006955555555555556,0.9166666666666666,1181.6375555555555,0.0,0.42446666666666666,0.37777777777777777,ces
MTX200500291b,31,1,1,1,0,0,9,51,0.7269,0.05835,0.875,383.125,0.0,0.4143,0.0,ces
MTX200500693,164,1,2,0,0,2,7,41,0.8325,0.0,0.9998,16.38,0.0,0.44,0.0,ces
MTX200501225,8,14,3,10,4,0,99,684,0.7922375,0.0,0.9538375,425.26500000000004,0.0,0.36307500000000004,0.0,ces
MTX200501524,8,27,1,2,0,0,288,1979,0.879803448275862,0.0024551724137931033,0.9975172413793104,99.05172413793103,0.034482758620689655,0.40048275862068966,0.0,ces
MTX200501539,131,18,16,15,6,0,113,741,0.7167787878787879,0.0017666666666666666,0.8499636363636364,704.1596969696969,0.030303030303030304,0.32162121212121214,0.030303030303030304,ces
MTX200501547,6,24,4,3,2,0,265,1872,0.8552333333333334,0.0036740740740740744,0.9821,136.7151851851852,0.0,0.41124074074074074,0.0,ces
MTX200502404,2,23,61,95,8,11,242,1360,0.6363237288135594,0.00011186440677966102,0.8255771186440678,1182.8631355932205,0.06779661016949153,0.2683822033898305,0.4152542372881356,ces
MTX200502455,20,2,1,3,0,0,16,87,0.70872,0.025,0.9185399999999999,1464.25,0.0,0.35834,0.0,ces
MTX200502893,14,24,130,57,65,58,177,973,0.6603666666666667,0.0014407407407407407,0.8296987654320989,283.53395061728395,0.0,0.1690320987654321,0.0,ces
MTX200503536,1,27,31,28,38,10,234,1413,0.7285509090909091,0.007200000000000001,0.8883163636363636,834.4721818181819,0.0,0.4226909090909091,0.4909090909090909,ces
MTX200600076,132,1,0,0,0,0,2,7,0.7183,0.0,0.9467,50.5,0.0,0.3333,0.0,ces
MTX200600086b,412,12,4,6,1,0,59,401,0.7601722222222222,0.009722222222222222,0.9295000000000001,801.3716666666667,0.0,0.38905555555555554,0.0,ces
MTX200600086e,109,0,7,2,20,0,2,13,0.65425,0.0,0.87475,915.19,0.0,0.22725,0.0,ces
MTX200600094,341,31,10,21,0,0,243,1512,0.7231,0.0,0.8970461538461538,628.5792307692308,0.0,0.3230961538461538,0.0,ces
MTX200600096d,86,3,5,3,0,0,26,150,0.7026,0.029166666666666664,0.8036833333333333,70.20833333333333,0.0,0.40338333333333337,0.0,ces
MTX200600103,309,2,3,1,0,1,10,58,0.7071999999999999,0.016666666666666666,0.8219333333333333,50.0,0.0,0.4190666666666667,0.0,ces
MTX200600293,1,22,6,9,9,1,139,903,0.7834741935483871,0.011719354838709678,0.9366774193548387,840.213870967742,0.03225806451612903,0.4319516129032258,0.5161290322580645,ces
MTX200600961,1,31,21,33,11,7,322,1982,0.7219109375,0.0079984375,0.92088125,17125.83875,0.15625,0.381946875,0.265625,ces
MTX200602103,31,37,5,26,0,0,499,2589,0.7256460317460317,0.003792063492063492,0.8574285714285714,1325.1815873015873,0.015873015873015872,0.35271587301587304,0.0,ces
MTX200602114,98,30,3,5,2,3,312,1784,0.7840400000000001,0.019217142857142856,0.9027942857142857,116.86771428571429,0.0,0.41646285714285713,0.0,ces
MTX200603290,68,25,32,9,4,0,94,593,0.7490323529411764,0.005758823529411765,0.8704941176470588,640.8897058823529,0.029411764705882353,0.36866764705882354,0.0,ces
MTX200700142,28,4,5,7,1,0,22,150,0.7201363636363637,0.009090909090909092,0.8865727272727273,3543.7218181818175,0.0,0.2877272727272727,0.0,ces
MTX200700144,44,22,21,17,1,1,220,1140,0.7015410256410256,0.01412820512820513,0.888248717948718,780.4482051282051,0.5897435897435898,0.38729743589743587,0.0,ces
MTX200700153,6,25,6,2,1,0,283,1734,0.8460703703703705,0.004522222222222223,0.9691000000000001,69.67814814814814,0.0,0.4211333333333333,0.0,ces
MTX200700868,2,23,59,98,16,10,237,1348,0.6347553719008265,0.00031570247933884293,0.8275661157024793,1347.109090909091,0.03305785123966942,0.2681297520661157,0.47107438016528924,ces
MTX200702073,228,4,3,0,0,0,27,180,0.8005,0.0175,0.936875,75.5625,0.0,0.4266,0.0,ces
MTX200702090,17,28,1,1,1,0,223,1347,0.8067103448275862,0.039799999999999995,0.9190379310344828,102.31413793103448,0.0,0.4136482758620689,0.0,ces
MTX200702108,353,1,7,2,20,0,8,58,0.6993333333333333,0.019433333333333334,0.9149333333333334,1050.3333333333333,0.0,0.2626,0.0,ces
MTX200702141,165,41,21,6,3,12,408,2660,0.8245170212765957,0.006165957446808511,0.9760340425531916,193.40659574468086,0.0,0.3882829787234043,0.02127659574468085,ces
MTX200702619,258,0,0,1,0,0,8,42,0.6876,0.075,0.75,93.0,0.0,0.4118,0.0,ces
MTX200702621a,186,55,43,57,31,6,389,2184,0.7132348214285714,0.0007437499999999999,0.8463991071428572,1190.4704464285714,0.0,0.37520625,0.0,ces
MTX200702623,13,20,10,15,11,6,124,813,0.7456542857142857,0.01753714285714286,0.9171142857142858,1842.7894285714287,0.02857142857142857,0.41798,0.37142857142857144,ces
MTX200703382,111,1,0,0,0,0,12,77,0.8388,0.0292,0.75,58.0,0.0,0.38,0.0,ces
MTX200704028,10,1,0,0,0,0,15,77,0.8046,0.05,0.9984,34.25,1.0,0.4375,0.0,ces
MTX200800281,1,24,10,9,1,8,130,827,0.7864030303030303,0.005630303030303031,0.9032484848484847,567.469696969697,0.06060606060606061,0.4111848484848485,0.030303030303030304,ces
MTX200800736,74,1,1,0,0,1,9,58,0.7748,0.0667,0.8011,61.75,0.0,0.4483,0.0,ces
MTX200800782,2,24,60,102,15,8,239,1347,0.6336484126984127,0.00010476190476190476,0.8121007936507936,1355.6914285714286,0.031746031746031744,0.2613190476190476,0.4365079365079365,ces
MTX200801100,328,24,89,129,39,95,161,666,0.6439895424836601,0.0,0.7664071895424837,6770.087058823529,0.0,0.09308562091503268,0.026143790849673203,ces
MTX200801102b,45,0,1,1,1,8,7,23,0.6507,0.0,0.75,72.5,1.0,0.2857,0.0,ces
MTX200801118,129,21,19,32,20,2,118,668,0.7188320754716981,0.0,0.9475754716981132,9073.768679245282,0.0,0.3531509433962264,0.018867924528301886,ces
MTX200802714,2,10,2,5,0,2,77,527,0.7776866666666666,0.003726666666666667,0.9231066666666667,459.9873333333333,0.13333333333333333,0.35580666666666666,0.0,ces
MTX200803221,71,5,1,5,0,0,65,367,0.71539,0.04973999999999999,0.9464500000000001,95.063,0.0,0.37131000000000003,0.0,ces
MTX200803225,56,23,16,45,6,5,325,1686,0.6800676470588235,0.00042058823529411764,0.8763676470588235,1566.8326470588236,0.0,0.36859117647058826,0.0,ces
MTX200803245,74,9,5,0,0,0,65,384,0.8202,0.01967777777777778,0.9516222222222223,108.48555555555555,0.0,0.44505555555555554,0.0,ces
MTX200803251,361,17,65,165,26,25,278,1478,0.6157818681318681,0.0002357142857142857,0.7988675824175824,28175.78258241758,0.0,0.11111373626373626,0.0,ces
MTX200803278,73,26,3,18,40,39,225,1317,0.7391363636363636,0.002727272727272727,0.9539977272727274,9817.585227272728,0.0,0.38532727272727274,0.0,ces
MTX200803303,160,5,4,0,1,0,21,126,0.7306,0.0,0.8,42.6,0.0,0.39821999999999996,0.0,ces
MTX200804144,92,1,7,1,1,18,3,12,0.67625,0.0,0.75,23.825,0.0,0.14285,0.0,ces
MTX200804148,405,12,9,25,2,2,92,558,0.7094972972972973,0.0,0.8874567567567568,31500.493513513513,0.0,0.3423918918918919,0.0,ces
MTX200900095,84,1,2,3,0,0,15,63,0.593475,0.021875,0.9358,622.625,0.0,0.31875,0.5,ces
MTX200900293,2,27,43,96,11,11,235,1356,0.6428520325203253,0.0017333333333333333,0.8222292682926828,1300.3320325203251,0.07317073170731707,0.2717780487804878,0.43089430894308944,ces
MTX200900793,7,1,0,0,0,0,10,53,0.7702,0.025,1.0,44.5,0.0,0.4839,0.0,ces
MTX200901346,1,21,18,12,2,7,115,726,0.7744,0.0011212121212121214,0.9208363636363636,1187.159090909091,0.030303030303030304,0.36715454545454546,0.0,ces
MTX200901944,636,39,33,21,2,0,203,1250,0.7512433333333333,0.009333333333333332,0.8753016666666666,860667.4198333333,0.016666666666666666,0.3762183333333333,0.0,ces
MTX200901982,73,2,1,3,0,0,19,120,0.71262,0.0,0.85,78700.5,0.0,0.32028,0.0,ces
MTX200902974,35,36,4,30,3,0,472,2356,0.7095621212121213,0.00786060606060606,0.8586954545454546,890.1951515151516,0.0,0.3507969696969697,0.0,ces
MTX200902985,153,2,0,0,0,0,33,167,0.7299,0.11829999999999999,0.9913000000000001,179.0,0.0,0.3502,0.0,ces
MTX200902990,54,24,67,77,76,76,121,577,0.6631346534653466,0.0,0.7887188118811881,45578.51643564356,0.0,0.2509475247524753,0.04950495049504951,ces
MTX200903336,72,1,2,3,1,0,17,102,0.64325,0.095,0.80175,43.625,0.0,0.270825,0.0,ces
MTX200904040,143,43,108,100,116,105,284,1753,0.684820979020979,0.0006993006993006993,0.8458776223776223,1553.3857342657343,0.0,0.20395244755244754,0.006993006993006993,ces
MTX200904043,378,23,2,9,1,0,252,1581,0.766409375,0.006315625,0.940746875,632.125,0.0,0.40585625000000003,0.0,ces
MTX200904236,7,29,5,3,0,0,290,1878,0.83419375,0.00626875,0.987775,166.634375,0.0,0.406246875,0.0,ces
MTX200905203,1,22,11,8,3,0,110,754,0.80248,0.0025433333333333336,0.9462633333333332,530.4873333333334,0.03333333333333333,0.38334666666666667,0.03333333333333333,ces
MTX200906190,28,2,2,0,0,1,8,37,0.7653,0.0,0.899,107.75,0.0,0.39165,0.5,ces
MTX201000207,182,2,1,0,0,0,32,177,0.7867999999999999,0.0078,0.9978,43.75,0.0,0.32989999999999997,0.0,ces
MTX201000399b,194,32,1,2,1,0,270,1565,0.7773558823529412,0.02141764705882353,0.9296558823529412,41.18088235294118,0.0,0.3774,0.0,ces
MTX201000929,3,23,42,42,11,8,113,676,0.6764523076923077,0.001346153846153846,0.8369476923076924,4193.244615384616,0.0,0.25192461538461536,0.3230769230769231,ces
MTX201001388a,126,6,8,9,3,0,25,143,0.73802,0.0,0.8746266666666667,3960.666666666667,0.0,0.2970466666666667,0.06666666666666667,ces
MTX201001395,56,2,3,2,0,0,23,115,0.7015750000000001,0.03125,0.816125,54.72,0.0,0.265425,0.0,ces
MTX201001397b,140,5,6,9,2,0,24,141,0.7283285714285714,0.0,0.8949714285714286,2850.625,0.0,0.3037,0.07142857142857142,ces
MTX201001846,38,2,1,2,0,0,28,165,0.760125,0.03125,0.875,32.44,0.0,0.282675,0.0,ces
MTX201001860,47,0,0,1,0,0,3,19,0.6085,0.0,1.0,1456.0,0.0,0.5,0.0,ces
MTX201002246,6,3,3,1,1,0,24,155,0.7893,0.00695,0.998375,536.595,0.0,0.42362500000000003,0.5,ces
MTX201003705,24,20,27,14,4,2,108,696,0.7503264705882353,0.0026941176470588234,0.8547941176470588,1578.22,0.0,0.32144117647058823,0.0,ces
MTX201004351,84,39,8,29,3,0,432,2349,0.7234632352941177,0.00585,0.8650323529411765,1306.1398529411763,0.04411764705882353,0.3432514705882353,0.0,ces
MTX201004357,472,1,0,0,0,0,2,7,0.7203,0.0,0.75,40.5,0.0,0.3333,0.0,ces
MTX201100103,3,22,34,44,11,5,113,639,0.6663833333333333,0.0018181818181818182,0.8356121212121211,4044.882575757576,0.015151515151515152,0.25147424242424243,0.3181818181818182,ces
MTX201100525,58,3,1,3,2,0,18,113,0.6953,0.01785,0.8273333333333334,582.5,0.3333333333333333,0.36979999999999996,0.0,ces
MTX201100900,3,22,40,47,11,10,114,658,0.6666347826086956,0.0017391304347826085,0.839095652173913,4064.873188405797,0.0,0.2509463768115942,0.30434782608695654,ces
MTX201101188,3,14,6,3,0,1,74,424,0.7551,0.037888235294117646,0.9670058823529412,248.7058823529412,0.0,0.4348941176470588,0.0,ces
MTX201101719,328,3,2,0,0,0,41,184,0.7424333333333334,0.0,0.9166666666666666,97.66666666666667,0.0,0.41566666666666663,0.0,ces
MTX201102729,27,0,0,3,0,0,3,6,0.5967,0.0,0.75,26.62,0.0,0.0,0.0,ces
MTX201103602,46,44,145,129,142,62,360,2329,0.6267086705202313,0.0,0.817078034682081,1415.8653757225434,0.0,0.19468208092485548,0.005780346820809248,ces
MTX201103614,241,23,2,4,78,0,246,1448,0.7313518518518519,0.003451851851851852,0.9665592592592593,8956.194814814815,0.0,0.32422962962962965,0.0,ces
MTX201103630,67,28,5,3,0,0,322,2072,0.8555935483870968,0.0014096774193548389,0.9761645161290322,107.72,0.0,0.4005741935483871,0.06451612903225806,ces
MTX201104541,36,1,0,1,0,0,9,52,0.683,0.0156,0.75005,118.19,0.0,0.22855,0.0,ces
MTX201200418,12,53,1,0,1,0,597,4012,0.8800358490566038,0.009460377358490566,0.9885,84.31245283018869,0.03773584905660377,0.41350000000000003,0.0,ces
MTX201200469,7,22,7,1,1,0,192,1185,0.8147043478260869,0.01001304347826087,0.9437391304347826,108.41826086956522,0.0,0.38857826086956526,0.0,ces
MTX201201726,5,5,3,2,2,0,41,284,0.7632142857142857,0.030714285714285715,0.9639571428571428,268.2857142857143,0.42857142857142855,0.4077285714285714,0.0,ces
MTX201202650,10,30,4,1,0,0,397,2468,0.860341935483871,0.009532258064516129,0.9911612903225806,94.00387096774193,0.03225806451612903,0.4142806451612903,0.0,ces
MTX201204231,120,42,23,32,25,13,164,1064,0.7442054054054054,0.004218918918918919,0.8536716216216217,7122.736486486487,0.05405405405405406,0.34184864864864867,0.0,ces
MTX201204828a,25,16,0,13,1,9,468,2402,0.755051724137931,0.07167241379310345,0.9104931034482758,89.99137931034483,0.0,0.3294551724137931,0.034482758620689655,ces
MTX201204833a,104,25,93,131,56,129,174,781,0.6290641025641026,0.0,0.8245057692307691,17806.624423076923,0.03205128205128205,0.17883076923076924,0.1794871794871795,ces
MTX201204842,6,44,3,1,1,0,496,3363,0.8644622222222221,0.011446666666666667,0.9926,58.303999999999995,0.2,0.4133933333333333,0.0,ces
MTX201204854,39,12,22,40,0,9,93,525,0.6941288461538462,0.0,0.8534076923076923,614.7742307692307,0.0,0.20473653846153847,0.0,ces
MTX201204866,57,8,2,2,0,0,53,361,0.77886,0.0,0.91235,123.68800000000002,0.0,0.36091,0.0,ces
MTX201205179,25,2,2,2,0,0,32,177,0.72325,0.03125,0.928125,273.625,0.0,0.350825,0.0,ces
MTX201300297,1,38,14,30,10,3,404,2839,0.7703514705882353,0.013913235294117646,0.946210294117647,11952.827352941176,0.10294117647058823,0.39182500000000003,0.19117647058823528,ces
MTX201300661,18,0,1,2,0,0,6,23,0.6626000000000001,0.0625,0.875,11044.25,0.0,0.3095,0.0,ces
MTX201301620,1,25,16,34,10,4,257,1553,0.729535593220339,0.006025423728813559,0.8908966101694915,8722.882033898304,0.13559322033898305,0.3871627118644068,0.288135593220339,ces
MTX201302589,101,0,219,8,67,376,13,26,0.43945,0.0625,0.8452875,1595300.25,0.0,0.1875,0.5,ces
MTX201303818,61,1,2,0,2,0,2,7,0.7191,0.0,0.9738,46.75,0.0,0.3333,0.0,ces
MTX201305328,4,6,0,3,1,0,65,422,0.8047111111111112,0.0,0.9100999999999999,905.7222222222222,0.0,0.43423333333333336,0.3333333333333333,ces
MTX201400517,10,1,1,1,0,0,11,72,0.7817000000000001,0.08195,0.875,41.875,0.0,0.37665,0.0,ces
MTX201400614,86,1,2,0,2,0,2,7,0.711,0.0,0.9624,87.0,0.0,0.3333,0.0,ces
MTX201401380,1,31,20,34,12,3,286,1793,0.7361784615384614,0.010286153846153846,0.9132138461538462,11137.898769230767,0.1076923076923077,0.39222769230769233,0.2923076923076923,ces
MTX201401561,164,41,7,35,0,0,257,1731,0.7362184210526316,0.008815789473684211,0.9334355263157895,489.4678947368421,0.0,0.35222368421052636,0.0,ces
MTX201401566,44,1,4,1,6,0,4,36,0.7487999999999999,0.0,0.90045,960.0,0.0,0.44155,0.0,ces
MTX201403246,3,21,30,38,15,5,102,597,0.6784661016949153,0.001483050847457627,0.838135593220339,4598.385254237288,0.0,0.26303050847457626,0.3559322033898305,ces
MTX201404712,1,17,12,6,4,2,106,730,0.7846608695652174,0.00492608695652174,0.9553869565217391,628.5595652173913,0.08695652173913043,0.40987826086956525,0.0,ces
MTX201406358,16,8,5,3,0,0,90,650,0.8054727272727273,0.003927272727272727,0.9326818181818181,19977.022727272728,0.09090909090909091,0.42357272727272727,0.2727272727272727,ces
MTX201501309,37,6,1,0,1,0,53,338,0.8596166666666667,0.0,0.9999333333333333,204.14499999999998,0.0,0.44805,0.0,ces
MTX201501327,69,10,13,18,9,4,42,227,0.6759035714285714,0.004464285714285714,0.843475,2342546.370714286,0.0,0.32258571428571425,0.25,ces
MTX201503703,82,8,15,27,14,18,48,264,0.6885714285714286,0.0016657142857142856,0.81184,18093.505142857146,0.0,0.25326000000000004,0.0,ces
MTX201503710,265,8,2,13,1,0,79,440,0.6916761904761904,0.044795238095238096,0.9002047619047618,150.97619047619048,0.0,0.4333571428571429,0.42857142857142855,ces
MTX201504111,38,37,1,17,1,0,495,2579,0.7619018518518518,0.007624074074074073,0.8815092592592593,182.35185185185185,0.0,0.35377777777777775,0.0,ces
MTX201504862,31,34,17,90,18,3,467,2295,0.6600862903225807,0.0021838709677419353,0.8688258064516129,1674.205564516129,0.0,0.3635790322580645,0.0,ces
MTX201505092,13,25,6,4,0,0,193,1088,0.7386724137931033,0.009610344827586208,0.9114034482758622,96.97862068965517,0.10344827586206896,0.4103103448275862,0.0,ces
MTX201505300,8,2,0,0,0,0,15,78,0.7316499999999999,0.02275,0.8883,114.5,0.0,0.38180000000000003,0.0,ces
MTX201600425,6,24,3,1,1,0,285,1813,0.88548,0.0008759999999999999,0.999988,144.1096,0.0,0.41321599999999997,0.0,ces
MTX201600519,523,67,205,127,72,74,228,1283,0.7201407216494845,0.0,0.8660391752577319,391146.1035051546,0.0,0.2956407216494846,0.005154639175257732,ces
MTX201600589,11,5,1,0,2,0,62,328,0.7923,0.033460000000000004,0.9954599999999999,45.374,0.0,0.39752,0.0,ces
MTX201600952,90,1,0,0,0,0,2,9,0.7295,0.125,1.0,22.38,0.0,0.4286,0.0,ces
MTX201601372,203,2,1,1,0,0,34,229,0.7956,0.0,0.9166666666666666,30.580000000000002,0.0,0.2806666666666667,0.0,ces
MTX201601471,8,50,1,0,1,0,582,3886,0.8843840000000001,0.00792,0.98966,61.5144,0.0,0.404398,0.0,ces
MTX201601595,10,21,5,1,0,0,218,1597,0.8844318181818182,0.006527272727272728,0.9852545454545454,63.95727272727272,0.09090909090909091,0.4076636363636364,0.0,ces
MTX201601722,407,24,72,138,59,115,172,865,0.6352179012345679,0.0,0.7700018518518519,5107.414074074074,0.0,0.163270987654321,0.043209876543209874,ces
MTX201601760,1,25,30,33,12,2,272,1671,0.7316241379310344,0.011101724137931035,0.9156965517241379,14473.544827586207,0.10344827586206896,0.3945344827586207,0.27586206896551724,ces
MTX201601915c,11,32,2,4,0,0,234,1734,0.8542722222222223,0.0018527777777777776,0.9732166666666667,269.31944444444446,0.027777777777777776,0.3875388888888889,0.0,ces
MTX201602056,16,2,16,15,0,0,22,100,0.6172764705882353,0.007352941176470588,0.75,74.05529411764707,0.0,0.0710764705882353,0.0,ces
MTX201602067,113,1,0,3,0,0,29,163,0.674575,0.040075,0.8826499999999999,427.25,0.0,0.418075,0.0,ces
MTX201602074,210,0,0,0,1,0,0,0,,,,,,,,
MTX201602119,176,35,21,14,22,3,205,1285,0.772395918367347,0.003230612244897959,0.9292510204081632,5381.3069387755095,0.0,0.3470612244897959,0.04081632653061224,ces
MTX201602136,14,19,36,46,21,20,117,723,0.6239076923076924,0.0,0.8256861538461538,1376.8970769230768,0.0,0.2265446153846154,0.0,ces
MTX201602156,58,2,2,1,0,1,13,72,0.6355666666666667,0.0,0.75,3999.5,0.0,0.23513333333333333,0.0,ces
MTX201602233,145,35,1,1,0,0,248,1685,0.8156,0.0,0.975325,100.25694444444444,0.0,0.38018611111111106,0.0,ces
MTX201602236,162,2,1,0,0,0,8,36,0.73365,0.0625,0.75,73.625,0.0,0.3,0.0,ces
MTX201602242,516,2,2,0,0,1,10,60,0.83485,0.0,0.864,67.5,0.0,0.40725,0.0,ces
MTX201602245,156,1,0,0,0,0,6,42,0.7949,0.0583,0.75,58.0,0.0,0.3636,0.0,ces
MTX201602385b,10,0,1,0,0,2,0,0,,,,,,,,
MTX201602539,61,3,4,3,0,0,43,253,0.7484833333333333,0.02426666666666667,0.9048666666666666,99.47833333333334,0.0,0.3435166666666667,0.0,ces
MTX201602624,47,1,4,1,5,0,4,35,0.7556499999999999,0.0,0.9996,921.625,0.0,0.41955,0.0,ces
MTX201602681,7,19,4,2,1,0,176,1301,0.8570190476190476,0.002380952380952381,0.9564904761904762,99.9852380952381,0.0,0.40131428571428573,0.0,ces
MTX201602909,223,1,0,0,0,0,2,7,0.7206,0.0,0.75,39.25,0.0,0.3333,0.0,ces
MTX201602926,137,4,4,1,0,0,35,201,0.739,0.0,0.91096,173.15,0.0,0.36242,0.0,ces
MTX201603040,81,4,1,0,0,0,21,133,0.78525,0.01875,0.9903,93.3125,0.0,0.40315,0.0,ces
MTX201603221,75,1,2,2,0,3,7,37,0.6509333333333333,0.0,0.884,240.33333333333334,0.0,0.23929999999999998,0.3333333333333333,ces
MTX201603369,1,3,5,4,0,0,22,128,0.7444714285714286,0.024999999999999998,0.8530571428571428,204.42285714285714,0.0,0.3574285714285714,0.14285714285714285,ces
MTX201603513,3,23,12,12,6,3,108,674,0.784162857142857,0.00524,0.9072399999999999,6599.610571428571,0.0,0.38273714285714283,0.0,ces
MTX201604191,8,11,1,1,4,0,108,751,0.8145000000000001,0.0015999999999999999,0.9519500000000001,71.50583333333333,0.0,0.35989999999999994,0.0,ces
MTX201604593,1,27,11,31,12,7,295,1912,0.7290413793103447,0.020999999999999998,0.9110948275862069,15403.821896551724,0.10344827586206896,0.39164310344827585,0.2413793103448276,ces
MTX201604986,737,34,37,46,9,13,399,2138,0.6997925,0.012769999999999998,0.8569962500000001,755.462125,0.05,0.36859875,0.0,ces
MTX201605117,50,42,39,84,55,39,373,2021,0.6768928571428572,0.0004063492063492063,0.8485301587301587,18322.619682539684,0.0,0.35032857142857143,0.0,ces
MTX201605330,189,44,83,130,40,102,201,842,0.6569350574712643,0.014367816091954023,0.8041781609195402,3896.587413793103,0.0,0.16154195402298852,0.0,ces
MTX201605422,2,8,24,13,10,17,37,215,0.6695238095238095,0.005952380952380952,0.8502857142857143,2325.2976190476193,0.0,0.20623333333333332,0.047619047619047616,ces
MTX201606181b,30,2,2,1,0,0,15,103,0.7392333333333333,0.07776666666666666,0.9724,99.66666666666667,0.0,0.4408,0.0,ces
MTX201700021,93,1,0,1,0,0,10,44,0.6831499999999999,0.0469,0.9768,70.75,0.0,0.3137,0.0,ces
MTX201700057,71,0,302,1,248,407,1,2,0.5993,0.0,0.75,13.56,0.0,0.0,0.0,ces
MTX201700087,57,14,17,4,8,3,40,278,0.7877888888888889,0.002161111111111111,0.9080222222222223,469.5938888888889,0.0,0.3497222222222222,0.05555555555555555,ces
MTX201700255,31,1,0,1,0,0,16,117,0.75295,0.05545,0.96795,193.25,0.0,0.377,0.0,ces
MTX201700454,43,1,297,7,28,543,22,110,0.5832625,0.0008375,0.7926124999999999,25.99625,0.0,0.034575,0.0,ces
MTX201700488,79,4,143,218,3,548,250,1103,0.6020252252252252,0.00022522522522522523,0.7668193693693693,38.824909909909906,0.0,0.008549099099099098,0.0,ces
MTX201700490,129,24,78,132,60,100,162,694,0.6437102564102565,0.0007211538461538462,0.7738179487179487,97813.72205128205,0.0,0.12391602564102563,0.01282051282051282,ces
MTX201700490,1129,25,61,125,44,122,156,729,0.647342,0.00075,0.7575166666666666,2521293.3540000003,0.0,0.124706,0.0,ces
MTX201700491,903,33,65,103,65,40,344,1897,0.6588235294117647,0.00014705882352941178,0.8419073529411765,12278.031176470588,0.022058823529411766,0.3405933823529412,0.0,ces
MTX201700492,480,47,19,50,7,0,456,2477,0.7145711340206186,0.003372164948453608,0.8902154639175257,1430.7719587628867,0.0,0.34399587628865985,0.0,ces
MTX201700495,25,1,0,0,1,0,12,86,0.8565,0.0208,0.9981,33.75,0.0,0.375,0.0,ces
MTX201700519,23,1,0,0,0,0,7,32,0.717,0.0,1.0,93.0,0.0,0.4,0.0,ces
MTX201700545,116,40,9,28,0,0,339,2147,0.7317367647058823,0.006422058823529412,0.843439705882353,732.2608823529412,0.014705882352941176,0.323675,0.0,ces
MTX201700553,91,5,3,2,0,0,43,296,0.7749857142857143,0.0,0.9269142857142858,85.57142857142857,0.0,0.33584285714285717,0.0,ces
MTX201700584,1,4,4,2,1,0,19,145,0.7772166666666666,0.008333333333333333,0.89735,10718.171666666667,0.0,0.32166666666666666,0.16666666666666666,ces
MTX201700596,110,5,4,0,0,0,39,223,0.75096,0.005019999999999999,0.84042,131.75,0.0,0.39727999999999997,0.0,ces
MTX201700621,92,11,81,127,74,72,168,778,0.6404717391304348,0.0038043478260869567,0.7963746376811593,62664.0965942029,0.0,0.20780942028985508,0.007246376811594203,ces
MTX201700674,9,17,1,1,1,0,171,1059,0.823288888888889,0.0109,0.9951666666666666,186.68055555555554,0.0,0.41150555555555557,0.0,ces
MTX201700724,20,2,2,1,0,1,28,146,0.6580333333333334,0.009300000000000001,0.9467,22791.5,0.0,0.4934,0.0,ces
MTX201700774,88,4,1,0,0,0,31,230,0.788475,0.016675,0.980125,85.4375,0.5,0.40905,0.0,ces
MTX201700809,32,3,2,1,0,0,20,129,0.734075,0.03125,0.8532,85.9375,0.0,0.2801,0.0,ces
MTX201700848,1,33,8,5,0,0,289,2068,0.8428894736842105,0.003378947368421053,0.9655894736842106,141.25052631578947,0.07894736842105263,0.4090947368421053,0.07894736842105263,ces
MTX201700912,76,1,1,0,0,2,9,58,0.7912,0.0,0.9637,63.75,0.0,0.4286,0.0,ces
MTX201700937,3,9,2,8,1,0,73,414,0.7175764705882353,0.054900000000000004,0.938,232.05882352941177,0.0,0.45038823529411764,0.058823529411764705,ces
MTX201700972,143,5,26,19,10,5,35,264,0.6410458333333333,0.0062499999999999995,0.8418583333333333,9754.94375,0.0,0.34302499999999997,0.20833333333333334,ces
MTX201701004,9,3,0,0,1,0,25,138,0.7781666666666666,0.015166666666666667,0.9116,117.58333333333333,0.0,0.3741666666666667,0.0,ces
MTX201701026,2,20,24,10,2,1,69,441,0.7894633333333334,0.00222,0.8754366666666668,3412.0333333333333,0.0,0.35442999999999997,0.13333333333333333,ces
MTX201701057,85,22,1,9,0,0,274,1543,0.7672,0.01701935483870968,0.9532096774193549,599.6290322580645,0.06451612903225806,0.39904193548387096,0.0,ces
MTX201701068,148,0,0,0,1,0,0,0,,,,,,,,
MTX201701075,105,0,0,0,0,1,0,0,,,,,,,,
MTX201701088,63,1,0,1,0,0,9,63,0.7141,0.02185,0.86425,78.5,0.0,0.21795,0.0,ces
MTX201701104,26,5,6,6,3,1,42,234,0.7240090909090909,0.02108181818181818,0.9502272727272728,1824.5454545454545,0.09090909090909091,0.38849090909090905,0.0,ces
MTX201701169,50,1,0,0,0,0,7,39,0.7574,0.0357,0.985,127.0,0.0,0.4091,0.0,ces
MTX201701200,20,35,15,32,33,0,179,1162,0.7437492537313434,0.00437910447761194,0.9067074626865672,424.9841791044776,0.05970149253731343,0.2830194029850746,0.0,ces
MTX201701223,1,6,8,7,0,0,42,263,0.742576923076923,0.0038461538461538464,0.8964076923076922,6634.047692307692,0.0,0.41802307692307694,0.38461538461538464,ces
MTX201701238,134,1,0,0,0,0,7,51,0.8221,0.05,0.9809,68.0,0.0,0.4062,0.0,ces
MTX201701253,18,27,43,17,13,15,89,612,0.7552431818181818,0.0,0.8670227272727273,1318715.616818182,0.022727272727272728,0.3784204545454546,0.0,ces
MTX201701292a,153,1,3,1,2,0,4,26,0.64975,0.01665,0.9994000000000001,256.0,0.0,0.2,0.5,ces
MTX201701307,46,28,3,14,10,4,140,804,0.7703761904761905,0.0,0.9485095238095239,772.047619047619,0.0,0.3749095238095238,0.0,ces
MTX201701314,161,3,8,5,4,10,24,84,0.619025,0.0177125,0.8039375,289.6325,0.0,0.31895,0.125,ces
MTX201701320,16,1,2,1,2,0,12,64,0.71305,0.075,0.99,68.5,0.0,0.3527,0.0,ces
MTX201701337,169,52,22,35,11,0,193,1299,0.7550356321839081,0.002011494252873563,0.9051781609195403,546.5705747126436,0.0,0.35429770114942527,0.011494252873563218,ces
MTX201701366,7,33,4,0,1,0,437,3046,0.9099393939393939,0.006945454545454546,0.9921787878787879,43.27363636363636,0.21212121212121213,0.4240333333333333,0.0,ces
MTX201701428,143,31,18,23,16,0,174,982,0.7328314814814815,0.0015444444444444444,0.8958833333333333,651.7911111111111,0.0,0.2804185185185185,0.0,ces
MTX201701430,6,1,1,2,2,0,19,97,0.6940666666666667,0.006933333333333333,0.8320666666666666,319.9166666666667,0.0,0.33390000000000003,0.0,ces
MTX201701445,40,29,14,28,7,0,127,923,0.722742105263158,0.024561403508771933,0.8610298245614034,2156.3947368421054,0.0,0.3466578947368421,0.0,ces
MTX201701462,9,1,1,1,0,0,15,81,0.72665,0.0721,0.8714999999999999,50.5,0.0,0.35814999999999997,0.0,ces
MTX201701489,61,33,4,4,3,0,263,1633,0.768827027027027,0.013640540540540539,0.9634918918918919,177.57432432432432,0.02702702702702703,0.38376216216216213,0.0,ces
MTX201701503,18,0,77,119,35,115,126,364,0.602235294117647,0.0,0.8044084033613444,10782.62050420168,0.0,0.04680252100840336,0.0,ces
MTX201701538,3,18,5,2,0,1,256,1479,0.85843,0.006670000000000001,0.9897050000000001,171.1435,0.0,0.42211499999999996,0.0,ces
MTX201701545,498,21,15,7,4,1,107,685,0.7725035714285714,0.008310714285714286,0.8997714285714286,562.795,0.0,0.3792392857142857,0.0,ces
MTX201701548,129,57,23,35,19,2,242,1485,0.7602641304347826,0.008423913043478259,0.8867815217391304,1024.9198913043479,0.0,0.3511478260869565,0.0,ces
MTX201701551,291,2,2,0,0,2,12,69,0.8309,0.0,0.8977999999999999,103.75,0.0,0.41515,0.0,ces
MTX201701576,97,56,23,37,15,0,174,1296,0.7689258064516128,0.0,0.8689935483870967,431.10903225806453,0.0,0.32103333333333334,0.0,ces
MTX201701593,6,45,2,1,1,0,457,3082,0.8404108695652175,0.0030195652173913043,0.9610326086956522,52.64369565217392,0.021739130434782608,0.4065565217391304,0.06521739130434782,ces
MTX201701625a,126,0,2,3,0,0,20,91,0.6258,0.0,0.823,4770.666666666667,0.0,0.32380000000000003,0.0,ces
MTX201701636,139,10,9,13,3,4,134,625,0.6938130434782608,0.016295652173913044,0.8811521739130435,3513.663043478261,0.043478260869565216,0.4128304347826087,0.0,ces
MTX201701642,38,6,34,30,10,1,110,512,0.6722944444444444,0.011111111111111112,0.8728388888888889,4099.458333333333,0.0,0.36630555555555555,0.0,ces
MTX201701651,13,84,63,105,25,52,325,2276,0.6800999999999999,0.0011111111111111111,0.8128830687830687,1152.3306878306878,0.0,0.3564010582010582,0.2804232804232804,ces
MTX201701671b,132,19,30,21,7,7,118,702,0.7134400000000001,0.0113525,0.886655,10905.329249999999,0.0,0.32526,0.0,ces
MTX201701677,5,33,8,6,1,0,197,1266,0.8168,0.0016333333333333334,0.9671153846153846,227.92461538461538,0.0,0.40715384615384614,0.0,ces
MTX201701721,83,1,0,0,0,0,2,7,0.7213,0.0,0.75,35.75,0.0,0.3333,0.0,ces
MTX201701830,17,1,2,2,0,0,9,36,0.6099333333333333,0.08333333333333333,0.8333333333333334,2774.0,0.0,0.24836666666666665,0.3333333333333333,ces
MTX201701847,112,6,6,7,0,0,40,241,0.7368692307692307,0.025646153846153843,0.9433923076923076,6001.615384615385,0.0,0.4009538461538462,0.38461538461538464,ces
MTX201701879,28,1,1,1,2,0,18,93,0.70085,0.04585,1.0,72.875,0.0,0.39685000000000004,0.0,ces
MTX201702004,20,1,1,0,1,0,10,61,0.8303,0.06,0.9994,61.75,0.0,0.4048,0.0,ces
MTX201702042,23,22,39,16,17,4,75,462,0.7461921052631579,0.003289473684210526,0.8612078947368422,4976.833684210526,0.0,0.3533763157894737,0.02631578947368421,ces
MTX201702096,31,18,11,19,30,38,83,533,0.7350027027027027,0.0013513513513513514,0.907772972972973,868.3040540540541,0.0,0.3582054054054054,0.0,ces
MTX201702119,41,1,0,0,0,0,11,71,0.7731,0.0,0.75,30.62,0.0,0.3636,0.0,ces
MTX201702153,27,0,2,2,0,1,12,53,0.54555,0.02725,0.75,6353.5,0.5,0.16,0.0,ces
MTX201702178a,22,1,2,1,0,1,8,38,0.65865,0.01785,0.75,62.625,0.0,0.23685,0.0,ces
MTX201702185,107,1,0,0,0,0,10,51,0.734,0.025,0.9981,61.75,0.0,0.4333,0.0,ces
MTX201702404,65,23,2,0,0,1,218,1340,0.853891304347826,0.004821739130434782,0.9889782608695653,86.70652173913044,0.043478260869565216,0.4146782608695652,0.0,ces
MTX201702406,17,0,0,0,0,2,0,0,,,,,,,,
MTX201702410,91,4,49,54,12,68,70,224,0.6190758620689655,0.0,0.8301896551724138,14854.856896551722,0.0,0.25936724137931033,0.22413793103448276,ces
MTX201702412a,25,6,1,1,1,0,39,226,0.7818857142857143,0.018357142857142857,0.9577428571428571,311.0357142857143,0.14285714285714285,0.37667142857142855,0.0,ces
MTX201702436,1,14,4,5,1,0,98,630,0.7918157894736841,0.009189473684210527,0.9131052631578948,882.2563157894737,0.05263157894736842,0.36713684210526315,0.05263157894736842,ces
MTX201702860,4,27,7,0,0,0,258,1742,0.8672518518518518,0.003248148148148148,0.9958444444444444,62.26407407407408,0.0,0.4252444444444445,0.0,ces
MTX201702878a,109,5,2,0,2,0,48,255,0.7537,0.0,0.97264,370.6,0.0,0.41012000000000004,0.0,ces
MTX201702907,73,1,0,0,0,0,12,67,0.8012,0.0208,0.9841,108.5,0.0,0.3778,0.0,ces
MTX201702923a,103,1,0,0,0,0,7,42,0.7799,0.0,0.9988,96.0,0.0,0.4074,0.0,ces
MTX201702946,3,35,3,1,2,0,487,3050,0.8714722222222222,0.008022222222222222,0.9998805555555556,74.91333333333334,0.16666666666666666,0.4103861111111111,0.0,ces
MTX201702962,415,3,4,1,0,2,15,74,0.74275,0.0,0.8069999999999999,47.5925,0.0,0.31,0.0,ces
MTX201702970,82,3,1,1,0,0,14,72,0.69295,0.021875,0.812125,36.905,0.0,0.247575,0.25,ces
MTX201703094,1,13,21,5,5,1,121,792,0.7997222222222222,0.005194444444444444,0.9418000000000001,671.9444444444445,0.0,0.4251888888888889,0.05555555555555555,ces
MTX201703862,1,27,21,12,4,1,241,1662,0.8085974358974359,0.008674358974358976,0.9211153846153846,2155.7128205128206,0.02564102564102564,0.4173461538461538,0.05128205128205128,ces
MTX201710003,26,7,70,25,122,48,39,160,0.6144375,0.0,0.800096875,76.2753125,0.0,0.072909375,0.34375,ces
MTX201710073,8,43,2,4,2,0,462,2969,0.8366553191489362,0.0,0.9894404255319149,330.73936170212767,0.0,0.39766808510638296,0.0,ces
MTX201800032,72,3,2,0,0,0,20,125,0.7404000000000001,0.0,0.9500000000000001,70.58333333333333,0.0,0.3777,0.0,ces
MTX201800093,11,6,3,2,0,0,41,280,0.80005,0.0,0.9686875,227.805,0.0,0.3790875,0.0,ces
MTX201800125,17,11,3,4,0,0,148,932,0.7739133333333333,0.006866666666666668,0.896,219.12466666666666,0.06666666666666667,0.36046666666666666,0.0,ces
MTX201800192,1,7,4,2,1,0,33,223,0.7969222222222222,0.002777777777777778,0.8863888888888889,125.83333333333333,0.0,0.3943888888888889,0.3333333333333333,ces
MTX201800301,61,1,36,28,19,6,42,254,0.5578241379310345,0.013793103448275864,0.784951724137931,436.7627586206896,0.0,0.398548275862069,0.0,ces
MTX201890343,3,0,0,0,0,1,0,0,,,,,,,,
MTX201891077,15,2,0,0,0,0,8,58,0.7903,0.0,0.98505,197.0,0.0,0.42915000000000003,0.0,ces
MTX201891599,4,0,0,0,2,0,0,0,,,,,,,,
MTX201900017,25,1,1,2,0,0,3,25,0.7302,0.0,0.8592333333333334,460.0,0.0,0.2904,0.6666666666666666,ces
MTX201900025a,13,43,55,115,61,80,161,712,0.6874860759493671,0.0,0.8121158227848101,4687.206518987342,0.0,0.2015107594936709,0.06962025316455696,ces
MTX201900043,32,174,208,232,0,9,975,6099,0.6972399014778325,0.0005849753694581281,0.9168007389162561,3570.8049014778326,0.0,0.26271428571428573,0.35467980295566504,ces
MTX201900053,24,12,1,3,2,0,130,818,0.8068066666666667,0.00222,0.9261,287.356,0.0,0.34662666666666664,0.0,ces
MTX201900068,12,6,1,6,0,0,99,532,0.724325,0.063975,0.8555666666666667,104.53083333333332,0.0,0.340525,0.0,ces
MTX201900072,23,1,2,2,0,1,21,111,0.7073333333333333,0.041666666666666664,0.9135666666666666,148.33333333333334,0.0,0.33313333333333334,0.0,ces
MTX201900081a,444,15,85,107,64,111,131,584,0.6507745901639344,0.0,0.8182,8137.705081967213,0.0,0.1487688524590164,0.03278688524590164,ces
MTX201900086,543,56,22,61,20,0,407,2228,0.706008547008547,0.0,0.8889316239316238,1856.1785470085472,0.0,0.3388641025641026,0.0,ces
MTX201900091,42,176,184,230,0,8,979,6108,0.6978544334975368,0.0005849753694581281,0.9172470443349754,3752.718694581281,0.0,0.26221280788177337,0.35467980295566504,ces
MTX201900100,404,1,1,1,0,0,13,67,0.7142999999999999,0.0,0.8746499999999999,64.875,0.0,0.18085,0.0,ces
MTX201900100c,48,19,62,122,38,125,152,709,0.6454617021276595,0.0005319148936170213,0.7753900709219858,7362.360780141844,0.0,0.10434822695035462,0.04964539007092199,ces
MTX201900100e,137,37,1,16,1,0,505,2473,0.7439132075471698,0.005630188679245283,0.8854584905660376,259.80056603773585,0.0,0.34722830188679243,0.0,ces
MTX201900109,96,38,20,43,27,13,398,2168,0.7209703703703704,0.0021271604938271605,0.8540543209876543,1335.476790123457,0.024691358024691357,0.3543876543209877,0.0,ces
MTX201900138,15,9,5,2,2,0,69,501,0.8033545454545454,0.0,0.8423181818181817,223.58,0.0,0.35403636363636365,0.0,ces
MTX201900168,8,21,46,67,133,0,88,519,0.6477056818181818,0.0,0.7600204545454545,116.35545454545455,0.0,0.11137159090909092,0.23863636363636365,ces
MTX201900195,80,1,0,2,0,0,33,162,0.6863999999999999,0.05179999999999999,0.7650666666666667,91.08333333333333,0.0,0.38610000000000005,0.0,ces
MTX201900231c,43,31,98,78,144,61,132,1386,0.6625477064220183,0.013244954128440367,0.8553119266055046,12789.644862385321,0.0,0.2108302752293578,0.0,ces
MTX201900272,12,9,4,3,0,0,107,696,0.81765,0.0,0.9725,133.885,0.0,0.3822666666666667,0.0,ces
MTX201900372,14,1,1,1,0,0,4,22,0.6891,0.0,0.875,84.5,0.0,0.23335,0.5,ces
MTX201900483,17,5,6,3,0,0,40,246,0.743275,0.015625,0.9960125,1276.28125,0.0,0.3715625,0.0,ces
MTX201900523,22,2,0,1,0,0,19,99,0.7302,0.055566666666666674,0.9145333333333333,24.22,0.3333333333333333,0.4301333333333333,0.0,ces
MTX202000012,180,15,14,13,6,1,55,321,0.7086535714285714,0.0,0.855725,1255.4950000000001,0.0,0.2536392857142857,0.0,ces
MTX202000073,259,9,35,20,72,2,57,283,0.6678413793103448,0.0,0.8695999999999999,1022.803448275862,0.0,0.23830689655172413,0.0,ces
MTX202000106,106,22,76,121,68,102,149,629,0.6398545454545455,0.0,0.7632160839160839,4660.307412587413,0.0,0.12107342657342658,0.006993006993006993,ces
MTX202000124,12,14,3,2,0,0,170,1196,0.8507,0.00236875,0.9473375,137.156875,0.0,0.38105625,0.0,ces
MTX202000157,160,1,0,0,0,0,13,84,0.8181,0.0,0.983,53.75,0.0,0.4167,0.0,ces
MTX202000178,196,3,2,0,2,0,30,171,0.7343666666666667,0.0,0.9944999999999999,74.83333333333333,0.0,0.3555333333333333,0.0,ces
MTX202000223,127,25,11,15,1,0,292,1790,0.7853075,0.018515,0.888485,445.06275000000005,0.225,0.40370999999999996,0.05,ces
MTX202000244,13,2,2,1,0,0,20,123,0.7400666666666668,0.0,0.9907,46.5,0.0,0.3567,0.0,ces
MTX202000285,92,2,2,2,1,0,23,136,0.72105,0.046,0.98455,76.6875,0.0,0.3972,0.0,ces
MTX202000423,16,28,62,57,84,9,172,943,0.697195294117647,0.0,0.8885176470588235,1137.1089411764706,0.0,0.2792423529411765,0.0,ces
MTX202000485,4,29,12,1,1,0,277,1915,0.8322333333333333,0.00369,0.94893,106.14533333333334,0.06666666666666667,0.4243733333333333,0.03333333333333333,ces
MTX202000556,3,15,11,17,3,4,74,516,0.754675,0.00625,0.887471875,2019.2459375,0.03125,0.41849375,0.09375,ces
MTX202000591,281,46,53,74,64,24,320,1747,0.67663,0.007153333333333334,0.8486025,1953.76725,0.016666666666666666,0.35692666666666667,0.0,ces
MTX202010005,22,3,1,5,0,0,26,148,0.691825,0.0125,0.846725,20798.25,0.125,0.3445875,0.0,ces
MTX202010055,30,3,1,5,0,0,26,148,0.6924125,0.0125,0.846725,20795.305,0.125,0.3445875,0.0,ces
MTX202010193,1,13,8,9,4,0,59,407,0.7562272727272727,0.007577272727272728,0.8906681818181817,727.1963636363636,0.0,0.38432272727272726,0.13636363636363635,ces
MTX202010320,6,13,5,1,8,0,108,709,0.8150285714285715,0.0186,0.904042857142857,113.17357142857144,0.0,0.37068571428571434,0.21428571428571427,ces
MTX202010345,8,3,1,4,1,0,25,146,0.7055857142857143,0.014285714285714287,0.860542857142857,23764.785714285714,0.14285714285714285,0.39381428571428573,0.0,ces
MTX202010415,2,17,10,25,2,0,56,348,0.7366857142857143,0.0,0.8772785714285715,2880.8690476190477,0.0,0.2929285714285714,0.30952380952380953,ces
MTX202010555,5,2,4,2,2,0,14,89,0.7539750000000001,0.0,0.874275,238.375,0.0,0.378575,0.0,ces
MTX202100006,71,33,36,65,4,18,147,959,0.7344510204081631,0.006972448979591837,0.9164071428571429,655524.0728571429,0.0,0.36729285714285714,0.0,ces
MTX202100019,66,27,20,48,3,5,161,1005,0.7305866666666666,0.0013333333333333335,0.9008306666666668,2176746.028266667,0.0,0.34667733333333334,0.0,ces
MTX202100056,15,11,2,9,11,0,95,530,0.7379450000000001,0.0,0.9575400000000001,168.119,0.0,0.340385,0.0,ces
MTX202100079,69,2,1,3,0,0,22,166,0.6367,0.00668,0.9345399999999999,1066.2,0.0,0.3689,0.0,ces
MTX202100124,1,36,9,4,2,0,309,2209,0.8526849999999999,0.0024625000000000003,0.9631575,99.4855,0.025,0.399685,0.1,ces
MTX202100175,9,20,5,1,1,0,279,1643,0.8403666666666667,0.007299999999999999,0.9859333333333333,78.05380952380953,0.0,0.4225857142857143,0.0,ces
MTX202100224,32,0,2,4,217,0,4,11,0.5965,0.0,0.75,31.22,0.0,0.0,0.0,ces
MTX202100254,1,32,9,5,0,1,285,2020,0.8417216216216216,0.0065,0.9569702702702703,108.88162162162163,0.05405405405405406,0.40015945945945947,0.10810810810810811,ces
MTX202100316,29,2,2,1,0,0,21,160,0.7658666666666667,0.018333333333333333,0.9161666666666667,43.083333333333336,0.0,0.2924,0.0,ces
MTX202100341,24,2,0,0,0,0,20,136,0.8792500000000001,0.0,0.99995,40.125,0.0,0.41605000000000003,0.0,ces
MTX202100385,18,4,3,1,0,0,30,198,0.77392,0.00916,0.9885999999999999,96.45,0.0,0.32195999999999997,0.0,ces
MTX202100402,169,1,2,2,2,0,25,125,0.6546,0.0168,0.9074,218.33333333333334,0.0,0.3756333333333333,0.0,ces
MTX202100415,36,0,750,131,104,1099,153,373,0.531024427480916,0.008587786259541985,0.7854748091603053,8146786.07572519,0.0,0.05979465648854962,0.16030534351145037,ces
MTX202100431,126,21,47,52,103,1,118,710,0.7067561643835616,0.0004561643835616439,0.841972602739726,8596.719589041097,0.0,0.21052054794520547,0.0,ces
MTX202100471,60,34,10,3,0,5,510,2960,0.7944648648648649,0.014400000000000001,0.9602108108108108,65.44891891891892,0.0,0.3437756756756757,0.0,ces
MTX202100488,7,10,3,0,1,0,102,717,0.8899800000000001,0.0,0.9974000000000001,56.863,0.0,0.42760999999999993,0.0,ces
MTX202100498,305,3,2,0,0,0,26,127,0.7168333333333333,0.0,0.9927333333333334,85.5,0.0,0.3194333333333333,0.0,ces
MTX202100518,251,30,145,170,55,111,231,1044,0.6376809999999999,0.0,0.7789069999999999,1445.33,0.0,0.15830450000000001,0.16,ces
MTX202100522,422,48,278,261,231,61,333,1489,0.6320171521035598,0.0,0.8289233009708737,2275.6154045307444,0.0,0.17836407766990292,0.1488673139158576,ces
MTX202100527,169,0,1,2,0,0,8,44,0.6885,0.0875,0.85835,284.5,0.0,0.4286,0.0,ces
MTX202100543a,136,3,2,0,0,0,23,118,0.7170333333333333,0.0,0.9815333333333333,130.16666666666666,0.0,0.3171333333333333,0.0,ces
MTX202100546b,62,11,71,174,40,33,346,1719,0.6420567567567568,0.02641891891891892,0.8434064864864865,497.64875675675677,0.0,0.20215351351351352,0.0,ces
MTX202100563,38,22,5,6,0,0,172,1335,0.8052107142857142,0.003642857142857143,0.9756857142857143,568.5625,0.0,0.40198928571428577,0.0,ces
MTX202100573,299,1,1,1,0,1,18,100,0.6366,0.0412,0.9471,187.5,1.0,0.38095,0.0,ces
MTX202100616,28,1,0,0,0,0,10,60,0.7713,0.025,0.9994,52.0,0.0,0.3871,0.0,ces
MTX202100635,109,16,16,41,11,1,180,917,0.6603473684210527,0.0027771929824561403,0.8553122807017544,2149.92,0.017543859649122806,0.353259649122807,0.0,ces
MTX202100657,205,1,0,0,0,0,14,74,0.7672,0.0357,0.9998,60.0,0.0,0.383,0.0,ces
MTX202100695,23,65,108,70,53,55,431,2737,0.7243866666666666,0.008347407407407408,0.8882977777777777,3926.5812592592597,0.0,0.31333185185185186,0.0,ces
MTX202100707,12,43,3,1,1,0,350,2246,0.8209590909090909,0.0029795454545454543,0.9304363636363636,91.19590909090908,0.09090909090909091,0.3648590909090909,0.0,ces
MTX202100755,16,34,7,4,0,1,225,1508,0.8275605263157895,0.009389473684210526,0.992478947368421,2202.2434210526317,0.0,0.3988605263157895,0.0,ces
MTX202100777,360,46,90,62,32,21,323,1893,0.7071490740740741,0.012222222222222223,0.9066268518518519,145006.29796296297,0.0,0.4074185185185185,0.0,ces
MTX202100798,10,2,1,0,0,0,26,152,0.8185,0.0,0.9995,98.75,0.0,0.4041,0.0,ces
MTX202110094,32,9,1,3,0,0,99,682,0.825075,0.0038833333333333337,0.9709333333333333,396.875,0.0,0.36004166666666665,0.0,ces
MTX202110147,17,1,1,0,0,1,1,5,0.8644,0.0,0.9991,203.0,0.0,0.4,1.0,ces
MTX202120016,112,0,0,1,0,0,1,3,0.5999,0.0,0.75,15.38,0.0,0.0,0.0,ces
MTX202200018,28,3,2,0,0,0,31,183,0.7475333333333333,0.010266666666666667,0.7944,50.0,0.3333333333333333,0.3814333333333333,0.0,ces
MTX202200105,38,1,0,0,0,0,9,65,0.8248,0.0,0.8316,108.5,0.0,0.3778,0.0,ces
MTX202200141,20,1,1,2,0,0,18,114,0.6918666666666667,0.0143,0.8333333333333334,379.41,0.0,0.2871666666666667,0.0,ces
MTX202200172,23,0,2,3,0,0,5,14,0.6585,0.08333333333333333,0.9062666666666667,36.333333333333336,0.0,0.22219999999999998,0.0,ces
MTX202200200,5,39,5,3,1,0,423,3084,0.8795190476190475,0.003445238095238095,0.9693690476190477,263.5552380952381,0.07142857142857142,0.41694523809523815,0.023809523809523808,ces
MTX202200232,15,5,4,1,0,0,31,158,0.7439833333333333,0.002983333333333333,0.8090333333333334,76.425,0.0,0.3671,0.0,ces
MTX202200259,74,54,227,360,315,160,458,2582,0.634027536231884,0.0004427536231884058,0.8518106280193237,1413.2533091787438,0.004830917874396135,0.15627850241545896,0.28502415458937197,ces
MTX202200294,163,42,1,9,0,0,551,3606,0.7084803921568628,0.011049019607843137,0.795478431372549,5631.671568627451,0.0,0.34580588235294113,0.058823529411764705,ces
MTX202200309,195,1,4,16,0,0,59,373,0.6918235294117647,0.0,0.7647058823529411,25.825294117647058,0.0,0.258064705882353,0.0,ces
MTX202200321,19,3,1,1,0,0,35,244,0.805275,0.004175,0.924275,137.51,0.0,0.32225000000000004,0.0,ces
MTX202200335,548,25,13,0,12,0,114,872,0.8301120000000001,0.022000000000000002,0.990948,213.58,0.0,0.353004,0.04,ces
MTX202200348,64,28,4,34,2,4,113,741,0.7408709677419354,0.014448387096774193,0.9160758064516129,51830.87693548387,0.0,0.3745306451612903,0.0,ces
MTX202200380,75,5,2,3,0,0,59,357,0.7582625,0.0176125,0.8735999999999999,117.67125,0.0,0.316075,0.0,ces
MTX202200423,2,1,0,0,0,0,10,67,0.7903,0.0,1.0,43.75,0.0,0.35,0.0,ces
MTX202200444,275,74,33,4,83,0,642,3782,0.7901807692307693,0.0026923076923076926,0.9783935897435898,76.1198717948718,0.0,0.3681884615384616,0.0,ces
MTX202200471,3,29,2,2,0,1,361,2396,0.8772193548387096,0.008799999999999999,0.985241935483871,106.90870967741935,0.16129032258064516,0.425858064516129,0.0,ces
MTX202200527,1,5,3,0,2,0,22,150,0.82582,0.0,0.8941800000000001,114.876,0.0,0.40268,0.0,ces
MTX202200552,2,14,19,14,5,1,86,542,0.7561357142857144,0.0017857142857142859,0.8996000000000001,82304.75035714285,0.0,0.39891785714285716,0.07142857142857142,ces
MTX202200563,758,4,6,5,2,2,35,200,0.7010222222222222,0.015000000000000001,0.9023333333333334,2449.222222222222,0.1111111111111111,0.29914444444444444,0.2222222222222222,ces
MTX202200564,550,7,11,10,1,5,34,176,0.7128941176470588,0.007352941176470588,0.9091705882352941,13240.132352941177,0.0,0.34403529411764705,0.058823529411764705,ces
MTX202200602,22,1,1,0,0,1,4,17,0.7069,0.125,0.7638,58.0,0.0,0.5,0.0,ces
MTX202200670,10,41,5,3,1,0,453,3068,0.8485545454545455,0.008090909090909091,0.9484159090909091,105.36613636363636,0.1590909090909091,0.4135045454545454,0.022727272727272728,ces
MTX202200705,1,7,8,3,3,1,59,379,0.7861,0.01826,0.87723,147.825,0.4,0.39655,0.0,ces
MTX202200717,844,2,1,0,0,0,14,76,0.7744,0.0,0.75,96.0,0.0,0.3913,0.0,ces
MTX202200730,262,1,1,1,0,0,8,37,0.6395,0.0625,0.8806499999999999,546.875,0.0,0.5,0.0,ces
MTX202200763,18,34,1,0,0,0,333,2135,0.8376294117647058,0.00765,0.9926235294117648,63.11941176470588,0.0,0.4142558823529412,0.0,ces
MTX202200787,9,11,6,0,1,0,105,670,0.8272454545454546,0.01711818181818182,0.9889272727272727,98.77272727272727,0.09090909090909091,0.4075909090909091,0.0,ces
MTX202210003,17,0,0,2,0,1,17,66,0.5427,0.0595,0.75265,317.0,0.5,0.3021,0.0,ces
MTX202210014b,11,10,22,12,3,17,90,444,0.6877318181818182,0.0016227272727272729,0.9264272727272727,2344.562727272727,0.13636363636363635,0.3820545454545455,0.0,ces
MTX202210016c,79,36,0,1,4,0,309,1868,0.8236405405405405,0.007035135135135136,0.9987621621621622,148.32108108108108,0.13513513513513514,0.41295405405405405,0.0,ces
MTX202210019,46,6,72,85,26,17,129,650,0.6233417582417582,0.007417582417582418,0.8633978021978022,4374.331428571429,0.0,0.30035494505494503,0.23076923076923078,ces
MTX202210023,54,15,20,16,11,1,54,320,0.7221322580645161,0.0016129032258064516,0.9201258064516129,20745.96580645161,0.03225806451612903,0.2801161290322581,0.12903225806451613,ces
MTX202210027,2,8,2,16,1,0,152,703,0.67545,0.016529166666666668,0.7805583333333334,620.2708333333334,0.08333333333333333,0.37048333333333333,0.0,ces
MTX202210036,39,4,22,10,2,13,18,135,0.7004142857142857,0.009521428571428571,0.8505285714285714,1566.5664285714286,0.07142857142857142,0.3561714285714285,0.07142857142857142,ces
MTX202210046,73,9,41,25,22,9,45,273,0.7276264705882353,0.0,0.9102558823529412,134002.26294117648,0.0,0.3830911764705882,0.0,ces
MTX202210061,5,7,27,21,19,14,43,304,0.7016821428571428,0.0015607142857142857,0.9049642857142857,2886.325714285714,0.0,0.32907857142857144,0.0,ces
MTX202210075,211,0,0,1,0,0,1,5,0.5268,0.0,0.75,191.0,0.0,0.5,0.0,ces
MTX202220002,34,1,1,2,0,0,6,32,0.7180333333333334,0.0,0.75,99.46,0.0,0.23146666666666668,0.0,ces
MTX202300012,605,2,1,1,0,0,13,61,0.6898,0.0,0.8329666666666666,83.08333333333333,0.0,0.2429333333333333,0.0,ces
MTX202300035,41,2,2,1,0,0,5,16,0.6776,0.0,0.7994666666666667,43.39666666666667,0.0,0.22219999999999998,0.0,ces
MTX202300058,41,21,20,3,3,1,87,561,0.7964541666666666,0.0,0.8445416666666666,699.8041666666667,0.0,0.388625,0.0,ces
MTX202300090,58,1,1,1,0,0,9,45,0.68285,0.0,0.75,120.5,0.0,0.19645,0.0,ces
MTX202300114,12,2,2,1,0,0,29,149,0.7538666666666667,0.0,0.9161333333333334,58.373333333333335,0.0,0.27496666666666664,0.0,ces
MTX202300152,1,6,5,2,0,0,31,212,0.8230875,0.0134375,0.933575,79.53875,0.0,0.412625,0.375,ces
MTX202300174,31,2,2,3,0,0,26,165,0.7226600000000001,0.005,0.79896,101.876,0.0,0.30016,0.0,ces
MTX202300207,12,38,17,28,14,2,129,990,0.7647984848484849,0.0,0.8729787878787878,10697.219696969696,0.0,0.3623181818181818,0.0,ces
MTX202300236,3,14,9,10,2,3,83,517,0.7600541666666666,0.017091666666666668,0.8692333333333333,2014.6991666666665,0.0,0.38809166666666667,0.3333333333333333,ces
MTX202300284,133,21,92,100,59,105,127,528,0.655004132231405,0.0,0.7631280991735537,6515.001239669422,0.0,0.11209504132231404,0.008264462809917356,ces
MTX202300338,28,22,1,12,14,0,290,1733,0.7491235294117646,0.0,0.9575117647058823,434.9520588235294,0.0,0.37803235294117643,0.0,ces
MTX202300354,39,1,1,1,0,0,9,47,0.72555,0.0,0.8612500000000001,2245.5,0.0,0.4,0.0,ces
MTX202300383,9,1,1,1,0,1,21,101,0.7000500000000001,0.04465,0.77095,23.17,0.5,0.46875,0.0,ces
MTX202300417,53,22,22,58,0,7,125,728,0.702175,0.00625,0.84213625,2965343.284125,0.0,0.3233025,0.0,ces
MTX202300431,20,25,1,2,0,0,289,1474,0.7369888888888888,0.012585185185185185,0.8814407407407407,134.9937037037037,0.0,0.29208148148148144,0.0,ces
MTX202300465,417,23,21,50,9,7,135,827,0.7237205479452055,0.0,0.9090315068493151,2220890.479452055,0.0,0.33733150684931507,0.0136986301369863,ces
MTX202300466BC,165,2,1,1,0,0,16,90,0.7105333333333332,0.0663,0.7819333333333334,88.58333333333333,0.6666666666666666,0.3692666666666667,0.0,ces
MTX202300466DE,631,1,7,2,21,2,12,62,0.6391,0.023333333333333334,0.8736,1954.3333333333333,0.6666666666666666,0.5807666666666668,0.0,ces
MTX202300466FG,265,8,3,5,1,0,78,498,0.7373923076923077,0.012307692307692308,0.9275000000000001,1467.7023076923078,0.15384615384615385,0.41499230769230766,0.0,ces
MTX202300467,20,7,3,7,0,0,57,324,0.7263142857142857,0.023807142857142857,0.8753285714285715,144.725,0.0,0.3364928571428571,0.07142857142857142,ces
MTX202300530,170,0,5,1,10,0,1,3,0.598,0.0,0.75,25.0,0.0,0.0,0.0,ces
MTX202300543,188,3,3,4,0,1,10,55,0.7156571428571429,0.0,0.8542428571428572,1021.75,0.0,0.24989999999999998,0.0,ces
MTX202300602,6,13,10,1,0,0,54,369,0.81075,0.03005714285714286,0.9341499999999999,166.32071428571427,0.0,0.42084285714285713,0.0,ces
MTX202300628,16,152,22,110,0,2,1045,6342,0.7150053435114504,0.000982824427480916,0.9525900763358779,4892.2667175572515,0.0,0.3881446564885496,0.0,ces
MTX202300659,145,31,0,15,2,0,573,2980,0.7239956521739132,0.056806521739130436,0.907954347826087,135.5545652173913,0.0,0.29731521739130434,0.0,ces
MTX202300681,17,41,0,2,0,0,738,3458,0.7498069767441861,0.07366744186046512,0.8062372093023256,72.44767441860465,0.0,0.3670953488372093,0.0,ces
MTX202300696,702,10,57,102,102,49,289,1596,0.6165526785714286,0.003792857142857143,0.8265741071428572,25992.201964285716,0.0,0.17042142857142856,0.0,ces
MTX202300696A,253,1,2,3,0,0,14,91,0.71085,0.0,0.892875,798.8125,0.0,0.35902500000000004,0.25,ces
MTX202300696C,300,39,20,40,14,6,324,1924,0.7371848101265823,0.0009962025316455697,0.8904253164556961,240.3687341772152,0.24050632911392406,0.2878113924050633,0.0,ces
MTX202300697A,7,23,87,100,77,114,129,525,0.6533219512195122,0.0,0.7830959349593496,110785.187398374,0.0,0.16144878048780487,0.07317073170731707,ces
MTX202300699A,124,38,50,72,53,17,281,1541,0.6693781818181819,0.00045454545454545455,0.8418209090909091,1320.7891818181818,0.02727272727272727,0.3301381818181818,0.0,ces
MTX202300699B,275,24,83,137,62,94,169,650,0.6342043478260869,0.00012422360248447205,0.8215180124223602,4287.11149068323,0.0,0.1376614906832298,0.055900621118012424,ces
MTX202300700A,293,24,56,114,38,110,146,648,0.6500101449275362,0.00012101449275362319,0.7690594202898551,6979.279130434783,0.0,0.11406014492753623,0.0,ces
MTX202300700B,227,59,19,54,16,2,456,2508,0.7161194690265487,0.006816814159292035,0.8670442477876106,1484.2586725663716,0.0,0.3347884955752212,0.0,ces
MTX202300700C,684,34,50,56,17,9,389,1981,0.6703533333333334,0.011243333333333334,0.8431577777777779,889.4638888888888,0.03333333333333333,0.36312333333333335,0.0,ces
MTX202300701,270,8,6,3,1,1,86,594,0.7864454545454546,0.0062,0.9679000000000001,188.36363636363637,0.45454545454545453,0.3355454545454546,0.09090909090909091,ces
MTX202300701C,499,23,67,106,42,125,138,620,0.6544534883720929,0.0001550387596899225,0.7966674418604651,6098.108062015504,0.0,0.14863565891472869,0.023255813953488372,ces
MTX202310024,7,27,5,4,1,3,256,1711,0.829416129032258,0.009816129032258066,0.9640870967741936,1177.5483870967741,0.0,0.3854741935483871,0.0,ces
MTX202310706,2,146,7,93,3,0,1554,9723,0.727910460251046,0.009789958158995816,0.9039740585774059,2859.0303347280333,0.08368200836820083,0.3720163179916318,0.0,ces
MTX202311351,2,0,1,2,0,0,5,33,0.51835,0.0125,0.75,1238.19,0.0,0.26085,0.0,ces
MTX202320066,3,26,5,1,1,0,263,1884,0.8621296296296296,0.006033333333333333,0.9730740740740741,100.93037037037037,0.14814814814814814,0.40794074074074077,0.0,ces
MTX202400010,15,47,3,2,0,0,510,3200,0.8109999999999999,0.0023346938775510202,0.9886836734693878,76.79081632653062,0.0,0.3843020408163265,0.0,ces
MTX202400035,53,4,2,0,0,0,34,185,0.7778,0.0077,0.9793000000000001,58.5,0.5,0.3985,0.25,ces
MTX202400056,47,58,77,165,54,54,342,2000,0.6648089686098655,0.0007847533632286995,0.7595964125560537,40654.04116591928,0.0,0.24569147982062778,0.242152466367713,ces
MTX202400058,373,83,61,42,50,16,365,2240,0.766872,0.0098504,0.8893135999999999,6054.40104,0.072,0.3596928,0.0,ces
MTX202400072,39,30,3,1,1,0,300,2070,0.870283870967742,0.012141935483870969,0.9689838709677419,79.94774193548388,0.0,0.39196451612903227,0.0,ces
MTX202400086,4,4,1,0,0,0,36,232,0.8324499999999999,0.03945,0.976675,190.125,0.75,0.434225,0.0,ces
MTX202400116,128,4,2,1,0,0,23,146,0.7437400000000001,0.00286,0.8959400000000001,239.52399999999997,0.0,0.39415999999999995,0.0,ces
MTX202400117,533,20,61,75,113,50,312,1587,0.6451221052631579,0.018637894736842107,0.8449326315789475,8393.948736842105,0.0,0.18416000000000002,0.0,ces
MTX202400127,415,15,7,10,7,0,88,574,0.761604,0.0,0.8627760000000001,218.09,0.0,0.333356,0.0,ces
MTX202400128F,75,39,129,214,55,88,264,1277,0.6479517786561265,0.0,0.7779727272727273,12366.587509881421,0.0,0.1491798418972332,0.0,ces
MTX202400133E,36,42,22,0,21,0,192,1023,0.7770309523809524,0.0014285714285714286,0.8723857142857143,199.5952380952381,0.0,0.36884761904761904,0.0,ces
MTX202400137,33,9,6,6,4,0,49,251,0.7448266666666666,0.011666666666666665,0.8585666666666667,348.02466666666663,0.0,0.37095333333333336,0.0,ces
MTX202410002,179,0,0,0,1,0,0,0,,,,,,,,
P022_00018,12,14,5,4,2,0,105,667,0.77735,0.021733333333333334,0.926138888888889,1525.4094444444445,0.05555555555555555,0.3516888888888889,0.0,ces
P027_00002_020,1,0,0,1,0,0,4,12,0.4537,0.0,1.0,4928.0,0.0,0.2857,0.0,ces
P027_00009_002,38,24,1,15,1,0,243,1666,0.7371333333333333,0.0321051282051282,0.8928769230769231,4836.01282051282,0.07692307692307693,0.3583692307692308,0.0,ces
P028_00012,254,0,21,29,8,9,99,399,0.5447379310344828,0.03878275862068965,0.7831103448275862,7050970.224482758,0.20689655172413793,0.30365517241379314,0.034482758620689655,ces
P028_00028,38,0,35,29,43,37,62,275,0.5680413793103448,0.030486206896551724,0.8468586206896552,412196.0303448276,0.06896551724137931,0.4268689655172414,0.034482758620689655,ces
P043_00001_062,82,25,2,1,0,1,216,1376,0.847326923076923,0.010307692307692308,0.9780192307692308,193.80307692307693,0.07692307692307693,0.41350769230769235,0.0,ces
P043_00004_016,78,0,0,0,1,0,0,0,,,,,,,,
