file,page_num,Clear,Trash,Noisy,Empty,Non-text,total_word_count,total_char_count,avg_word_count,avg_char_count,avg_garbage_density,avg_lang_score,avg_perplex,avg_symbol,avg_upper,avg_repeated,avg_ldl_fuses,avg_gibberish,avg_word_weird,avg_quality_score,main_lang
MTX194600222,1,10,2,2,0,1,72,424,5.1429,30.2857,0.0618,0.8263,1093.4221,0.2143,0.0,0.0,0.0,0.0714,0.0,0.7156,ces_Latn
MTX194601130,1,7,0,2,0,1,34,197,3.7778,21.8889,0.0451,0.8393,997.7033,0.2222,0.0,0.0,0.0,0.0,0.0063,0.6932,ces_Latn
MTX194602129,1,8,1,3,0,0,48,326,4.0,27.1667,0.0122,0.7321,1710.9067,0.0833,0.0,0.0,0.0,0.0833,0.0042,0.7483,ces_Latn
MTX194602989,1,9,1,3,0,0,39,325,3.0,25.0,0.0298,0.8241,1531.5215,0.1538,0.0,0.0,0.0,0.1538,0.0164,0.7455,ces_Latn
MTX194700758,1,5,1,3,0,2,42,195,4.6667,21.6667,0.0394,0.6525,996.35,0.3333,0.0,0.0,0.0,0.0,0.0111,0.6134,ces_Latn
MTX194701553,2,14,0,2,0,2,81,545,5.0625,34.0625,0.0281,0.8318,815.0562,0.1875,0.0,0.0,0.0,0.0,0.0113,0.7231,ces_Latn
MTX194800123,5,15,0,2,0,3,118,648,6.9412,38.1176,0.0416,0.937,377.3259,0.0588,0.0,0.0,0.0,0.0588,0.0034,0.641,ces_Latn
MTX194800839,1,28,1,9,0,3,152,952,4.0,25.0526,0.0067,0.9113,1062.5013,0.1316,0.0263,0.0,0.0,0.0,0.0133,0.7528,ces_Latn
MTX194900081,16,31,0,4,0,3,299,1902,8.5429,54.3429,0.0255,0.9587,717.4214,0.2,0.0,0.0,0.0,0.0857,0.0104,0.7799,ces_Latn
MTX195000579,10,11,2,0,0,5,143,733,11.0,56.3846,0.0371,0.919,1244.8431,0.3846,0.0769,0.0,0.0,0.1538,0.0013,0.7695,deu_Latn
MTX195001022,3,0,2,0,0,0,4,25,2.0,12.5,0.1726,0.7405,1075595.31,0.0,0.0,0.0,0.0,0.5,0.0,0.5536,ces_Latn
MTX195001467,2,17,0,5,0,3,65,403,2.9545,18.3182,0.005,0.8066,909.5877,0.0455,0.0455,0.0,0.0,0.0909,0.0026,0.7683,ces_Latn
MTX195100569,2,7,1,5,0,1,52,329,4.0,25.3077,0.0686,0.8404,4456.31,0.1538,0.0769,0.0,0.0769,0.1538,0.0391,0.6464,ces_Latn
MTX195100878,42,37,1,2,0,0,327,2078,8.175,51.95,0.0147,0.9641,638.3005,0.05,0.025,0.0,0.0,0.025,0.0018,0.7944,ces_Latn
MTX195200247,43,13,7,2,0,117,55,221,2.5,10.0455,0.0186,0.9209,250674.4845,0.0,0.0,0.0,0.0,0.0,0.0,0.639,ces_Latn
MTX195203035,2,32,0,3,0,2,158,1000,4.5143,28.5714,0.0046,0.8998,793.2703,0.0,0.0,0.0,0.0286,0.0,0.0021,0.8189,ces_Latn
MTX195400366e,13,2,0,0,0,1,4,29,2.0,14.5,0.0,0.995,2545.74,0.0,0.0,0.0,0.0,0.0,0.0,0.8126,ces_Latn
MTX195401664,180,36,0,0,0,1,317,1920,8.8056,53.3333,0.0088,0.9593,487.0192,0.0,0.0,0.0,0.0,0.0278,0.0,0.8232,ces_Latn
MTX195500739,47,0,0,0,0,3,0,0,,,,,,,,,,,,,unknown
MTX195600086,23,2,2,3,0,1,34,196,4.8571,28.0,0.0657,0.3886,3172.0986,0.2857,0.1429,0.0,0.0,0.1429,0.0214,0.62,ces_Latn
MTX195701084,17,12,0,16,0,3,189,1349,6.75,48.1786,0.0275,0.9573,581.1714,0.5357,0.0357,0.0,0.0,0.5,0.0254,0.8212,ces_Latn
MTX195800591,1,7,0,0,0,1,35,214,5.0,30.5714,0.0258,0.9628,645.0557,0.0,0.0,0.0,0.0,0.0,0.0,0.7575,ces_Latn
MTX195900318,2,6,1,2,0,0,44,211,4.8889,23.4444,0.062,0.7908,2043.0411,0.1111,0.0,0.0,0.0,0.0,0.0111,0.6594,ces_Latn
MTX195901493,31,2,0,1,0,0,40,126,13.3333,42.0,0.0161,0.7732,1614.9033,0.0,0.0,0.0,0.0,0.0,0.0,0.6565,cat_Latn
MTX195903041,115,20,3,8,0,0,146,1063,4.7097,34.2903,0.0152,0.9247,1845.3952,0.3548,0.0,0.0,0.0,0.2258,0.0289,0.7432,ces_Latn
MTX195904331,64,0,1,0,0,0,2,12,2.0,12.0,0.0833,0.2646,633.0,1.0,0.0,0.0,0.0,0.0,0.2,0.6367,tur_Latn
MTX196000680,2,41,7,12,0,1,233,1876,3.8833,31.2667,0.0706,0.8456,1413.0597,0.1833,0.1167,0.0,0.0333,0.0333,0.0174,0.7396,ces_Latn
MTX196001619,1,4,1,5,0,1,36,226,3.6,22.6,0.0585,0.7582,1645.383,0.2,0.0,0.0,0.0,0.0,0.0333,0.6903,ces_Latn
MTX196003260,1,3,0,2,0,1,19,113,3.8,22.6,0.0396,0.8977,1679.614,0.2,0.0,0.0,0.0,0.0,0.0,0.6876,ces_Latn
MTX196100298,3,20,0,1,0,7,163,1031,7.7619,49.0952,0.0073,0.9748,726.1148,0.0,0.0,0.0,0.0,0.0476,0.0,0.8319,ces_Latn
MTX196101432,25,26,0,10,0,18,173,992,4.8056,27.5556,0.0332,0.7935,731.2431,0.0556,0.0,0.0,0.0,0.0556,0.0014,0.6905,ces_Latn
MTX196200013,7,26,0,1,0,0,226,1285,8.3704,47.5926,0.0132,0.8879,492.8607,0.0741,0.037,0.0,0.0,0.0,0.0044,0.7578,ces_Latn
MTX196201901,1,10,0,1,0,2,46,297,4.1818,27.0,0.0365,0.7798,1264.4645,0.0909,0.0,0.0,0.0,0.0,0.0052,0.7718,ces_Latn
MTX196202246b,64,0,1,2,0,1,6,50,2.0,16.6667,0.2174,0.385,804.78,0.3333,0.0,0.0,0.3333,0.6667,0.1833,0.4554,ces_Latn
MTX196301035,7,31,0,0,0,1,310,1958,10.0,63.1613,0.002,0.9981,427.6845,0.0645,0.0,0.0,0.0,0.0,0.0025,0.8516,ces_Latn
MTX196402185,10,25,0,9,0,1,234,1420,6.8824,41.7647,0.0266,0.9696,472.7532,0.2353,0.0,0.0,0.0,0.2353,0.0101,0.7666,ces_Latn
MTX196402692,64,24,1,5,0,0,193,1353,6.4333,45.1,0.0132,0.9688,596.5813,0.2667,0.0,0.0,0.0,0.1333,0.0155,0.8168,ces_Latn
MTX196501096,21,1,0,1,0,0,10,26,5.0,13.0,0.0625,0.711,857.265,0.0,0.0,0.0,0.0,0.0,0.0,0.5412,ces_Latn
MTX196600014a,106,2,0,2,0,0,11,58,2.75,14.5,0.0263,0.8061,2612.525,0.0,0.0,0.0,0.0,0.0,0.0,0.6208,slk_Latn
MTX196600324,104,34,2,4,0,13,302,1866,7.55,46.65,0.0106,0.9423,621.4022,0.25,0.0,0.0,0.0,0.0,0.0142,0.7855,ces_Latn
MTX196601637,15,36,1,9,0,3,357,2124,7.7609,46.1739,0.0326,0.9134,461.5093,0.6957,0.0,0.0,0.0,0.0,0.0256,0.7582,ces_Latn
MTX196700251,2,25,0,1,0,1,232,1319,8.9231,50.7308,0.0203,0.9574,811.1612,0.0769,0.0,0.0,0.0,0.0385,0.0022,0.7637,ces_Latn
MTX196701644,58,1,0,0,0,2,7,51,7.0,51.0,0.0392,0.9675,428.53,0.0,0.0,0.0,0.0,0.0,0.0,0.8532,ces_Latn
MTX196800147,2,12,2,2,0,2,32,199,2.0,12.4375,0.0643,0.8032,1976.0688,0.0,0.0625,0.0,0.0,0.0,0.0021,0.7649,ces_Latn
MTX196801918,1,4,0,1,0,1,15,105,3.0,21.0,0.0,0.827,536.874,0.0,0.0,0.0,0.0,0.0,0.0,0.8341,ces_Latn
MTX196900057,31,34,1,3,0,4,317,1932,8.3421,50.8421,0.0159,0.9505,556.2003,0.2105,0.0,0.0,0.0,0.0,0.0126,0.7945,ces_Latn
MTX196901633,1,8,0,1,0,0,49,351,5.4444,39.0,0.015,0.9118,756.8022,0.2222,0.0,0.0,0.0,0.0,0.0272,0.7898,ces_Latn
MTX196902540,92,22,0,1,0,1,209,1276,9.087,55.4783,0.0051,0.9802,407.4278,0.0435,0.0,0.0,0.0,0.0435,0.0016,0.8327,ces_Latn
MTX196902798,12,24,2,10,0,21,188,830,5.2222,23.0556,0.0272,0.7816,1837.8017,0.0833,0.0,0.0,0.0,0.0,0.0,0.5843,ces_Latn
MTX196902800,548,0,0,1,0,4,10,32,10.0,32.0,0.0625,0.4244,1881.86,0.0,0.0,0.0,0.0,0.0,0.0,0.4992,nld_Latn
MTX196902801b,201,0,0,0,0,2,0,0,,,,,,,,,,,,,unknown
MTX197001029,48,2,1,0,0,0,7,38,2.3333,12.6667,0.0,0.9983,4947.8933,0.0,0.0,0.0,0.0,0.0,0.0,0.6653,ces_Latn
MTX197002947,23,4,0,0,0,0,32,183,8.0,45.75,0.0,0.9529,1277.7775,0.0,0.0,0.0,0.0,0.0,0.0,0.7492,ces_Latn
MTX197101416,55,0,0,1,0,0,7,28,7.0,28.0,0.0357,0.4931,2351.43,0.0,0.0,0.0,0.0,1.0,0.0,0.4697,slk_Latn
MTX197102018,76,20,2,8,0,13,202,1489,6.7333,49.6333,0.0168,0.9432,368.5213,0.1333,0.0333,0.0,0.0,0.2333,0.0312,0.8116,ces_Latn
MTX197102280a,7,4,0,0,0,0,12,71,3.0,17.75,0.0089,0.833,1234.3,0.0,0.0,0.0,0.0,0.0,0.0,0.6995,ces_Latn
MTX197200133,329,0,0,1,0,2,2,7,2.0,7.0,0.0,0.956,3447.51,0.0,0.0,0.0,0.0,0.0,0.0,0.5262,vie_Latn
MTX197200475,121,23,0,4,0,0,200,1197,7.4074,44.3333,0.0117,0.9701,498.41,0.1111,0.0,0.0,0.0,0.1111,0.0053,0.8,ces_Latn
MTX197201066,21,25,0,2,0,1,202,1251,7.4815,46.3333,0.0093,0.9634,820.3859,0.0741,0.0,0.0,0.0,0.0741,0.0028,0.8001,ces_Latn
MTX197201928,95,19,0,7,0,24,170,1038,6.5385,39.9231,0.0157,0.9386,750.0796,0.3462,0.0,0.0,0.0,0.1538,0.0149,0.7923,ces_Latn
MTX197202075,162,28,0,12,0,9,261,1686,6.525,42.15,0.0237,0.9276,1032.0735,0.3,0.0,0.0,0.0,0.275,0.0167,0.7483,ces_Latn
MTX197202075c,37,0,0,1,0,0,5,13,5.0,13.0,0.0,0.9628,2070.17,0.0,0.0,0.0,0.0,0.0,0.0,0.4871,bos_Latn
MTX197300386a,152,0,0,0,0,5,0,0,,,,,,,,,,,,,unknown
MTX197301738,2,16,0,3,0,0,167,1116,8.7895,58.7368,0.0007,0.9476,747.3653,0.0526,0.0,0.0,0.0,0.1579,0.0021,0.8458,ces_Latn
MTX197302498,224,0,0,2,0,0,10,48,5.0,24.0,0.0417,0.664,4704.015,0.0,0.0,0.0,0.0,0.0,0.0,0.4834,slv_Latn
MTX197400069,219,21,1,1,0,1,190,1152,8.2609,50.087,0.0158,0.9191,557.4874,0.1304,0.0,0.0,0.0,0.0,0.0101,0.7988,ces_Latn
MTX197400250,39,1,0,1,0,1,7,48,3.5,24.0,0.0,0.7767,1672.635,0.0,0.0,0.0,0.0,0.0,0.0,0.7129,ces_Latn
MTX197402223,22,2,1,0,0,11,8,36,2.6667,12.0,0.0,1.0,86657.0333,0.0,0.0,0.0,0.0,0.0,0.0,0.5713,ces_Latn
MTX197402691c,16,3,0,2,0,0,15,75,3.0,15.0,0.0299,0.7666,2143.612,0.0,0.0,0.0,0.0,0.2,0.0,0.6013,ces_Latn
MTX197500983,51,21,0,2,0,25,164,983,7.1304,42.7391,0.0235,0.9251,641.3204,0.4348,0.0,0.0,0.0,0.0,0.0224,0.7725,ces_Latn
MTX197501658,13,21,0,6,0,1,195,1161,7.2222,43.0,0.0169,0.9695,1186.7411,0.2222,0.0,0.0,0.0,0.2222,0.0079,0.783,ces_Latn
MTX197600712,61,2,0,1,0,0,11,48,3.6667,16.0,0.0196,0.8798,1808.5567,0.3333,0.0,0.0,0.0,0.0,0.019,0.5968,vie_Latn
MTX197601190,282,2,0,0,0,3,19,105,9.5,52.5,0.0204,0.9948,326.715,0.5,0.5,0.0,0.0,0.0,0.0,0.7647,ces_Latn
MTX197602349,102,27,0,1,0,0,253,1561,9.0357,55.75,0.0057,0.9948,506.6479,0.0357,0.0,0.0,0.0,0.0,0.0029,0.8428,ces_Latn
MTX197700727,84,1,0,0,0,1,2,8,2.0,8.0,0.0,0.6143,316146.0,0.0,0.0,0.0,0.0,0.0,0.0,0.508,deu_Latn
MTX197700852,26,23,1,2,0,3,183,1141,7.0385,43.8846,0.0237,0.9471,682.9046,0.0,0.0,0.0,0.0,0.0,0.0,0.772,ces_Latn
MTX197701950,110,1,1,0,0,0,4,28,2.0,14.0,0.0,0.6562,863.935,0.0,0.0,0.0,0.0,0.5,0.0,0.6223,slk_Latn
MTX197701983,206,2,0,1,0,1,20,97,6.6667,32.3333,0.0216,0.8687,1149.87,0.6667,0.0,0.0,0.0,0.0,0.0267,0.6662,ces_Latn
MTX197800407,13,10,2,3,0,0,109,549,7.2667,36.6,0.0243,0.8672,1988.114,0.0,0.0,0.0,0.0,0.0,0.0,0.6894,ces_Latn
MTX197801725,227,0,0,1,0,1,7,51,7.0,51.0,0.0196,0.9335,1457.21,1.0,0.0,0.0,0.0,1.0,0.0571,0.7431,ces_Latn
MTX197801893,143,26,0,7,0,0,259,1585,7.8485,48.0303,0.0403,0.9181,417.0064,0.1515,0.0303,0.0,0.0,0.1818,0.0086,0.7766,ces_Latn
MTX197801896,751,2,0,2,0,4,20,101,5.0,25.25,0.038,0.8372,1138.475,0.25,0.0,0.0,0.0,0.0,0.05,0.64,vie_Latn
MTX197900600d,40,0,0,0,0,1,0,0,,,,,,,,,,,,,unknown
MTX197901684a,153,3,0,1,0,6,16,77,4.0,19.25,0.0174,0.7743,1654.8525,0.25,0.0,0.0,0.0,0.0,0.0125,0.6503,ces_Latn
MTX197902084,126,4,0,1,0,5,14,76,2.8,15.2,0.034,0.7898,5204.266,0.2,0.0,0.0,0.0,0.0,0.04,0.7066,ces_Latn
MTX198000059,2,13,1,8,0,3,53,308,2.4091,14.0,0.0666,0.7867,4027.2832,0.1364,0.0,0.0,0.0,0.0,0.0091,0.7227,ces_Latn
MTX198000767,377,0,0,0,0,1,0,0,,,,,,,,,,,,,unknown
MTX198001743,2,27,0,1,0,0,340,2119,12.1429,75.6786,0.0127,0.9921,441.8232,0.1429,0.0,0.0,0.0,0.1071,0.0031,0.8255,ces_Latn
MTX198001789,438,2,3,0,0,4,15,79,3.0,15.8,0.01,0.9482,5824.652,0.0,0.0,0.0,0.0,0.0,0.0,0.643,slk_Latn
MTX198101596,13,27,0,1,0,0,245,1573,8.75,56.1786,0.0067,0.9393,571.6482,0.0,0.0,0.0,0.0,0.0,0.0,0.8201,ces_Latn
MTX198101596b,42,2,0,1,0,0,23,116,7.6667,38.6667,0.0293,0.8558,430.7133,0.0,0.0,0.0,0.0,0.3333,0.0,0.7669,ces_Latn
MTX198200359a,100,0,1,1,0,1,12,60,6.0,30.0,0.0312,0.7221,1124.07,0.5,0.0,0.0,0.0,1.0,0.0334,0.5742,ces_Latn
MTX198201507b,45,0,0,0,0,1,0,0,,,,,,,,,,,,,unknown
MTX198300332,188,1,0,0,0,0,9,46,9.0,46.0,0.0217,0.6086,748.46,0.0,0.0,0.0,0.0,1.0,0.0,0.6547,ces_Latn
MTX198300874a,2,7,1,0,0,1,29,150,3.625,18.75,0.0,0.9349,3879.5625,0.0,0.0,0.0,0.0,0.0,0.0,0.7822,ces_Latn
MTX198301561,6,1,0,0,0,0,6,39,6.0,39.0,0.0256,0.7678,992.05,0.0,0.0,0.0,0.0,0.0,0.0,0.7506,ces_Latn
MTX198401242,33,23,1,2,0,1,168,1039,6.4615,39.9615,0.0225,0.9462,1148.215,0.1923,0.0,0.0,0.0,0.0,0.0107,0.7683,ces_Latn
MTX198401561,118,36,0,0,0,2,275,1670,7.6389,46.3889,0.0149,0.9604,364.6489,0.0,0.0,0.0,0.0,0.0,0.0,0.802,ces_Latn
MTX198500418,3,0,0,1,0,0,12,64,12.0,64.0,0.1094,0.9994,508.81,1.0,0.0,0.0,0.0,1.0,0.0,0.6775,ces_Latn
MTX198501579a,26,3,1,6,0,0,24,149,2.4,14.9,0.0367,0.6904,1568.817,0.4,0.0,0.0,0.0,0.0,0.08,0.6231,ces_Latn
MTX198501580,558,1,0,0,0,0,3,11,3.0,11.0,0.0,0.7152,11636.79,0.0,0.0,0.0,0.0,0.0,0.0,0.4171,eng_Latn
MTX198501581c,200,1,6,1,0,10,25,107,3.125,13.375,0.1264,0.6434,7719.3612,0.75,0.125,0.0,0.0,0.0,0.1035,0.4548,eng_Latn
MTX198501738,5,2,0,1,0,1,35,240,11.6667,80.0,0.0509,0.4362,668.7267,0.0,0.0,0.0,0.0,0.0,0.0,0.7649,ces_Latn
MTX198502051,1,7,0,1,0,1,25,173,3.125,21.625,0.054,0.9247,1234.8225,0.0,0.125,0.0,0.0,0.0,0.0025,0.8161,ces_Latn
MTX198600160,26,14,0,1,0,2,110,684,7.3333,45.6,0.0204,0.9419,468.212,0.0,0.0,0.0,0.0,0.0667,0.0,0.7873,ces_Latn
MTX198601244,2,18,3,2,0,2,59,338,2.5652,14.6957,0.052,0.7703,31574.9696,0.0435,0.0,0.0,0.0,0.0,0.0087,0.708,ces_Latn
MTX198700603,108,1,0,1,0,0,10,65,5.0,32.5,0.0344,0.9816,571.225,0.0,0.0,0.0,0.0,0.5,0.0,0.7161,ces_Latn
MTX198701325a,78,0,0,1,0,1,13,65,13.0,65.0,0.0308,0.8798,878.85,1.0,0.0,0.0,0.0,3.0,0.0308,0.616,ces_Latn
MTX198701536,109,1,0,1,0,0,12,49,6.0,24.5,0.068,0.8266,2108.16,0.0,0.0,0.0,0.0,0.5,0.0,0.538,ces_Latn
MTX198701989,296,0,0,1,0,1,7,44,7.0,44.0,0.0227,0.9027,1583.93,0.0,0.0,0.0,0.0,0.0,0.0,0.618,ces_Latn
MTX198800750,235,0,0,0,0,3,0,0,,,,,,,,,,,,,unknown
MTX198801710,14,2,0,0,0,2,6,31,3.0,15.5,0.0384,0.8278,1289.9,0.0,0.0,0.0,0.0,0.0,0.0,0.7107,ces_Latn
MTX198901330,16,2,0,0,0,0,10,66,5.0,33.0,0.0,0.9784,906.145,0.0,0.0,0.0,0.0,0.0,0.0,0.8176,ces_Latn
MTX198901502,31,1,0,1,0,1,13,48,6.5,24.0,0.0,0.7568,1633.43,0.0,0.5,0.0,0.0,0.5,0.0062,0.5682,ces_Latn
MTX199000167,191,3,0,0,0,0,15,82,5.0,27.3333,0.0272,0.8241,869.5367,0.0,0.0,0.0,0.0,0.0,0.0,0.7163,ces_Latn
MTX199000593,17,8,12,2,0,31,22,156,1.0,7.0909,0.0,0.6244,173873.0382,0.0,0.0,0.0,0.0,0.0,0.0,0.8032,uzn_Latn
MTX199001457,3,11,0,2,0,0,113,722,8.6923,55.5385,0.005,0.981,733.8146,0.1538,0.0,0.0,0.0,0.0,0.0068,0.8324,ces_Latn
MTX199001523,133,4,2,1,0,0,31,160,4.4286,22.8571,0.0464,0.8121,1404.7371,0.1429,0.0,0.0,0.0,0.0,0.0286,0.6489,ces_Latn
MTX199100076,38,1,0,0,0,0,7,39,7.0,39.0,0.0256,0.9662,373.64,0.0,0.0,0.0,0.0,0.0,0.0,0.657,slk_Latn
MTX199100250,360,26,0,2,0,0,198,1159,7.0714,41.3929,0.003,0.957,448.3325,0.0,0.0,0.0,0.0,0.0,0.0,0.7803,ces_Latn
MTX199100271,13,15,3,7,0,2,115,654,4.6,26.16,0.0416,0.6516,765.4068,0.16,0.0,0.0,0.0,0.0,0.032,0.7207,ces_Latn
MTX199100873,34,9,0,0,0,2,71,431,7.8889,47.8889,0.0204,0.9805,811.9089,0.0,0.0,0.0,0.0,0.0,0.0,0.7427,ces_Latn
MTX199100984,97,0,0,1,0,1,6,38,6.0,38.0,0.0263,0.506,537.44,0.0,0.0,0.0,0.0,1.0,0.0,0.6849,slk_Latn
MTX199101349,11,1,0,0,0,1,4,17,4.0,17.0,0.0,0.9944,888.13,0.0,0.0,0.0,0.0,0.0,0.0,0.6638,ces_Latn
MTX199200009,114,2,0,1,0,2,10,59,3.3333,19.6667,0.0,0.8484,1191.4867,0.0,0.0,0.0,0.0,0.3333,0.0,0.6732,ces_Latn
MTX199200226,81,1,0,0,0,0,10,59,10.0,59.0,0.0339,0.8503,416.52,1.0,0.0,0.0,0.0,0.0,0.04,0.7067,slk_Latn
MTX199200870,4,1,0,1,0,0,10,57,5.0,28.5,0.0352,0.9978,215.61,0.0,0.0,0.0,0.0,0.5,0.0,0.6965,ces_Latn
MTX199201450,67,22,0,2,0,1,180,951,7.5,39.625,0.0215,0.928,448.1762,0.0,0.0,0.0,0.0,0.0,0.0,0.7141,ces_Latn
MTX199300016,8,27,0,2,0,1,233,1554,8.0345,53.5862,0.0048,0.9817,516.361,0.0,0.0,0.0,0.0,0.0345,0.0,0.824,ces_Latn
MTX199300446,33,1,2,1,0,0,16,126,4.0,31.5,0.0195,0.92,111851.965,0.25,0.0,0.0,0.0,0.25,0.0125,0.7398,ces_Latn
MTX199400046,83,10,1,2,0,4,31,166,2.3846,12.7692,0.0148,0.9253,2364.1477,0.0769,0.0,0.0,0.0,0.0,0.0051,0.7769,ces_Latn
MTX199400464,180,1,0,0,0,1,14,61,14.0,61.0,0.0,0.7251,282.43,0.0,0.0,0.0,0.0,0.0,0.0,0.6296,ces_Latn
MTX199400522,58,33,0,1,0,0,276,1638,8.1176,48.1765,0.0011,0.9906,644.8918,0.0,0.0,0.0,0.0,0.0,0.0,0.8044,ces_Latn
MTX199400525,33,10,0,1,0,0,84,587,7.6364,53.3636,0.01,0.9856,454.39,0.0909,0.0,0.0,0.0,0.0909,0.0036,0.847,ces_Latn
MTX199500404,14,1,2,1,0,0,22,88,5.5,22.0,0.1075,0.7842,4271.265,0.75,0.0,0.0,0.0,0.0,0.04,0.522,ces_Latn
MTX199500805,1,11,1,4,0,3,42,284,2.625,17.75,0.0746,0.903,2781.8988,0.0625,0.0,0.0,0.0,0.125,0.0083,0.7055,ces_Latn
MTX199600716,30,0,0,0,0,1,0,0,,,,,,,,,,,,,unknown
MTX199700250,67,37,2,9,0,5,364,2377,7.5833,49.5208,0.0124,0.8292,963.504,0.0,0.0,0.0,0.0208,0.1042,0.0016,0.8092,ces_Latn
MTX199700453a,148,4,1,0,0,2,20,140,4.0,28.0,0.0259,0.8071,964.822,0.0,0.0,0.0,0.0,0.0,0.0,0.7046,ces_Latn
MTX199700849,476,1,0,2,0,2,14,89,4.6667,29.6667,0.0347,0.6998,876.08,0.3333,0.0,0.0,0.0,0.3333,0.0167,0.7303,ces_Latn
MTX199800292,5,39,0,4,0,1,486,3111,11.3023,72.3488,0.007,0.9863,403.3347,0.093,0.0,0.0,0.0,0.093,0.0029,0.845,ces_Latn
MTX199800736,91,56,10,29,0,8,421,2127,4.4316,22.3895,0.1002,0.7037,2566.0651,0.1053,0.0,0.0,0.0,0.0316,0.0085,0.6593,ces_Latn
MTX199801049,4,21,0,1,0,1,254,1647,11.5455,74.8636,0.003,0.9827,342.8141,0.0909,0.0,0.0,0.0,0.0,0.0013,0.8369,ces_Latn
MTX199900132,44,2,2,0,0,3,19,96,4.75,24.0,0.0353,0.7732,456.1075,0.25,0.0,0.0,0.0,0.75,0.02,0.6649,ces_Latn
MTX199900307a,65,0,0,1,0,2,2,7,2.0,7.0,0.0,0.984,2882.94,0.0,0.0,0.0,0.0,0.0,0.0,0.5488,vie_Latn
MTX199900717,46,41,0,4,0,339,96,431,2.1333,9.5778,0.0023,0.6934,944.8633,0.0,0.0,0.0,0.0,0.0444,0.0,0.4777,eng_Latn
MTX200000113,9,14,16,60,0,19,1132,4882,12.5778,54.2444,0.0697,0.6029,1428.0694,1.1667,0.9556,0.0667,0.0333,0.4778,0.0296,0.5877,est_Latn
MTX200000536,2,70,10,22,0,72,243,1373,2.3824,13.4608,0.0492,0.7757,2222.4035,0.0196,0.0,0.0,0.0098,0.1275,0.0047,0.7337,ces_Latn
MTX200001167,2,72,11,22,0,64,237,1375,2.2571,13.0952,0.053,0.7509,3241.9666,0.019,0.0095,0.0,0.0,0.1333,0.0076,0.7448,ces_Latn
MTX200001799,143,3,0,0,0,0,7,56,2.3333,18.6667,0.0,0.8607,1345.4733,0.0,0.0,0.0,0.0,0.0,0.0,0.738,ces_Latn
MTX200100419,433,24,0,2,0,5,174,1050,6.6923,40.3846,0.0061,0.9587,436.1958,0.0385,0.0,0.0,0.0,0.0385,0.0015,0.8019,ces_Latn
MTX200100935,50,50,0,8,0,0,505,3317,8.7069,57.1897,0.0475,0.974,1843.5079,0.1034,0.0,0.0,0.0,0.0862,0.0044,0.7885,ces_Latn
MTX200101703,14,23,7,0,0,3,113,678,3.7667,22.6,0.0937,0.7895,1280.5023,0.1333,0.0,0.0,0.0,0.1333,0.0019,0.7414,ces_Latn
MTX200200340,3,33,7,9,0,73,108,700,2.2041,14.2857,0.0516,0.6896,2238.1084,0.0408,0.0,0.0,0.0,0.0204,0.0082,0.7557,ces_Latn
MTX200200528,1,38,8,13,0,10,267,1608,4.5254,27.2542,0.0548,0.8287,3058.3729,0.1695,0.0339,0.0,0.0508,0.1864,0.0133,0.6939,ces_Latn
MTX200201315,45,1,1,0,0,59,5,9,2.5,4.5,0.0,0.9774,7229.735,0.0,0.0,0.0,0.0,0.0,0.0,0.3984,eng_Latn
MTX200202203,11,49,2,3,0,37,408,2406,7.5556,44.5556,0.012,0.9536,705.9676,0.2407,0.0,0.0,0.0,0.0,0.0123,0.7627,ces_Latn
MTX200300079,3,28,1,2,0,4,74,462,2.3871,14.9032,0.0494,0.8569,1780.5006,0.0,0.0,0.0,0.0,0.0968,0.0,0.788,ces_Latn
MTX200300579,16,4,1,2,0,11,27,177,3.8571,25.2857,0.0041,0.8731,6391.6871,0.1429,0.0,0.0,0.0,0.0,0.0114,0.8194,ces_Latn
MTX200300587,869,89,45,31,0,60,420,2184,2.5455,13.2364,0.137,0.718,6178.6218,0.0727,0.0,0.0,0.0,0.0,0.0034,0.6575,ces_Latn
MTX200300587,1869,46,3,14,0,1,582,3058,9.2381,48.5397,0.1019,0.7467,1158.1654,0.1905,0.0159,0.0,0.0,0.0952,0.0066,0.7003,ces_Latn
MTX200300600,88,1,0,1,0,3,5,20,2.5,10.0,0.0,0.5292,621.705,0.0,0.0,0.0,0.0,0.0,0.0,0.7184,ces_Latn
MTX200301799,96,39,1,13,0,1,571,3014,10.7736,56.8679,0.1185,0.7891,996.3572,0.1132,0.0,0.0,0.0,0.0943,0.0051,0.7072,ces_Latn
MTX200302450,17,1,0,0,0,2,2,6,2.0,6.0,0.0,0.982,626.79,0.0,0.0,0.0,0.0,0.0,0.0,0.6309,vie_Latn
MTX200400400,514,26,1,9,0,1,276,1748,7.6667,48.5556,0.0337,0.9236,443.4594,0.1944,0.0,0.0,0.0,0.1667,0.0088,0.7761,ces_Latn
MTX200400401,302,1,4,2,0,406,24,102,3.4286,14.5714,0.0773,0.9092,19593.2229,0.4286,0.1429,0.0,0.1429,0.1429,0.0629,0.4069,hye_Armn
MTX200400479,3,29,6,15,0,27,115,775,2.3,15.5,0.0262,0.6323,1577.2924,0.2,0.0,0.0,0.0,0.14,0.0053,0.7551,ces_Latn
MTX200400992,9,6,0,15,0,1,240,1186,11.4286,56.4762,0.0259,0.8944,682.9667,0.8095,0.0,0.0,0.0,0.7619,0.0278,0.6623,ces_Latn
MTX200401655,176,2,0,2,0,0,30,224,7.5,56.0,0.0288,0.9957,534.1425,0.5,0.0,0.0,0.0,0.5,0.0191,0.7483,ces_Latn
MTX200401668,4,17,0,1,0,1,187,1235,10.3889,68.6111,0.0,0.9804,333.92,0.0,0.0,0.0,0.0,0.1111,0.0,0.8402,ces_Latn
MTX200401700,23,4,0,1,0,0,24,127,4.8,25.4,0.0113,0.9741,1028.162,0.0,0.0,0.0,0.0,0.0,0.0,0.7053,ces_Latn
MTX200401801,209,65,21,12,0,17,389,1997,3.9694,20.3776,0.1317,0.7019,2408.6195,0.051,0.0,0.0,0.0,0.0,0.0041,0.6691,ces_Latn
MTX200401801,1209,9,20,43,0,229,79,662,1.0972,9.1944,0.0448,0.5717,15257.6932,0.0139,0.0,0.0,0.0,0.5556,0.0011,0.5305,ces_Latn
MTX200401846,3,4,0,0,0,0,50,325,12.5,81.25,0.0054,1.0,342.3675,0.5,0.0,0.0,0.0,0.0,0.0077,0.8858,ces_Latn
MTX200401865,267,12,0,2,0,0,56,378,4.0,27.0,0.0102,0.9946,1619.8979,0.0714,0.0,0.0,0.0,0.0,0.0,0.7888,ces_Latn
MTX200401900,6,38,0,0,0,2,391,2740,10.2895,72.1053,0.0007,0.9871,563.7876,0.0,0.0,0.0,0.0,0.0789,0.0,0.8544,ces_Latn
MTX200402847,34,2,0,1,0,1,17,95,5.6667,31.6667,0.049,0.8176,846.9433,0.3333,0.0,0.0,0.0,0.0,0.0267,0.755,ces_Latn
MTX200500070,1,33,10,12,0,8,233,1306,4.2364,23.7455,0.0738,0.8162,2096.4516,0.2,0.0182,0.0,0.0182,0.1818,0.0275,0.6671,ces_Latn
MTX200500291,237,1,0,1,0,0,18,88,9.0,44.0,0.0124,0.7506,1134.07,0.5,0.0,0.0,0.0,0.5,0.0125,0.6337,ces_Latn
MTX200500510,1,42,5,21,0,13,329,1951,4.8382,28.6912,0.0342,0.8731,2361.3487,0.2353,0.0,0.0,0.0,0.1912,0.0028,0.7133,ces_Latn
MTX200501118,1,19,1,6,0,1,129,847,4.9615,32.5769,0.053,0.8979,3489.8931,0.4231,0.0,0.0,0.0,0.0769,0.0282,0.7116,ces_Latn
MTX200501518,172,1,0,0,0,0,5,29,5.0,29.0,0.0345,0.6725,1177.68,0.0,0.0,0.0,0.0,0.0,0.0,0.7012,ces_Latn
MTX200501534,130,24,5,7,0,9,236,1260,6.5556,35.0,0.0981,0.7755,1294.8303,0.6944,0.0,0.0,0.0,0.0,0.0037,0.7061,ces_Latn
MTX200501544,47,5,29,7,0,724,66,181,1.6098,4.4146,0.1746,0.8795,4274.3346,0.2927,0.0,0.0,0.0,0.0,0.1024,0.5017,eng_Latn
MTX200501742,1,25,3,4,0,3,157,990,4.9062,30.9375,0.0331,0.8734,2695.205,0.2812,0.0,0.0,0.0,0.1562,0.0167,0.7442,ces_Latn
MTX200502446,6,33,0,2,0,1,415,2762,11.8571,78.9143,0.0047,0.9826,525.1343,0.1429,0.0,0.0,0.0,0.0,0.0046,0.8223,ces_Latn
MTX200502480,36,0,0,1,0,2,2,6,2.0,6.0,0.0,0.5331,824.17,0.0,0.0,0.0,0.0,0.0,0.0,0.623,slk_Latn
MTX200503123a,111,2,1,0,0,1,11,67,3.6667,22.3333,0.0556,0.8683,2537.6833,0.0,0.0,0.0,0.0,0.0,0.0,0.6286,vie_Latn
MTX200503539,178,58,15,23,0,5,530,2598,5.5208,27.0625,0.1612,0.6998,2057.9412,0.0521,0.0,0.0,0.0,0.0417,0.0032,0.6293,ces_Latn
MTX200600084,15,35,5,0,0,2,220,1530,5.5,38.25,0.0415,0.9156,2335.0738,0.0,0.0,0.0,0.0,0.0,0.0,0.7659,ces_Latn
MTX200600086c,74,13,1,2,0,1,50,330,3.125,20.625,0.0701,0.8836,2405.8025,0.0625,0.0,0.0,0.0,0.125,0.0125,0.7213,ces_Latn
MTX200600087,53,6,0,1,0,5,26,185,3.7143,26.4286,0.0042,0.934,712.4771,0.0,0.0,0.0,0.0,0.0,0.0,0.7915,ces_Latn
MTX200600094,526,1,0,1,0,22,7,58,3.5,29.0,0.0213,0.9997,5553.03,0.5,0.0,0.0,0.0,0.5,0.0334,0.747,ces_Latn
MTX200600096e,97,2,0,3,0,0,31,173,6.2,34.6,0.0738,0.8601,794.008,0.2,0.0,0.0,0.0,0.6,0.04,0.6755,ces_Latn
MTX200600107,10,47,0,5,0,1,664,4598,12.7692,88.4231,0.0234,0.9551,322.0006,0.0,0.0192,0.0,0.0,0.1538,0.0001,0.7994,ces_Latn
MTX200600330,53,0,0,0,0,490,0,0,,,,,,,,,,,,,unknown
MTX200600970,1,43,7,17,0,11,334,1987,4.9851,29.6567,0.0338,0.8881,3459.411,0.194,0.0,0.0,0.0,0.209,0.0007,0.7114,ces_Latn
MTX200602105,9,10,7,0,0,744,34,198,2.0,11.6471,0.0142,0.8611,74711.1153,0.0,0.0,0.0,0.0,0.0,0.0,0.7483,ces_Latn
MTX200602112,154,1,0,0,0,24,2,6,2.0,6.0,0.0,0.9868,548.8,0.0,0.0,0.0,0.0,0.0,0.0,0.634,vie_Latn
MTX200603011,50,1,3,3,0,1,27,192,3.8571,27.4286,0.1099,0.6535,482.54,0.7143,0.0,0.0,0.0,1.0,0.1429,0.5657,ces_Latn
MTX200700141a,19,19,4,12,0,16,202,1045,5.7714,29.8571,0.0872,0.8029,1128.4014,0.6857,0.0,0.0,0.0,0.0571,0.0038,0.7103,ces_Latn
MTX200700143b,129,23,7,12,0,22,132,823,3.1429,19.5952,0.0871,0.7452,1593.916,0.1905,0.0,0.0,0.0,0.0714,0.0111,0.7283,ces_Latn
MTX200700146,74,1,0,0,0,1,15,75,15.0,75.0,0.04,1.0,327.27,1.0,0.0,0.0,0.0,0.0,0.0267,0.6779,ces_Latn
MTX200700237,46,0,0,1,0,0,2,6,2.0,6.0,0.0,0.4222,220.78,0.0,0.0,0.0,0.0,0.0,0.0,0.6472,vie_Latn
MTX200700788,1,40,6,13,0,12,277,1547,4.6949,26.2203,0.0548,0.845,2086.5014,0.1017,0.0,0.0,0.0339,0.1695,0.0082,0.667,ces_Latn
MTX200702067,3,18,1,2,0,6,113,765,5.381,36.4286,0.0104,0.8063,1907.7452,0.0,0.0,0.0,0.0,0.0952,0.0,0.7968,ces_Latn
MTX200702086,25,36,8,0,0,8,262,1679,5.9545,38.1591,0.0561,0.8513,1410.3068,0.0455,0.0,0.0,0.0,0.0227,0.0031,0.7265,ces_Latn
MTX200702108,110,1,1,1,0,3,14,80,4.6667,26.6667,0.0479,0.7834,1126.6467,0.6667,0.0,0.0,0.0,0.3333,0.0857,0.6901,ces_Latn
MTX200702139,5,10,0,1,0,1,78,559,7.0909,50.8182,0.0108,0.9549,946.5145,0.2727,0.0,0.0,0.0,0.0909,0.0176,0.8098,ces_Latn
MTX200702619,13,40,6,3,0,218,59,358,1.2041,7.3061,0.0077,0.8454,39142.4706,0.0,0.0,0.0,0.0,0.0,0.0,0.7927,ces_Latn
MTX200702621,722,91,23,6,0,11,412,2252,3.4333,18.7667,0.1046,0.7693,3008.6976,0.0833,0.0,0.0,0.0,0.0833,0.0085,0.6789,ces_Latn
MTX200702621b,249,0,0,1,0,0,2,8,2.0,8.0,0.0,0.4914,616.08,0.0,0.0,0.0,0.0,0.0,0.0,0.6459,vie_Latn
MTX200702963,15,7,0,1,0,1,38,222,4.75,27.75,0.0185,0.9595,800.5062,0.0,0.0,0.0,0.0,0.0,0.0,0.7698,ces_Latn
MTX200704018,47,9,0,0,0,2,64,369,7.1111,41.0,0.0207,0.9404,428.12,0.0,0.0,0.0,0.0,0.0,0.0,0.7185,ces_Latn
MTX200704342,5,3,0,0,0,1,12,109,4.0,36.3333,0.0185,0.9768,325.28,0.0,0.0,0.0,0.0,0.0,0.0,0.8411,ces_Latn
MTX200800735,51,23,6,4,0,1,143,886,4.3333,26.8485,0.0638,0.7243,2283.1936,0.1212,0.0,0.0,0.0,0.0606,0.0192,0.7481,ces_Latn
MTX200800738,676,32,9,4,0,8,79,540,1.7556,12.0,0.0693,0.7918,5158.3313,0.0444,0.0,0.0,0.0,0.0222,0.0133,0.7381,ces_Latn
MTX200801100,85,26,21,2,0,234,57,369,1.1633,7.5306,0.0,0.6208,2127.4978,0.0,0.0,0.0,0.0,0.0,0.0,0.7916,eus_Latn
MTX200801102a,179,127,15,24,0,15,504,2961,3.0361,17.8373,0.0664,0.7492,1056.0931,0.006,0.0,0.0,0.0,0.0,0.0008,0.7463,ces_Latn
MTX200801112,126,70,45,10,0,32,417,2091,3.336,16.728,0.1567,0.7282,4481.3052,0.048,0.0,0.0,0.0,0.024,0.0036,0.6341,ces_Latn
MTX200802027,3,20,0,1,0,0,221,1579,10.5238,75.1905,0.0033,0.9733,466.7367,0.0952,0.0476,0.0,0.0,0.0476,0.0043,0.8672,ces_Latn
MTX200803163,2,66,24,9,0,63,205,1227,2.0707,12.3939,0.0367,0.7148,1302.0655,0.1616,0.0,0.0,0.0,0.0404,0.0,0.7842,ces_Latn
MTX200803221b,184,65,34,20,0,25,514,2492,4.3193,20.9412,0.1674,0.6875,2206.5753,0.1513,0.0,0.0,0.0,0.0756,0.0071,0.6203,ces_Latn
MTX200803241,20,0,2,2,0,0,14,77,3.5,19.25,0.02,0.3338,4165.12,0.0,0.0,0.0,0.0,0.5,0.0,0.5684,ces_Latn
MTX200803251,118,1,2,3,0,0,31,180,5.1667,30.0,0.0437,0.5815,5941.44,0.1667,0.0,0.0,0.0,0.6667,0.0133,0.6076,ces_Latn
MTX200803268,16,4,0,0,0,0,30,194,7.5,48.5,0.0033,0.9955,459.095,0.25,0.0,0.0,0.0,0.0,0.0083,0.793,ces_Latn
MTX200803296,2,4,0,0,0,0,49,324,12.25,81.0,0.0053,1.0,361.47,0.5,0.0,0.0,0.0,0.0,0.0072,0.8909,ces_Latn
MTX200804141,30,1,0,0,0,221,2,10,2.0,10.0,0.0,0.6451,32537.86,0.0,0.0,0.0,0.0,0.0,0.0,0.51,ces_Latn
MTX200804148,162,32,0,0,0,0,293,1821,9.1562,56.9062,0.053,0.9945,358.3741,1.0,0.0,0.0,0.0,0.0,0.0439,0.7226,ces_Latn
MTX200804548,2,69,13,16,0,62,231,1354,2.3571,13.8163,0.0556,0.7303,1488.6033,0.0102,0.0,0.0,0.0,0.0816,0.0041,0.751,ces_Latn
MTX200900235,5,4,0,1,0,1,40,256,8.0,51.2,0.0154,0.8621,794.12,0.0,0.0,0.0,0.0,0.0,0.0,0.778,ces_Latn
MTX200900641,26,0,0,0,0,16,0,0,,,,,,,,,,,,,unknown
MTX200901099,3,34,8,11,0,32,103,659,1.9434,12.434,0.033,0.7139,1810.8977,0.0943,0.0,0.0,0.0,0.0189,0.0038,0.7816,ces_Latn
MTX200901944,393,45,4,9,0,3,175,1151,3.0172,19.8448,0.0137,0.7787,3054.0126,0.0862,0.0,0.0,0.0,0.0517,0.0092,0.737,ces_Latn
MTX200901974,13,1,0,0,0,0,9,42,9.0,42.0,0.0476,0.9944,1150.68,0.0,0.0,0.0,0.0,0.0,0.0,0.6452,ces_Latn
MTX200902788,1,20,2,4,0,3,204,1348,7.8462,51.8462,0.0312,0.8601,1912.1146,0.2308,0.0,0.0,0.0,0.2692,0.0063,0.7348,ces_Latn
MTX200902984,227,2,0,1,0,2,6,26,2.0,8.6667,0.0,0.5861,3442.4533,0.0,0.0,0.0,0.0,0.0,0.0,0.5749,ces_Latn
MTX200902989,220,85,41,20,0,20,414,2251,2.8356,15.4178,0.1248,0.7345,4815.3077,0.0274,0.0,0.0,0.0,0.0137,0.003,0.677,ces_Latn
MTX200903279,118,21,1,3,0,5,146,896,5.84,35.84,0.0724,0.8273,715.9352,0.12,0.0,0.0,0.0,0.12,0.006,0.7899,ces_Latn
MTX200904035,8,23,0,2,0,1,243,1599,9.72,63.96,0.0102,0.9662,503.3208,0.04,0.0,0.0,0.0,0.12,0.0011,0.8,ces_Latn
MTX200904043,135,4,2,0,0,0,54,283,9.0,47.1667,0.0272,0.8949,4828.75,0.1667,0.0,0.0,0.0,0.6667,0.0133,0.6072,ces_Latn
MTX200904057,251,4,1,2,0,0,34,195,4.8571,27.8571,0.0296,0.8144,1697.72,0.2857,0.0,0.0,0.0,0.4286,0.0476,0.651,ces_Latn
MTX200904985,1,38,4,21,0,7,303,1820,4.8095,28.8889,0.0269,0.8888,13430.1108,0.254,0.0317,0.0,0.0159,0.127,0.0275,0.7134,ces_Latn
MTX200906065,1,20,1,9,0,3,121,798,4.0333,26.6,0.0351,0.9029,61951.809,0.2,0.0,0.0,0.0,0.1,0.0144,0.7568,ces_Latn
MTX201000123,1,23,2,3,0,1,117,793,4.1786,28.3214,0.0412,0.9311,66254.2314,0.2143,0.0,0.0,0.0,0.0714,0.0274,0.7586,ces_Latn
MTX201000399a,61,1,0,1,0,0,2,10,1.0,5.0,0.0,0.6966,612.895,0.0,0.0,0.0,0.0,0.0,0.0,0.8505,gle_Latn
MTX201000869,3,35,6,12,0,34,100,639,1.8868,12.0566,0.0272,0.7177,1704.3353,0.0566,0.0,0.0,0.0,0.0189,0.0,0.7936,ces_Latn
MTX201001388,59,0,0,2,0,14,30,186,15.0,93.0,0.0822,0.456,42.14,2.0,0.0,0.0,0.0,0.5,0.0134,0.7889,ces_Latn
MTX201001393a,80,11,0,0,0,8,24,154,2.1818,14.0,0.0083,0.9717,3162.9982,0.0,0.0,0.0,0.0,0.0,0.0,0.7849,ces_Latn
MTX201001397,157,1,3,5,0,84,11,200,1.2222,22.2222,0.0685,0.5558,3934.5833,0.4444,0.0,0.0,0.1111,0.0,0.1944,0.5595,gle_Latn
MTX201001636,14,1,0,0,0,0,16,86,16.0,86.0,0.0349,0.9989,1297.64,0.0,0.0,0.0,0.0,0.0,0.0,0.7062,ces_Latn
MTX201001857,65,10,0,0,0,1,114,828,11.4,82.8,0.0,0.9862,372.039,0.0,0.0,0.0,0.0,0.0,0.0,0.8652,ces_Latn
MTX201002178,205,2,0,2,0,0,39,248,9.75,62.0,0.0122,0.9777,1240.54,0.25,0.0,0.0,0.0,0.25,0.0091,0.7175,ces_Latn
MTX201003223,2,26,1,1,0,7,68,447,2.4286,15.9643,0.0052,0.8528,3059.1718,0.0,0.0,0.0,0.0,0.0,0.0,0.8154,ces_Latn
MTX201004341,3,15,0,1,0,0,71,433,4.4375,27.0625,0.0219,0.8478,1563.3888,0.0,0.0,0.0,0.0,0.0,0.0,0.7556,ces_Latn
MTX201004357,227,31,20,4,0,256,63,363,1.1455,6.6,0.0006,0.5628,79559.78,0.0182,0.0,0.0,0.0,0.0,0.0015,0.7808,eng_Latn
MTX201004886,2,72,21,14,0,70,212,1274,1.9813,11.9065,0.03,0.7164,1867.4693,0.1028,0.0,0.0,0.0,0.0374,0.0,0.7906,ces_Latn
MTX201100445,159,0,1,0,0,2,2,7,2.0,7.0,0.0,0.7828,6988.46,0.0,0.0,0.0,0.0,0.0,0.0,0.4641,azj_Latn
MTX201100865,187,1,2,0,0,1,5,25,1.6667,8.3333,0.1029,0.4336,8537.02,0.3333,0.3333,0.0,0.0,0.3333,0.0667,0.5794,deu_Latn
MTX201101146,36,3,0,0,0,0,23,132,7.6667,44.0,0.0106,0.9906,1816.7633,0.0,0.0,0.0,0.0,0.0,0.0,0.6801,ces_Latn
MTX201101719,85,56,0,4,0,57,961,4477,16.0167,74.6167,0.0119,0.9701,568.2738,0.9333,0.0,0.0,0.0,0.0,0.0222,0.6994,ces_Latn
MTX201102233,4,9,0,0,0,1,65,422,7.2222,46.8889,0.0106,0.8675,621.9322,0.0,0.0,0.0,0.0,0.1111,0.0,0.823,ces_Latn
MTX201103598,441,57,4,9,0,247,234,1556,3.3429,22.2286,0.0031,0.9006,2097.1227,0.0286,0.0143,0.0,0.0,0.0143,0.004,0.8244,ces_Latn
MTX201103613,51,3,1,1,0,0,41,236,8.2,47.2,0.0157,0.8239,3265.17,0.2,0.0,0.0,0.0,0.2,0.01,0.7312,ces_Latn
MTX201103626,10,23,0,1,0,2,245,1637,10.2083,68.2083,0.0191,0.9314,602.4675,0.0,0.0,0.0,0.0,0.1667,0.0,0.8238,ces_Latn
MTX201103637,55,6,1,11,0,3,62,488,3.4444,27.1111,0.0473,0.8811,725.7089,0.6111,0.0,0.0,0.0,0.1111,0.0352,0.7474,ces_Latn
MTX201200400,10,28,1,0,0,3,276,1754,9.5172,60.4828,0.0198,0.952,720.8493,0.0345,0.0,0.0,0.0,0.0345,0.0015,0.7723,ces_Latn
MTX201200430,335,17,1,3,0,3,50,345,2.381,16.4286,0.0474,0.8808,3572.4362,0.0476,0.0,0.0,0.0,0.0,0.019,0.7929,ces_Latn
MTX201201325,61,1,0,0,0,22,2,11,2.0,11.0,0.0,0.9882,935.42,0.0,0.0,0.0,0.0,0.0,0.0,0.6463,ces_Latn
MTX201202412,1,6,0,1,0,1,25,175,3.5714,25.0,0.0064,0.8027,574.3529,0.1429,0.0,0.0,0.0,0.0,0.0082,0.7507,ces_Latn
MTX201203776,7,5,1,1,0,2,25,151,3.5714,21.5714,0.0233,0.9746,1796.3114,0.0,0.0,0.0,0.0,0.0,0.0,0.7731,ces_Latn
MTX201204824,41,5,0,0,0,1,48,364,9.6,72.8,0.0,0.9749,1012.976,0.0,0.0,0.0,0.0,0.0,0.0,0.8206,ces_Latn
MTX201204833,176,29,0,4,0,7,524,2935,15.8788,88.9394,0.1078,0.997,225.6215,0.4242,0.0,0.0,0.0,0.3939,0.0046,0.7522,ces_Latn
MTX201204839,313,5,0,0,0,0,44,212,8.8,42.4,0.009,0.9918,470.844,0.0,0.0,0.0,0.0,0.0,0.0,0.6471,ces_Latn
MTX201204850,17,19,0,1,0,17,61,279,3.05,13.95,0.0,0.9671,839.65,0.0,0.0,0.0,0.0,0.0,0.0,0.6079,ces_Latn
MTX201204864,33,29,0,1,0,8,473,2524,15.7667,84.1333,0.1319,0.8933,180.3017,0.1,0.0,0.0,0.0,0.0,0.0014,0.6998,ces_Latn
MTX201205148,216,1,0,0,0,0,16,80,16.0,80.0,0.0125,0.9954,398.99,1.0,0.0,0.0,0.0,0.0,0.025,0.6403,ces_Latn
MTX201300189,2,68,7,18,0,61,225,1354,2.4194,14.5591,0.0344,0.7761,1136.7699,0.172,0.0,0.0,0.0,0.043,0.0,0.7957,ces_Latn
MTX201300368,652,0,0,1,0,0,9,75,9.0,75.0,0.08,0.9457,360.18,1.0,0.0,0.0,0.0,1.0,0.0444,0.7388,ces_Latn
MTX201300911,9,31,9,1,0,1,232,1483,5.6585,36.1707,0.0646,0.8578,1809.9668,0.2195,0.0,0.0,0.0,0.0,0.0125,0.7202,ces_Latn
MTX201302426,43,1,0,0,0,0,11,60,11.0,60.0,0.0333,0.9418,880.61,1.0,0.0,0.0,0.0,0.0,0.0364,0.708,ces_Latn
MTX201303815,2,7,2,3,0,2,36,256,3.0,21.3333,0.0088,0.9047,8917.9658,0.0,0.0,0.0,0.0,0.0,0.0,0.76,ces_Latn
MTX201305262,4,21,0,1,0,8,98,654,4.4545,29.7273,0.0078,0.8323,4167.4232,0.0,0.0,0.0,0.0,0.0455,0.0,0.8148,ces_Latn
MTX201400213,106,1,1,3,0,10,11,56,2.2,11.2,0.0125,0.518,4425.128,0.2,0.0,0.0,0.0,0.2,0.0267,0.6296,ces_Latn
MTX201400611,5,40,1,0,0,1,488,3080,11.9024,75.122,0.0022,0.9954,547.4066,0.0,0.0,0.0,0.0,0.0,0.0,0.8411,ces_Latn
MTX201401356,1,7,1,1,0,2,29,230,3.2222,25.5556,0.0185,0.8172,2583.8011,0.1111,0.0,0.0,0.0,0.0,0.0063,0.8149,ces_Latn
MTX201401560,19,18,0,1,0,1,184,1255,9.6842,66.0526,0.0051,0.9999,367.7411,0.0526,0.0,0.0,0.0,0.0526,0.0023,0.8605,ces_Latn
MTX201401561,921,11,0,1,0,0,49,311,4.0833,25.9167,0.0521,0.959,1094.1658,0.0833,0.0,0.0,0.0,0.0833,0.0037,0.7637,ces_Latn
MTX201402724,268,2,0,0,0,0,30,175,15.0,87.5,0.0343,0.9903,963.565,0.0,0.0,0.0,0.0,0.0,0.0,0.7047,ces_Latn
MTX201404180,356,3,0,0,0,0,29,143,9.6667,47.6667,0.0298,0.9771,974.5333,0.0,0.0,0.0,0.0,0.0,0.0,0.6717,ces_Latn
MTX201405927,5,0,0,1,0,0,2,6,2.0,6.0,0.0,0.3982,87.71,0.0,0.0,0.0,0.0,0.0,0.0,0.6525,dan_Latn
MTX201501305,10,26,0,2,0,1,270,1963,9.6429,70.1071,0.0066,0.9979,420.4521,0.25,0.0357,0.0,0.0,0.0714,0.0067,0.8605,ces_Latn
MTX201501320,19,2,0,0,0,0,14,46,7.0,23.0,0.087,0.9989,962.665,0.0,0.0,0.0,0.0,0.0,0.0,0.6167,ces_Latn
MTX201502851,6,2,0,0,0,2,28,184,14.0,92.0,0.0326,0.989,472.395,0.0,0.0,0.0,0.0,1.0,0.0,0.7788,ces_Latn
MTX201503710,20,29,1,13,0,6,552,2992,12.8372,69.5814,0.0181,0.8842,527.2347,0.5814,0.0,0.0,0.0,0.7907,0.0157,0.6648,ces_Latn
MTX201504019,559,88,38,17,0,67,358,1949,2.5035,13.6294,0.121,0.7404,4032.6874,0.042,0.0,0.0,0.0,0.042,0.0072,0.6809,ces_Latn
MTX201504674,9,6,1,1,0,1,60,416,7.5,52.0,0.0279,0.6297,533.2888,0.125,0.0,0.0,0.0,0.125,0.005,0.7384,ces_Latn
MTX201505008,11,41,0,0,0,1,493,3128,12.0244,76.2927,0.005,0.9987,367.0934,0.0,0.0,0.0,0.0,0.0,0.0,0.8508,ces_Latn
MTX201505281,6,6,0,0,0,1,36,162,6.0,27.0,0.0222,0.9502,558.4317,0.0,0.0,0.0,0.0,0.0,0.0,0.7167,ces_Latn
MTX201600169,145,1,0,2,0,1,22,146,7.3333,48.6667,0.028,0.8902,390.54,0.6667,0.0,0.0,0.0,0.6667,0.0259,0.7859,ces_Latn
MTX201600519,280,77,52,10,0,201,174,1154,1.2518,8.3022,0.0035,0.7916,223400.5919,0.0432,0.0,0.0,0.0,0.0,0.0173,0.7732,ces_Latn
MTX201600587,199,53,18,18,0,143,107,675,1.2022,7.5843,0.0212,0.7463,3300.8036,0.0,0.0,0.0,0.0,0.0,0.0,0.6764,slk_Latn
MTX201600744,134,0,1,0,0,9,1,4,1.0,4.0,0.0,0.9823,232626.22,0.0,0.0,0.0,0.0,0.0,0.0,0.704,nob_Latn
MTX201601371,239,2,0,3,0,1,59,334,11.8,66.8,0.0305,0.8669,387.006,1.0,0.0,0.0,0.0,1.0,0.0303,0.7211,ces_Latn
MTX201601468,289,29,38,6,0,258,79,573,1.0822,7.8493,0.0005,0.7229,32375.2211,0.0137,0.0,0.0,0.0,0.0,0.0014,0.7719,slk_Latn
MTX201601589,2,16,1,3,0,1,125,891,6.25,44.55,0.0125,0.8795,1777.3705,0.2,0.0,0.0,0.0,0.05,0.0112,0.7706,ces_Latn
MTX201601722,164,41,0,7,0,8,477,2517,9.9375,52.4375,0.1,0.8241,467.9806,0.1875,0.0,0.0,0.0,0.25,0.0053,0.7299,ces_Latn
MTX201601723,131,2,0,0,0,2,7,29,3.5,14.5,0.0217,0.8891,639.94,0.0,0.0,0.0,0.0,0.0,0.0,0.6244,slv_Latn
MTX201601915,86,26,0,0,0,0,208,1325,8.0,50.9615,0.0051,0.9999,333.0008,0.0769,0.0,0.0,0.0,0.0,0.0033,0.8447,ces_Latn
MTX201602054,70,30,1,14,0,66,100,667,2.2222,14.8222,0.0071,0.7593,812.0544,0.0,0.0,0.0,0.0,0.2222,0.0,0.6464,vie_Latn
MTX201602066,213,21,5,4,0,4,112,504,3.7333,16.8,0.0795,0.8227,23467.7117,0.0333,0.0,0.0,0.0,0.0,0.0,0.6644,ces_Latn
MTX201602073,78,16,6,3,0,10,86,441,3.44,17.64,0.0616,0.8008,6694.378,0.0,0.0,0.0,0.0,0.12,0.0,0.654,ces_Latn
MTX201602118a,64,1,0,0,0,0,9,47,9.0,47.0,0.0851,0.6899,911.35,0.0,0.0,0.0,0.0,0.0,0.0,0.6945,ces_Latn
MTX201602133,126,1,0,1,0,1,9,37,4.5,18.5,0.0167,0.6714,2384.095,0.0,0.0,0.0,0.0,0.5,0.0,0.5724,ces_Latn
MTX201602146,161,2,0,0,0,2,8,52,4.0,26.0,0.0228,0.9516,226.915,0.0,0.0,0.0,0.0,0.0,0.0,0.706,ces_Latn
MTX201602232a,197,2,0,0,0,4,9,36,4.5,18.0,0.0,0.7678,2709.295,0.0,0.0,0.0,0.0,0.0,0.0,0.5808,ces_Latn
MTX201602235,112,0,0,1,0,1,7,32,7.0,32.0,0.0938,0.5061,898.87,1.0,0.0,0.0,0.0,0.0,0.0571,0.6206,slk_Latn
MTX201602242,272,62,9,14,0,16,290,1573,3.4118,18.5059,0.1062,0.8076,1890.2008,0.4588,0.0,0.0,0.0,0.0,0.0021,0.6984,ces_Latn
MTX201602244,136,46,3,7,0,294,118,733,2.1071,13.0893,0.0029,0.8804,2543.1712,0.0536,0.0,0.0,0.0,0.0,0.0077,0.7718,ces_Latn
MTX201602385,28,24,0,3,0,0,210,1303,7.7778,48.2593,0.0123,0.9951,662.9667,0.1481,0.0,0.0,0.0,0.0,0.0088,0.8098,ces_Latn
MTX201602530,13,54,0,1,0,17,363,2439,6.6,44.3455,0.0406,0.9095,472.1069,0.0545,0.0,0.0,0.0,0.0182,0.0027,0.8433,ces_Latn
MTX201602582,101,3,0,1,0,2,23,170,5.75,42.5,0.0114,0.9446,709.235,0.25,0.0,0.0,0.0,0.25,0.0143,0.748,ces_Latn
MTX201602677,3,9,2,1,0,1,43,248,3.5833,20.6667,0.0281,0.9239,1527.6483,0.0833,0.0,0.0,0.0,0.0833,0.0111,0.7043,ces_Latn
MTX201602714,40,18,4,3,0,4,104,625,4.16,25.0,0.0678,0.8226,1148.1324,0.2,0.08,0.0,0.0,0.16,0.0219,0.6793,ces_Latn
MTX201602920,6,32,1,2,0,1,335,2485,9.5714,71.0,0.0069,0.954,523.4423,0.1429,0.0,0.0,0.0,0.0286,0.0062,0.872,ces_Latn
MTX201603036,9,0,0,1,0,0,2,6,2.0,6.0,0.0,0.3573,587.03,0.0,0.0,0.0,0.0,0.0,0.0,0.6325,vie_Latn
MTX201603220,101,1,1,1,0,3,10,38,3.3333,12.6667,0.1528,0.6461,1784.6367,1.0,0.0,0.0,0.0,0.3333,0.0,0.4863,deu_Latn
MTX201603360,9,10,3,1,0,1,98,733,7.0,52.3571,0.0325,0.8118,1280.79,0.2143,0.0,0.0,0.0714,0.0,0.0384,0.7505,ces_Latn
MTX201603504,16,5,0,0,0,0,45,301,9.0,60.2,0.0065,0.9189,1390.688,0.0,0.0,0.0,0.0,0.0,0.0,0.7888,ces_Latn
MTX201604182,12,2,0,0,0,0,22,128,11.0,64.0,0.023,0.8356,627.245,0.0,0.0,0.0,0.0,0.0,0.0,0.7893,ces_Latn
MTX201604333,22,26,0,2,0,1,230,1561,8.2143,55.75,0.002,0.9407,1545.8818,0.0,0.1429,0.0,0.0,0.0,0.0014,0.8382,deu_Latn
MTX201604986,494,29,21,22,0,226,100,533,1.3889,7.4028,0.0026,0.5562,18941.1039,0.0139,0.0,0.0,0.0,0.0,0.0009,0.7265,ces_Latn
MTX201605001,118,43,0,11,0,1,490,2548,9.0741,47.1852,0.1078,0.7906,1067.3257,0.1296,0.0,0.0,0.0,0.1111,0.0056,0.6962,ces_Latn
MTX201605248,34,0,0,1,0,0,2,6,2.0,6.0,0.0,0.3971,653.0,0.0,0.0,0.0,0.0,0.0,0.0,0.6299,vie_Latn
MTX201605331,679,37,2,12,0,3,508,2498,9.9608,48.9804,0.1453,0.7764,680.8312,0.0588,0.0,0.0,0.0,0.0588,0.0024,0.6829,ces_Latn
MTX201606181,103,47,0,6,0,9,502,3221,9.4717,60.7736,0.0466,0.9185,567.6496,0.2453,0.0,0.0,0.0,0.1132,0.0065,0.7716,ces_Latn
MTX201700011,8,3,0,0,0,0,22,158,7.3333,52.6667,0.0068,0.9509,593.0733,0.0,0.0,0.0,0.0,0.0,0.0,0.7589,ces_Latn
MTX201700046,2,21,0,6,0,2,125,874,4.6296,32.3704,0.0471,0.877,730.3956,0.1111,0.0,0.0,0.0,0.1111,0.0128,0.7812,ces_Latn
MTX201700079,13,62,46,1,0,331,231,1591,2.1193,14.5963,0.0096,0.6601,5821.9743,0.0,0.0,0.0,0.0,0.0,0.0,0.754,epo_Latn
MTX201700244,10,0,0,0,0,12,0,0,,,,,,,,,,,,,unknown
MTX201700396,1,43,3,20,0,10,291,1727,4.4091,26.1667,0.0304,0.885,2017.0358,0.197,0.0,0.0,0.0,0.1667,0.0003,0.7241,ces_Latn
MTX201700485,47,79,22,23,0,28,505,2638,4.0726,21.2742,0.1315,0.735,2179.1768,0.0403,0.0,0.0,0.0,0.0323,0.004,0.6513,ces_Latn
MTX201700489,458,30,4,2,0,56,100,802,2.7778,22.2778,0.0252,0.8404,5126.4633,0.0,0.0,0.0,0.0,0.0,0.0,0.7592,ces_Latn
MTX201700490,886,14,20,18,0,260,68,450,1.3077,8.6538,0.0013,0.6471,24262.2038,0.0192,0.0,0.0,0.0,0.0192,0.0019,0.7131,swe_Latn
MTX201700491,660,91,40,15,0,25,421,2166,2.8836,14.8356,0.1428,0.7102,4066.1954,0.0548,0.0,0.0,0.0,0.0205,0.003,0.635,ces_Latn
MTX201700492,237,79,26,14,0,13,415,2352,3.4874,19.7647,0.1031,0.7642,3475.1057,0.084,0.0,0.0,0.0,0.0756,0.008,0.6884,ces_Latn
MTX201700492,1237,92,22,8,0,10,433,2349,3.5492,19.2541,0.1069,0.7676,2747.573,0.082,0.0,0.0,0.0,0.082,0.0087,0.68,ces_Latn
MTX201700504,12,6,2,4,0,14,34,196,2.8333,16.3333,0.0412,0.7908,1974.78,0.1667,0.0,0.0,0.0,0.0833,0.0417,0.6489,ces_Latn
MTX201700541,24,2,0,0,0,0,24,144,12.0,72.0,0.0139,0.9291,389.51,0.0,0.0,0.0,0.0,0.0,0.0,0.7523,ces_Latn
MTX201700550,3,27,0,2,0,1,283,2052,9.7586,70.7586,0.0038,0.989,692.859,0.1724,0.0,0.0,0.0,0.1034,0.0046,0.8539,ces_Latn
MTX201700578,4,14,1,0,0,1,62,388,4.1333,25.8667,0.0204,0.9405,1272.2627,0.0,0.0,0.0,0.0,0.0,0.0,0.7215,ces_Latn
MTX201700595,44,30,0,1,0,55,154,950,4.9677,30.6452,0.0016,0.9254,2415.5216,0.0323,0.0,0.0,0.0,0.0323,0.0065,0.6867,ces_Latn
MTX201700614,1,8,0,4,0,0,51,367,4.25,30.5833,0.0141,0.8824,931.6742,0.1667,0.0,0.0,0.0,0.1667,0.0067,0.797,ces_Latn
MTX201700656,6,30,6,2,0,3,259,1634,6.8158,43.0,0.0323,0.8792,1504.3689,0.1053,0.0,0.0,0.0,0.0,0.0134,0.7675,ces_Latn
MTX201700715,187,1,0,2,0,0,32,189,10.6667,63.0,0.0444,0.708,539.55,0.6667,0.0,0.0,0.0,0.6667,0.0312,0.6759,ces_Latn
MTX201700765,10,3,0,0,0,0,38,222,12.6667,74.0,0.0132,0.8962,680.13,0.0,0.0,0.0,0.3333,0.0,0.0036,0.8191,ces_Latn
MTX201700797,4,39,1,9,0,2,449,3009,9.1633,61.4082,0.0113,0.9289,411.8478,0.3469,0.0,0.0,0.0,0.1633,0.0113,0.7954,ces_Latn
MTX201700841,188,3,0,0,0,4,13,71,4.3333,23.6667,0.0167,0.7748,852.6867,0.0,0.0,0.0,0.0,0.0,0.0,0.6913,ces_Latn
MTX201700909,66,73,1,31,0,158,302,1362,2.8762,12.9714,0.0164,0.5855,1014.3286,0.0,0.0,0.0,0.0,0.0,0.0,0.6919,slk_Latn
MTX201700927,97,0,0,3,0,0,42,248,14.0,82.6667,0.0444,0.8949,277.81,1.0,0.0,0.0,0.0,1.0,0.0287,0.7018,ces_Latn
MTX201700968,12,17,0,2,0,0,210,1420,11.0526,74.7368,0.0068,0.9744,535.98,0.0,0.0,0.0,0.0,0.3684,0.0,0.7975,ces_Latn
MTX201700988,4,34,0,1,0,1,334,2250,9.5429,64.2857,0.0064,0.9579,30925.1454,0.0857,0.0,0.0,0.0,0.0571,0.0037,0.8463,ces_Latn
MTX201701019,41,21,4,9,0,8,79,459,2.3235,13.5,0.0656,0.7606,3074.3015,0.0294,0.0,0.0,0.0,0.0294,0.002,0.7087,ces_Latn
MTX201701055,110,2,0,1,0,2,21,133,7.0,44.3333,0.0216,0.9611,1270.7433,0.3333,0.0,0.3333,0.0,0.0,0.025,0.691,ces_Latn
MTX201701065,98,24,0,6,0,2,146,876,4.8667,29.2,0.0044,0.9786,801.6977,0.0333,0.0,0.0,0.0,0.0,0.0033,0.7925,ces_Latn
MTX201701073,42,1,0,0,0,1,2,12,2.0,12.0,0.0,0.6528,1484.9,0.0,0.0,0.0,0.0,0.0,0.0,0.8276,vie_Latn
MTX201701085,56,7,1,8,0,8,58,300,3.625,18.75,0.0036,0.675,2106.8662,0.0625,0.0625,0.0,0.0,0.0,0.0051,0.6581,ces_Latn
MTX201701098,99,1,1,0,0,1,7,31,3.5,15.5,0.0,0.7213,5444.33,0.0,0.0,0.0,0.0,0.0,0.0,0.489,ces_Latn
MTX201701163,13,51,8,5,0,37,155,873,2.4219,13.6406,0.0012,0.8829,14651.3591,0.0156,0.0,0.0,0.0,0.0,0.0,0.778,ces_Latn
MTX201701186,3,8,0,0,0,1,86,590,10.75,73.75,0.0172,0.9999,334.4562,0.375,0.0,0.0,0.0,0.125,0.0153,0.8198,ces_Latn
MTX201701219,113,69,1,5,0,5,367,2128,4.8933,28.3733,0.0551,0.9678,1311.4809,0.0933,0.0,0.0133,0.0,0.0133,0.0009,0.7799,ces_Latn
MTX201701237,42,14,3,11,0,2,151,706,5.3929,25.2143,0.0376,0.8567,2317.5661,0.2143,0.0,0.0,0.0,0.0,0.0146,0.6014,ces_Latn
MTX201701246,8,31,0,1,0,1,259,1707,8.0938,53.3438,0.0038,0.9877,601.8275,0.0625,0.0,0.0,0.0,0.0312,0.0033,0.8387,ces_Latn
MTX201701290,18,22,4,1,0,0,110,725,4.0741,26.8519,0.0711,0.8023,2138.9307,0.0,0.0,0.0,0.0,0.0,0.0,0.684,ces_Latn
MTX201701303,17,36,3,3,0,5,132,788,3.1429,18.7619,0.0777,0.8595,4135.5031,0.0476,0.0,0.0,0.0,0.0,0.0019,0.7105,ces_Latn
MTX201701312b,209,4,0,1,0,0,58,319,11.6,63.8,0.029,0.8463,528.086,0.6,0.0,0.0,0.0,0.4,0.02,0.6872,ces_Latn
MTX201701316a,210,1,0,0,0,1,3,21,3.0,21.0,0.0476,0.9995,650.5,0.0,0.0,0.0,0.0,0.0,0.0,0.7331,ces_Latn
MTX201701336,97,44,2,12,0,10,195,1288,3.3621,22.2069,0.0719,0.8739,1603.5828,0.1034,0.0,0.0,0.0,0.0862,0.0048,0.7578,ces_Latn
MTX201701355,33,1,0,1,0,1,11,78,5.5,39.0,0.0357,1.0,1220.92,0.5,0.0,0.0,0.0,0.5,0.025,0.7101,ces_Latn
MTX201701417,4,24,0,1,0,1,303,1849,12.12,73.96,0.0041,0.9767,344.3228,0.12,0.0,0.0,0.0,0.0,0.0,0.8403,ces_Latn
MTX201701429,357,21,1,4,0,4,109,586,4.1923,22.5385,0.0454,0.8733,25838.0177,0.0385,0.0,0.0,0.0,0.1923,0.0026,0.7012,ces_Latn
MTX201701442,2,29,1,3,0,4,96,641,2.9091,19.4242,0.0452,0.8592,1258.2158,0.0606,0.0,0.0,0.0,0.0,0.0027,0.8319,ces_Latn
MTX201701456,92,1,0,4,0,4,18,91,3.6,18.2,0.0,0.452,630.332,0.0,0.0,0.0,0.0,0.0,0.0,0.6729,slk_Latn
MTX201701483,51,1,0,0,0,0,14,66,14.0,66.0,0.0455,0.8781,460.18,0.0,0.0,0.0,0.0,1.0,0.0,0.6677,ces_Latn
MTX201701500a,67,0,0,2,0,2,9,49,4.5,24.5,0.0,0.7346,1146.46,0.0,0.0,0.0,0.0,0.5,0.0,0.6608,ces_Latn
MTX201701524,31,1,0,0,0,0,1,5,1.0,5.0,0.0,0.9857,113.15,0.0,0.0,0.0,0.0,0.0,0.0,0.4405,vie_Latn
MTX201701545,255,23,6,2,0,2,103,640,3.3226,20.6452,0.0859,0.7673,1943.1542,0.0968,0.0,0.0,0.0,0.1613,0.0043,0.7198,ces_Latn
MTX201701547,346,1,0,0,0,2,10,61,10.0,61.0,0.0,0.9974,377.68,0.0,0.0,0.0,0.0,1.0,0.0,0.8013,ces_Latn
MTX201701551,48,4,0,43,0,1,496,2717,10.5532,57.8085,0.0595,0.6849,650.6332,0.9149,0.0,0.0,0.0,0.9149,0.0324,0.726,ces_Latn
MTX201701572,1,8,1,4,0,1,39,267,3.0,20.5385,0.0249,0.8923,2002.86,0.2308,0.0,0.0,0.0,0.0,0.0256,0.7845,ces_Latn
MTX201701588,45,2,0,0,0,0,11,65,5.5,32.5,0.0466,0.8679,912.675,0.0,0.0,0.0,0.0,0.0,0.0,0.6802,ces_Latn
MTX201701625,84,35,8,6,0,35,96,706,1.9592,14.4082,0.0766,0.7708,2744.3024,0.0204,0.0,0.0,0.0,0.0204,0.0027,0.7753,ces_Latn
MTX201701635,6,14,5,9,0,71,148,438,5.2857,15.6429,0.0527,0.7507,3524.4825,0.5714,0.0,0.0,0.0,0.0357,0.0444,0.5431,ces_Latn
MTX201701640c,85,36,8,8,0,20,145,692,2.7885,13.3077,0.0506,0.81,37342.2977,0.0192,0.0,0.0,0.0,0.0192,0.0,0.6377,ces_Latn
MTX201701650,209,18,1,10,0,3,223,1153,7.6897,39.7586,0.0397,0.9857,1120.9207,0.0,0.0,0.0,0.0,0.1379,0.0,0.6817,ces_Latn
MTX201701671,83,31,0,0,0,3,323,1848,10.4194,59.6129,0.0037,0.9856,585.1842,0.0,0.0,0.0,0.0,0.0,0.0,0.8016,ces_Latn
MTX201701673,5,42,2,0,0,42,71,446,1.6136,10.1364,0.0,0.9368,7968.407,0.0,0.0,0.0,0.0,0.0,0.0,0.817,ces_Latn
MTX201701712,2,28,2,5,0,1,372,2310,10.6286,66.0,0.0247,0.9624,894.3411,0.2286,0.0,0.0,0.0,0.1143,0.0023,0.7771,ces_Latn
MTX201701826,74,2,0,0,0,0,22,147,11.0,73.5,0.0201,0.9998,492.97,0.0,0.0,0.0,0.0,0.5,0.0,0.8476,ces_Latn
MTX201701846a,36,0,0,1,0,1,9,58,9.0,58.0,0.0862,0.9994,769.77,1.0,0.0,0.0,0.0,1.0,0.0444,0.6688,ces_Latn
MTX201701870,66,3,0,0,0,2,5,28,1.6667,9.3333,0.0256,0.8727,1193.4433,0.0,0.0,0.0,0.0,0.0,0.0,0.6339,slk_Latn
MTX201701899,55,45,1,4,0,38,236,1612,4.72,32.24,0.004,0.9741,2118.8742,0.06,0.0,0.0,0.0,0.06,0.0042,0.8427,ces_Latn
MTX201702032,20,27,4,1,0,4,108,670,3.375,20.9375,0.0812,0.8711,2695.6594,0.0938,0.0,0.0,0.0,0.0,0.0188,0.7079,ces_Latn
MTX201702087,7,2,0,1,0,0,15,99,5.0,33.0,0.0176,0.9931,789.94,0.0,0.0,0.0,0.0,0.6667,0.0,0.84,ces_Latn
MTX201702112,9,9,0,0,0,0,75,444,8.3333,49.3333,0.0045,0.9831,678.0289,0.0,0.0,0.0,0.0,0.0,0.0,0.803,ces_Latn
MTX201702148,54,22,2,0,0,3,119,832,4.9583,34.6667,0.0582,0.8917,817.1183,0.1667,0.0,0.0,0.0,0.0,0.0167,0.7758,ces_Latn
MTX201702177,79,0,0,1,0,0,6,34,6.0,34.0,0.1176,0.9711,1412.72,1.0,0.0,0.0,0.0,0.0,0.0667,0.6334,ces_Latn
MTX201702184,39,49,0,2,0,2,470,2859,9.2157,56.0588,0.0463,0.9323,1080.3486,0.0196,0.0,0.0,0.0,0.0392,0.0,0.7668,ces_Latn
MTX201702366,40,3,0,0,0,0,32,163,10.6667,54.3333,0.0453,0.9781,2300.7967,0.0,0.0,0.0,0.0,0.0,0.0,0.7018,ces_Latn
MTX201702405a,4,5,2,2,0,7,21,140,2.3333,15.5556,0.0278,0.8406,15275.78,0.1111,0.0,0.0,0.0,0.0,0.0,0.7258,ces_Latn
MTX201702409a,1,0,1,0,0,2,4,21,4.0,21.0,0.0952,0.372,6379.29,1.0,0.0,0.0,0.0,0.0,0.1,0.3924,ces_Latn
MTX201702411b,288,5,0,0,0,107,23,97,4.6,19.4,0.0394,0.8863,1481.33,0.0,0.0,0.0,0.0,0.0,0.0,0.7201,ces_Latn
MTX201702417,63,3,0,0,0,0,14,75,4.6667,25.0,0.0278,0.9906,931.13,0.0,0.0,0.0,0.0,0.0,0.0,0.6606,ces_Latn
MTX201702816,25,26,1,1,0,2,246,1432,8.7857,51.1429,0.0011,0.9838,1027.5775,0.0357,0.0,0.0,0.0,0.0,0.0012,0.7906,ces_Latn
MTX201702878,11,36,8,4,0,10,154,774,3.2083,16.125,0.0669,0.7674,5044.1317,0.0625,0.0,0.0,0.0,0.0,0.0043,0.6563,ces_Latn
MTX201702901,16,2,0,0,0,1,11,52,5.5,26.0,0.0435,0.8083,620.145,0.0,0.0,0.0,0.0,0.0,0.0,0.5678,ces_Latn
MTX201702923,192,58,8,14,0,11,173,1310,2.1625,16.375,0.0752,0.8081,1328.7026,0.125,0.0,0.0,0.0,0.0125,0.03,0.7763,ces_Latn
MTX201702940,19,33,10,17,0,1,175,1102,2.9167,18.3667,0.064,0.7588,1534.8555,0.2333,0.0,0.0,0.0,0.0,0.0593,0.6991,ces_Latn
MTX201702962,171,32,7,5,0,8,139,713,3.1591,16.2045,0.0705,0.7942,3659.7839,0.0455,0.0,0.0,0.0,0.0227,0.0013,0.6631,ces_Latn
MTX201702969,17,19,0,0,0,30,70,248,3.6842,13.0526,0.0639,0.4665,1701.6405,0.0,0.0,0.0,0.0,0.0,0.0,0.5343,ces_Latn
MTX201703078f,14,18,2,0,0,19,76,535,3.8,26.75,0.0033,0.9375,1642.3675,0.0,0.0,0.0,0.0,0.0,0.0,0.8176,ces_Latn
MTX201703635,1,26,2,6,0,4,199,1377,5.8529,40.5,0.0375,0.8777,1484.0862,0.1765,0.0,0.0,0.0294,0.0294,0.0123,0.7996,ces_Latn
MTX201705210,2,5,16,9,0,25,90,614,3.0,20.4667,0.03,0.7069,3378.1063,0.2333,0.3667,0.0,0.0333,0.1667,0.0349,0.6583,ces_Latn
MTX201710055,18,2,0,2,0,0,43,288,10.75,72.0,0.0245,0.9987,484.2875,0.5,0.0,0.0,0.0,0.75,0.02,0.7418,ces_Latn
MTX201800017,5,33,0,0,0,1,370,2644,11.2121,80.1212,0.0018,0.9869,364.0412,0.0,0.0,0.0,0.0,0.0606,0.0,0.8719,ces_Latn
MTX201800075,41,3,0,2,0,0,42,253,8.4,50.6,0.0317,0.8147,523.854,0.4,0.0,0.0,0.0,0.0,0.0213,0.695,ces_Latn
MTX201800119,57,10,0,2,0,3,64,408,5.3333,34.0,0.0813,0.8523,847.5758,0.0833,0.0,0.0,0.0,0.0,0.0018,0.7514,ces_Latn
MTX201800184,20,1,0,0,0,2,7,43,7.0,43.0,0.0465,0.75,508.69,0.0,0.0,0.0,0.0,0.0,0.0,0.7094,ces_Latn
MTX201800273,5,28,2,0,0,33,76,407,2.5333,13.5667,0.0011,0.9513,12449.12,0.0,0.0,0.0,0.0,0.0,0.0,0.8147,ces_Latn
MTX201890156,1,11,1,2,0,2,99,680,7.0714,48.5714,0.0082,0.922,1227.8586,0.0714,0.0714,0.0,0.0,0.0714,0.0102,0.7572,ces_Latn
MTX201890927,1,21,1,5,0,2,72,404,2.6667,14.963,0.0147,0.7547,1035.5119,0.0,0.0,0.0,0.0,0.037,0.0,0.7077,ces_Latn
MTX201891491,1,1,1,1,0,3,13,99,4.3333,33.0,0.0503,0.4146,3060.8867,0.3333,0.3333,0.0,0.0,0.3333,0.0444,0.621,deu_Latn
MTX201900012,42,1,0,1,0,0,17,122,8.5,61.0,0.0316,0.9478,291.195,0.5,0.0,0.0,0.0,1.0,0.0167,0.842,ces_Latn
MTX201900025,81,60,9,10,0,2,464,2466,5.8734,31.2152,0.1089,0.7711,1292.4671,0.1772,0.0,0.0,0.0,0.1519,0.0097,0.6893,ces_Latn
MTX201900041,125,83,34,18,0,8,468,2409,3.4667,17.8444,0.1437,0.7551,3230.0016,0.0222,0.0,0.0,0.0,0.0148,0.0025,0.6413,ces_Latn
MTX201900049,2,22,2,2,0,1,59,394,2.2692,15.1538,0.0667,0.8383,960.0881,0.0769,0.0,0.0,0.0,0.0,0.0192,0.8069,ces_Latn
MTX201900063,13,8,2,0,0,107,35,205,3.5,20.5,0.0243,0.7985,3683.012,0.0,0.0,0.0,0.0,0.0,0.0,0.7767,ces_Latn
MTX201900071b,58,1,0,0,0,0,9,48,9.0,48.0,0.0208,0.9999,915.07,0.0,0.0,0.0,0.0,0.0,0.0,0.7149,ces_Latn
MTX201900081a,202,26,37,5,0,229,95,503,1.3971,7.3971,0.0014,0.7061,29398.7763,0.0147,0.0,0.0,0.0,0.0,0.0008,0.7132,tur_Latn
MTX201900086,301,92,24,14,0,21,427,2259,3.2846,17.3769,0.1119,0.7797,3338.2714,0.0692,0.0,0.0,0.0,0.0615,0.0062,0.679,ces_Latn
MTX201900086a,662,0,1,0,0,0,2,8,2.0,8.0,0.0,0.4178,2902.99,0.0,0.0,0.0,0.0,0.0,0.0,0.5544,vie_Latn
MTX201900100,162,15,0,27,0,4,631,3204,15.0238,76.2857,0.0239,0.8953,524.0638,1.1667,0.0,0.0,0.0,1.1905,0.0281,0.6734,ces_Latn
MTX201900100b,257,8,21,23,0,247,61,409,1.1731,7.8654,0.0013,0.5948,21468.874,0.0192,0.0,0.0,0.0,0.0192,0.0013,0.7542,uzn_Latn
MTX201900100d,346,74,33,12,0,26,406,2111,3.4118,17.7395,0.139,0.7251,2102.2203,0.0336,0.0,0.0,0.0,0.0252,0.0036,0.6534,ces_Latn
MTX201900101,2,16,1,3,0,2,37,240,1.85,12.0,0.0626,0.7662,1073.5645,0.0,0.05,0.0,0.0,0.0,0.005,0.8103,ces_Latn
MTX201900132,45,71,1,17,0,175,303,1166,3.4045,13.1011,0.025,0.9147,1351.5824,0.0,0.0,0.0,0.0,0.0,0.0,0.6871,ces_Latn
MTX201900154,1,6,1,3,0,0,30,214,3.0,21.4,0.0351,0.8824,774.407,0.4,0.0,0.0,0.0,0.2,0.06,0.7671,ces_Latn
MTX201900192,41,4,1,2,0,2,15,99,2.1429,14.1429,0.0192,0.6628,2091.32,0.0,0.0,0.0,0.0,0.0,0.0,0.7342,ces_Latn
MTX201900231b,74,57,0,2,0,10,291,1881,4.9322,31.8814,0.0667,0.8982,1012.6117,0.0508,0.0,0.0,0.0169,0.0169,0.0031,0.8014,ces_Latn
MTX201900254,67,1,0,0,0,1,14,83,14.0,83.0,0.012,1.0,179.33,0.0,0.0,0.0,0.0,0.0,0.0,0.8435,ces_Latn
MTX201900329,15,1,0,2,0,0,25,149,8.3333,49.6667,0.0334,0.9891,256.27,0.6667,0.0,0.0,0.0,0.6667,0.0243,0.7243,ces_Latn
MTX201900451,64,4,1,0,0,0,38,266,7.6,53.2,0.0147,0.8584,4803.428,0.4,0.0,0.0,0.0,0.0,0.0107,0.6905,ces_Latn
MTX201900517,22,106,14,5,0,3,625,3741,5.0,29.928,0.0838,0.8807,769.7006,0.16,0.0,0.0,0.0,0.008,0.0047,0.7453,ces_Latn
MTX202000010,7,13,1,1,0,0,159,1265,10.6,84.3333,0.0221,0.8842,219.0547,0.1333,0.0,0.0,0.0667,0.0,0.0207,0.8464,ces_Latn
MTX202000073,17,0,0,0,0,221,0,0,,,,,,,,,,,,,unknown
MTX202000095,20,42,2,9,0,9,335,1894,6.3208,35.7358,0.087,0.8638,1386.4896,0.7736,0.0,0.0,0.0,0.0,0.0033,0.7371,ces_Latn
MTX202000117,114,4,5,4,0,33,65,155,5.0,11.9231,0.1926,0.8322,220681.3323,0.3077,0.0,0.0,0.2308,0.0,0.0122,0.3672,eng_Latn
MTX202000151,32,2,0,0,0,0,9,45,4.5,22.5,0.0256,0.9929,641.35,0.5,0.0,0.0,0.0,0.0,0.0286,0.6746,ces_Latn
MTX202000177,13,24,0,3,0,22,403,2436,14.9259,90.2222,0.0179,0.9474,396.3752,0.8889,0.0,0.0,0.0,0.8519,0.0238,0.7753,ces_Latn
MTX202000222,63,21,4,9,0,4,149,953,4.3824,28.0294,0.0409,0.801,2249.8303,0.1176,0.0588,0.0,0.0,0.1471,0.0135,0.7257,ces_Latn
MTX202000238,6,3,0,1,0,0,18,106,4.5,26.5,0.0207,0.8371,919.57,0.0,0.0,0.0,0.0,0.0,0.0,0.7902,ces_Latn
MTX202000280,179,2,0,1,0,1,33,159,11.0,53.0,0.0293,0.7135,660.34,0.0,0.0,0.0,0.0,0.0,0.0,0.6924,ces_Latn
MTX202000394,1,3,0,1,0,1,17,106,4.25,26.5,0.0066,0.879,2037.25,0.25,0.0,0.0,0.0,0.25,0.0143,0.7366,ces_Latn
MTX202000463,18,3,1,3,0,1,34,208,4.8571,29.7143,0.0395,0.8321,74424.1086,0.4286,0.0,0.0,0.0,0.4286,0.0238,0.6512,ces_Latn
MTX202000546,28,1,0,0,0,1,3,20,3.0,20.0,0.0,1.0,2228.13,0.0,0.0,0.0,0.0,0.0,0.0,0.6975,ces_Latn
MTX202000591,39,34,0,8,0,5,635,3226,15.119,76.8095,0.0184,0.9731,686.3193,0.8095,0.0,0.0,0.0,0.7857,0.0207,0.6983,ces_Latn
MTX202000591,1039,0,0,1,0,19,8,49,8.0,49.0,0.0408,0.9981,262.11,0.0,0.0,0.0,0.0,1.0,0.0,0.6457,ces_Latn
MTX202010052,42,2,0,2,0,2,13,97,3.25,24.25,0.0573,0.8372,577.18,0.5,0.0,0.0,0.0,0.25,0.15,0.6796,ces_Latn
MTX202010152,5,4,0,2,0,2,23,152,3.8333,25.3333,0.0434,0.8909,747.9517,0.3333,0.0,0.0,0.0,0.3333,0.1,0.6916,ces_Latn
MTX202010304,49,3,0,2,0,3,17,126,3.4,25.2,0.0527,0.8676,538.41,0.4,0.0,0.0,0.0,0.4,0.12,0.7223,ces_Latn
MTX202010332,34,0,4,3,0,1,25,146,3.5714,20.8571,0.0457,0.8208,56232.3957,0.4286,0.0,0.0,0.0,0.7143,0.0857,0.605,ces_Latn
MTX202010393,21,0,4,3,0,1,25,146,3.5714,20.8571,0.0457,0.8208,56232.3957,0.4286,0.0,0.0,0.0,0.7143,0.0857,0.605,ces_Latn
MTX202010530,3,34,2,1,0,1,320,2443,8.6486,66.027,0.0049,0.949,2322.7873,0.027,0.0,0.027,0.0,0.027,0.0051,0.8353,ces_Latn
MTX202100005,264,1,0,1,0,0,16,94,8.0,47.0,0.0308,0.8381,949.885,1.0,0.0,0.0,0.0,0.0,0.0364,0.6706,ces_Latn
MTX202100006,829,1,0,2,0,16,17,93,5.6667,31.0,0.0339,0.8634,151876.7033,0.6667,0.0,0.0,0.0,0.3333,0.0267,0.5054,ces_Latn
MTX202100042,4,26,0,6,0,1,316,2066,9.875,64.5625,0.0102,0.9107,656.1634,0.1875,0.0625,0.0,0.0,0.0625,0.0081,0.7838,ces_Latn
MTX202100073,81,3,1,0,0,0,22,140,5.5,35.0,0.0339,0.6669,1190.685,0.0,0.0,0.0,0.0,0.5,0.0,0.7292,ces_Latn
MTX202100107,94,3,0,0,0,0,19,114,6.3333,38.0,0.0101,0.9041,973.1033,0.0,0.0,0.0,0.0,0.3333,0.0,0.7435,ces_Latn
MTX202100163,47,1,0,0,0,3,23,86,23.0,86.0,0.0698,0.6858,147.95,0.0,0.0,0.0,0.0,0.0,0.0,0.6252,ces_Latn
MTX202100221,370,19,1,12,0,97,79,378,2.4688,11.8125,0.0162,0.8375,1959.7319,0.0,0.0,0.0,0.0,0.0,0.0,0.712,ces_Latn
MTX202100233,1,3,0,1,0,1,13,85,3.25,21.25,0.0132,0.6998,1673.9675,0.0,0.0,0.0,0.0,0.0,0.0,0.7248,ces_Latn
MTX202100308,138,6,0,2,0,6,67,359,8.375,44.875,0.0323,0.8979,1299.9788,0.125,0.0,0.0,0.0,0.125,0.0125,0.6672,ces_Latn
MTX202100335,8,2,0,0,0,0,12,81,6.0,40.5,0.0247,0.9776,1013.635,0.0,0.0,0.0,0.0,0.0,0.0,0.8111,ces_Latn
MTX202100376,15,4,0,0,0,4,41,269,10.25,67.25,0.0181,1.0,396.155,0.0,0.0,0.0,0.0,0.0,0.0,0.7839,ces_Latn
MTX202100399,33,19,0,5,0,1,153,1103,6.375,45.9583,0.0362,0.9738,1204.4533,0.3333,0.0,0.0,0.0,0.0,0.0221,0.7625,ces_Latn
MTX202100409,102,1,0,2,0,1,24,132,8.0,44.0,0.0211,0.6519,688.76,0.0,0.0,0.0,0.0,0.0,0.0,0.6865,slk_Latn
MTX202100428,15,2,0,0,0,0,22,131,11.0,65.5,0.0543,0.9547,362.07,0.0,0.0,0.0,0.0,0.5,0.0,0.7118,ces_Latn
MTX202100461,64,2,0,0,0,1,16,88,8.0,44.0,0.0061,0.9849,526.31,0.0,0.0,0.0,0.0,0.0,0.0,0.7262,ces_Latn
MTX202100487,95,56,2,19,0,43,272,1794,3.5325,23.2987,0.016,0.8079,675.2368,0.039,0.0,0.0,0.0,0.0779,0.0052,0.7538,ces_Latn
MTX202100498,49,14,0,50,0,175,913,5649,14.2656,88.2656,0.0257,0.9607,451.2239,0.0312,0.0,0.0,0.0,2.3438,0.0,0.6723,ces_Latn
MTX202100518,9,3,1,9,0,125,13,82,1.0,6.3077,0.0154,0.5981,1927.1731,0.1538,0.0,0.0,0.0,0.1538,0.0615,0.4684,vie_Latn
MTX202100522,178,24,0,0,0,16,378,2131,15.75,88.7917,0.1258,0.9934,217.9425,0.0,0.0,0.0,0.0,0.0,0.0,0.7273,ces_Latn
MTX202100525,29,4,3,1,0,0,30,199,3.75,24.875,0.0866,0.652,2062.2487,0.0,0.0,0.0,0.0,0.125,0.0,0.6641,ces_Latn
MTX202100541,82,0,0,1,0,0,6,41,6.0,41.0,0.0,0.9236,1977.12,0.0,0.0,0.0,0.0,0.0,0.0,0.7286,slk_Latn
MTX202100546a,45,11,2,2,0,7,29,187,1.9333,12.4667,0.027,0.8291,59830.4587,0.0667,0.0,0.0,0.0,0.0667,0.0,0.7391,ces_Latn
MTX202100552,470,2,0,0,0,0,10,81,5.0,40.5,0.008,1.0,383.495,0.0,0.0,0.0,0.0,0.0,0.0,0.8954,ces_Latn
MTX202100573,57,0,0,1,0,0,2,7,2.0,7.0,0.0,0.3505,1056.41,0.0,0.0,0.0,0.0,0.0,0.0,0.6219,vie_Latn
MTX202100608,89,69,11,20,0,8,450,2394,4.5,23.94,0.1073,0.7818,2059.5476,0.07,0.0,0.0,0.0,0.08,0.005,0.7027,ces_Latn
MTX202100632,5,29,1,2,0,1,402,2640,12.5625,82.5,0.0094,0.9896,479.57,0.1875,0.0,0.0,0.0,0.2188,0.0083,0.8321,ces_Latn
MTX202100655,141,2,0,2,0,2,42,235,10.5,58.75,0.0292,0.877,594.7575,0.75,0.0,0.0,0.0,0.75,0.0277,0.6412,ces_Latn
MTX202100687,5,34,0,0,0,1,472,3338,13.8824,98.1765,0.0006,0.9925,365.5488,0.0294,0.0,0.0,0.0,0.0588,0.0008,0.8945,ces_Latn
MTX202100703,245,72,0,6,0,223,199,1053,2.5513,13.5,0.0044,0.9327,974.0462,0.0,0.0,0.0,0.0,0.0,0.0,0.6996,ces_Latn
MTX202100735,9,6,0,4,0,1,73,473,7.3,47.3,0.0294,0.8087,7773.777,0.5,0.0,0.0,0.1,0.5,0.0196,0.7554,ces_Latn
MTX202100777,118,43,4,16,0,7,196,1048,3.1111,16.6349,0.0929,0.7426,1815.0633,0.0,0.1111,0.0,0.0,0.0317,0.0096,0.7723,ces_Latn
MTX202100789,6,6,1,2,0,1,76,548,8.4444,60.8889,0.0403,0.8831,564.1322,0.4444,0.0,0.0,0.1111,0.1111,0.0254,0.778,ces_Latn
MTX202110066,6,0,0,0,0,1,0,0,,,,,,,,,,,,,unknown
MTX202110131,3,0,0,1,0,0,1,10,1.0,10.0,0.0,0.1973,1365.04,0.0,0.0,0.0,0.0,0.0,0.0,0.8254,pol_Latn
MTX202120006,19,3,1,0,0,2,10,64,2.5,16.0,0.0586,0.6162,801.5025,0.25,0.0,0.0,0.0,0.0,0.1,0.6903,ces_Latn
MTX202200011,19,70,63,4,0,444,347,1805,2.5328,13.1752,0.0062,0.9609,3225.2707,0.0,0.0,0.0,0.0,0.0,0.0,0.7848,xho_Latn
MTX202200063,10,4,0,0,0,1,39,267,9.75,66.75,0.0265,0.9999,621.8675,0.0,0.0,0.0,0.0,0.0,0.0,0.8041,ces_Latn
MTX202200130,15,34,9,0,0,4,112,769,2.6047,17.8837,0.0805,0.756,1771.427,0.0,0.0,0.0,0.0,0.0,0.0,0.7796,ces_Latn
MTX202200168,29,10,40,22,0,225,78,465,1.0833,6.4583,0.0699,0.6365,18884.9447,0.0139,0.0,0.0,0.0,0.0,0.0011,0.6819,vie_Latn
MTX202200190,237,7,5,7,0,22,88,358,4.6316,18.8421,0.0698,0.7139,38343.8953,0.3158,0.0526,0.0,0.0,0.0,0.0239,0.5573,ces_Latn
MTX202200223,22,1,0,0,0,1,3,26,3.0,26.0,0.0,1.0,432.73,0.0,0.0,0.0,0.0,0.0,0.0,0.9087,ces_Latn
MTX202200251,4,24,0,2,0,1,226,1492,8.6923,57.3846,0.0062,0.9352,828.8492,0.1154,0.0,0.0,0.0,0.0,0.0051,0.7915,ces_Latn
MTX202200290,36,1,0,0,0,0,10,62,10.0,62.0,0.0161,1.0,202.32,0.0,0.0,0.0,0.0,0.0,0.0,0.7697,ces_Latn
MTX202200308,255,72,3,7,0,306,373,2200,4.5488,26.8293,0.0031,0.8349,902.1362,0.0122,0.0,0.0,0.0,0.0122,0.0008,0.6925,slk_Latn
MTX202200314,530,1,0,1,0,20,8,58,4.0,29.0,0.0106,0.9978,5568.96,0.5,0.0,0.0,0.0,0.5,0.0286,0.7242,ces_Latn
MTX202200335,283,17,0,0,0,1,241,1430,14.1765,84.1176,0.0019,0.9613,730.9571,0.0,0.0,0.0,0.0,0.0588,0.0,0.8079,ces_Latn
MTX202200340,6,34,0,1,0,1,332,2504,9.4857,71.5429,0.004,0.985,346.0774,0.0571,0.0,0.0,0.0,0.0286,0.0041,0.8904,ces_Latn
MTX202200374,14,3,0,0,0,0,23,172,7.6667,57.3333,0.01,1.0,266.95,0.0,0.0,0.0,0.0,0.0,0.0,0.8652,ces_Latn
MTX202200406,12,2,0,0,0,0,13,91,6.5,45.5,0.0128,0.9982,354.86,0.0,0.0,0.0,0.0,0.0,0.0,0.8633,ces_Latn
MTX202200444,33,32,0,4,0,2,439,2837,12.1944,78.8056,0.0063,0.9874,374.035,0.1111,0.0,0.0,0.0,0.3056,0.0036,0.8234,ces_Latn
MTX202200454,17,19,6,1,0,7,158,965,6.0769,37.1154,0.0626,0.7415,1263.8504,0.3077,0.0,0.0,0.0,0.3077,0.049,0.7387,ces_Latn
MTX202200522,3,15,0,5,0,1,83,480,4.15,24.0,0.0,0.8607,1566.432,0.0,0.0,0.0,0.0,0.0,0.0,0.6641,ces_Latn
MTX202200551,30,65,10,25,0,21,174,1222,1.74,12.22,0.1007,0.8347,2486.5486,0.11,0.0,0.0,0.0,0.0,0.0247,0.7508,ces_Latn
MTX202200563,515,50,0,0,0,1,469,2841,9.38,56.82,0.0143,0.9589,701.1494,0.0,0.0,0.0,0.0,0.58,0.0,0.7437,ces_Latn
MTX202200564,308,56,1,7,0,115,161,1033,2.5156,16.1406,0.0069,0.8814,3206.3986,0.0,0.0,0.0,0.0,0.0,0.0,0.7728,ces_Latn
MTX202200595,72,4,0,5,0,3,93,640,10.3333,71.1111,0.0295,0.7719,518.5778,0.3333,0.0,0.0,0.0,0.8889,0.0127,0.7756,ces_Latn
MTX202200658,13,9,4,5,0,34,83,508,4.6111,28.2222,0.0961,0.7282,578.9456,0.2778,0.0,0.0,0.0556,0.2222,0.0514,0.6788,ces_Latn
MTX202200700,30,59,12,4,0,13,243,1507,3.24,20.0933,0.0644,0.8877,2345.92,0.04,0.0,0.0,0.0,0.0533,0.002,0.7388,ces_Latn
MTX202200717,602,29,0,58,0,145,116,957,1.3333,11.0,0.0476,0.7596,1637.8267,0.3333,0.0,0.0,0.0,0.3333,0.1333,0.6845,ces_Latn
MTX202200730,19,19,2,1,0,120,45,247,2.0455,11.2273,0.0076,0.9026,2703.7932,0.0455,0.0,0.0,0.0,0.0,0.0091,0.7293,ces_Latn
MTX202200757,19,1,0,0,0,0,10,64,10.0,64.0,0.0,0.9632,300.35,0.0,0.0,0.0,0.0,0.0,0.0,0.7639,ces_Latn
MTX202200772,549,1,0,1,0,1,9,58,4.5,29.0,0.0204,0.5508,722.915,0.0,0.0,0.0,0.0,0.0,0.0,0.7035,ces_Latn
MTX202210001,71,0,0,1,0,1,8,42,8.0,42.0,0.0476,0.8835,661.21,1.0,0.0,0.0,0.0,1.0,0.05,0.5727,ces_Latn
MTX202210008,57,0,0,1,0,2,4,18,4.0,18.0,0.1111,0.4488,3739.42,1.0,0.0,0.0,0.0,0.0,0.1,0.4184,ces_Latn
MTX202210016,98,14,13,2,0,15,102,692,3.5172,23.8621,0.1189,0.9706,1011.3838,0.1724,0.0,0.0,0.0,0.0,0.0069,0.725,ces_Latn
MTX202210018,8,0,0,0,0,6,0,0,,,,,,,,,,,,,unknown
MTX202210020c,13,0,1,1,0,0,6,25,3.0,12.5,0.2334,0.6654,3338.84,1.0,0.0,0.0,0.0,0.5,0.15,0.409,deu_Latn
MTX202210026b,4,27,0,9,0,1,305,1761,8.4722,48.9167,0.0613,0.9501,399.0806,0.3056,0.0,0.0,0.0,0.2222,0.0123,0.7573,ces_Latn
MTX202210031,42,1,0,0,0,1,1,5,1.0,5.0,0.0,0.9996,232.5,0.0,0.0,0.0,0.0,0.0,0.0,0.8357,ces_Latn
MTX202210043,87,26,6,3,0,29,55,358,1.5714,10.2286,0.0067,0.8923,4714.11,0.0286,0.0,0.0,0.0,0.0286,0.0,0.7753,ces_Latn
MTX202210058,37,25,6,5,0,34,50,396,1.3889,11.0,0.0191,0.8457,3311.8364,0.0833,0.0,0.0,0.0,0.0,0.0139,0.75,ces_Latn
MTX202210072,41,20,4,6,0,19,49,254,1.6333,8.4667,0.0,0.7984,11178.4163,0.0,0.0,0.0,0.0,0.0,0.0,0.7354,ces_Latn
MTX202210119,146,28,0,0,0,0,202,1122,7.2143,40.0714,0.0049,0.9968,638.3975,0.0714,0.0,0.0,0.0,0.0,0.0,0.8083,ces_Latn
MTX202300012,362,29,21,4,0,242,62,400,1.1481,7.4074,0.0004,0.6184,24818.232,0.0185,0.0,0.0,0.0,0.0,0.0012,0.7817,deu_Latn
MTX202300024,9,1,0,0,0,1,12,59,12.0,59.0,0.0169,0.9947,1039.53,0.0,0.0,0.0,0.0,0.0,0.0,0.7304,ces_Latn
MTX202300055,41,1,0,0,0,1,12,63,12.0,63.0,0.0159,0.7382,481.62,1.0,0.0,0.0,0.0,0.0,0.0333,0.7009,ces_Latn
MTX202300083,46,19,5,4,0,1,91,568,3.25,20.2857,0.0831,0.8014,2289.0543,0.0714,0.0,0.0,0.0,0.0357,0.0057,0.7211,ces_Latn
MTX202300106,39,2,0,1,0,0,26,167,8.6667,55.6667,0.0208,0.9794,872.9833,0.6667,0.0,0.3333,0.0,0.0,0.0319,0.7162,ces_Latn
MTX202300141,21,1,0,0,0,0,14,88,14.0,88.0,0.0114,0.9932,516.14,1.0,0.0,0.0,0.0,0.0,0.0286,0.804,ces_Latn
MTX202300159,19,0,0,3,0,2,15,59,5.0,19.6667,0.077,0.7316,2476.7067,0.3333,0.0,0.0,0.0,0.0,0.0667,0.4942,ces_Latn
MTX202300196,45,1,0,1,0,0,8,40,4.0,20.0,0.0,0.9335,324467.775,0.0,0.0,0.0,0.0,0.5,0.0,0.5164,ces_Latn
MTX202300235,132,25,27,19,0,318,77,455,1.0845,6.4085,0.0225,0.6159,15958.6289,0.0141,0.0,0.0,0.0,0.0,0.0056,0.7442,slk_Latn
MTX202300271,41,1,0,1,0,4,10,50,5.0,25.0,0.1,0.7564,1973.43,0.0,0.0,0.0,0.0,0.0,0.0,0.582,ces_Latn
MTX202300321,21,23,32,41,0,93,278,1305,2.8958,13.5938,0.0587,0.6175,81114.0889,0.2083,0.0,0.0,0.0,0.0,0.0053,0.5792,eng_Latn
MTX202300343,276,1,0,2,0,0,20,135,6.6667,45.0,0.0493,0.9498,784.4367,0.6667,0.0,0.0,0.0,1.0,0.0389,0.7002,ces_Latn
MTX202300376,25,69,19,14,0,21,509,3156,4.9902,30.9412,0.0701,0.844,2525.9631,0.0294,0.0,0.0,0.0,0.0588,0.0012,0.7587,ces_Latn
MTX202300406,4,0,0,0,0,1,0,0,,,,,,,,,,,,,unknown
MTX202300430,100,38,9,10,0,12,158,1045,2.7719,18.3333,0.067,0.7818,2014.1642,0.1228,0.0,0.0,0.0,0.0526,0.012,0.7373,ces_Latn
MTX202300465,175,51,3,3,0,34,63,415,1.1053,7.2807,0.0,0.9078,53567.7461,0.0,0.0,0.0,0.0,0.0,0.0,0.8014,ces_Latn
MTX202300466A,370,58,2,6,0,227,271,1490,4.1061,22.5758,0.002,0.8713,11270.5209,0.0455,0.0,0.0,0.0,0.0152,0.0036,0.6708,ces_Latn
MTX202300466DE,389,1,0,1,0,14,7,48,3.5,24.0,0.027,0.9233,6032.135,0.5,0.0,0.0,0.0,0.5,0.0334,0.7203,ces_Latn
MTX202300466FG,23,10,1,3,0,0,88,515,6.2857,36.7857,0.0574,0.8946,1204.6993,0.2143,0.0,0.0,0.0,0.1429,0.0171,0.7137,ces_Latn
MTX202300466FG,1023,12,1,1,0,1,87,542,6.2143,38.7143,0.0546,0.9066,1068.4707,0.2857,0.0,0.0,0.0,0.1429,0.0195,0.7367,ces_Latn
MTX202300527,2,8,0,1,0,4,65,443,7.2222,49.2222,0.0276,0.9229,703.6689,0.1111,0.0,0.0,0.0,0.1111,0.0074,0.8146,ces_Latn
MTX202300538,64,1,0,2,0,0,20,123,6.6667,41.0,0.0285,0.9884,318.1733,0.6667,0.0,0.0,0.0,0.6667,0.03,0.7355,ces_Latn
MTX202300595,78,2,0,1,0,3,50,290,16.6667,96.6667,0.0318,0.8111,226.75,0.6667,0.0,0.0,0.0,0.0,0.019,0.7461,ces_Latn
MTX202300623,15,20,16,4,0,165,49,314,1.225,7.85,0.0013,0.7342,42158.4562,0.025,0.0,0.0,0.0,0.0,0.0025,0.7711,ces_Latn
MTX202300648,10,11,0,1,0,0,114,837,9.5,69.75,0.0044,0.9043,902.6975,0.0,0.0,0.0,0.0,0.0,0.0,0.8323,ces_Latn
MTX202300669,7,25,0,0,0,1,262,1804,10.48,72.16,0.0033,0.9846,469.0676,0.04,0.0,0.0,0.0,0.08,0.0023,0.8435,ces_Latn
MTX202300696,460,51,3,5,0,204,264,1340,4.4746,22.7119,0.0016,0.8607,1456.5369,0.0169,0.0,0.0,0.0,0.0169,0.0011,0.6702,ces_Latn
MTX202300696A,11,33,10,0,0,43,77,614,1.7907,14.2791,0.0092,0.8095,6405.2244,0.0233,0.0,0.0,0.0,0.0233,0.0016,0.7698,ces_Latn
MTX202300696C,58,13,1,0,0,2,112,826,8.0,59.0,0.006,0.9312,600.9579,0.0714,0.0,0.0,0.0,0.0714,0.0048,0.8649,ces_Latn
MTX202300697,200,57,14,17,0,16,474,2527,5.3864,28.7159,0.1253,0.7381,2320.8027,0.1477,0.0,0.0,0.0,0.1023,0.0085,0.6783,ces_Latn
MTX202300699,466,38,0,0,0,1,134,990,3.5263,26.0526,0.0,0.9215,3895.2105,0.0,0.0,0.0,0.0,0.0,0.0,0.6629,ces_Latn
MTX202300699B,33,48,22,3,0,244,79,482,1.0822,6.6027,0.001,0.7069,18145.4175,0.0137,0.0,0.0,0.0,0.0137,0.0011,0.6862,ces_Latn
MTX202300700A,51,9,20,24,0,251,61,415,1.1509,7.8302,0.0011,0.3883,19868.087,0.0189,0.0,0.0,0.0,0.0189,0.0013,0.7958,swe_Latn
MTX202300700A,1051,27,19,6,0,230,60,407,1.1538,7.8269,0.0011,0.4881,22273.7623,0.0192,0.0,0.0,0.0,0.0192,0.0013,0.7677,eng_Latn
MTX202300700C,442,82,50,7,0,39,369,1790,2.6547,12.8777,0.1621,0.6996,4258.3204,0.0504,0.0,0.0,0.0,0.0216,0.0031,0.6171,ces_Latn
MTX202300701,28,18,1,0,0,4,250,1487,13.1579,78.2632,0.0086,0.9916,815.9537,0.0526,0.0,0.0,0.0,0.0526,0.0021,0.7683,ces_Latn
MTX202300701C,257,12,20,24,0,220,63,420,1.125,7.5,0.0009,0.6352,19883.5171,0.0179,0.0,0.0,0.0,0.0,0.0014,0.7575,swe_Latn
MTX202300703,155,2,0,1,0,0,13,67,4.3333,22.3333,0.0,0.639,481.3567,0.0,0.0,0.0,0.0,0.0,0.0,0.6219,ces_Latn
MTX202310475,1,10,1,1,0,1,80,482,6.6667,40.1667,0.0083,0.8688,1349.5167,0.0833,0.0833,0.0,0.0,0.0,0.0042,0.7574,deu_Latn
MTX202311174,4,1,0,0,0,1,11,41,11.0,41.0,0.0,0.865,1189.06,0.0,1.0,0.0,0.0,0.0,0.0091,0.5806,slk_Latn
MTX202320037,15,2,0,0,0,1,9,55,4.5,27.5,0.0162,0.9794,1081.48,0.0,0.0,0.0,0.0,0.0,0.0,0.7021,ces_Latn
MTX202320098,17,2,0,0,0,1,5,30,2.5,15.0,0.0,0.4824,949.625,0.0,0.0,0.0,0.0,0.0,0.0,0.7301,ces_Latn
MTX202400031,147,0,0,1,0,0,2,7,2.0,7.0,0.0,0.4449,1049.49,0.0,0.0,0.0,0.0,0.0,0.0,0.6222,vie_Latn
MTX202400051,185,0,0,1,0,0,9,53,9.0,53.0,0.0377,0.9,893.82,1.0,0.0,0.0,0.0,1.0,0.0444,0.6998,ces_Latn
MTX202400058,131,97,4,11,0,280,300,1784,2.6786,15.9286,0.0015,0.9684,1409.9504,0.0,0.0,0.0,0.0,0.0,0.0,0.8445,ces_Latn
MTX202400066,208,2,1,0,0,0,20,123,6.6667,41.0,0.023,0.4083,15909.43,0.0,0.0,0.0,0.0,0.0,0.0,0.6469,ces_Latn
MTX202400075,8,5,0,0,0,1,33,269,6.6,53.8,0.0,0.9997,1057.388,0.0,0.0,0.0,0.0,0.0,0.0,0.7684,ces_Latn
MTX202400114,208,1,1,0,0,21,5,33,2.5,16.5,0.0228,0.6148,6018.47,0.5,0.0,0.0,0.0,0.5,0.05,0.6853,ces_Latn
MTX202400117,291,49,3,50,0,0,220,1955,2.1569,19.1667,0.0214,0.9738,1255.4189,0.0098,0.0,0.0,0.0,0.5,0.0006,0.7498,ces_Latn
MTX202400127,173,2,1,1,0,1,19,124,4.75,31.0,0.0092,0.7978,4424.0575,0.25,0.0,0.0,0.0,0.0,0.025,0.6802,ces_Latn
MTX202400128E,24,10,1,0,0,5,24,136,2.1818,12.3636,0.0045,0.9105,78967.9636,0.0,0.0,0.0,0.0,0.0,0.0,0.7869,ces_Latn
MTX202400133C,49,1,1,0,0,0,9,53,4.5,26.5,0.0116,0.8532,8178.35,0.0,0.0,0.0,0.0,0.0,0.0,0.6165,ces_Latn
MTX202400133K,8,40,5,7,0,62,84,487,1.6154,9.3654,0.0136,0.9133,54208.4,0.0192,0.0,0.0,0.0,0.0,0.0011,0.803,ces_Latn
MTX202400173,12,30,0,12,0,1,664,3437,15.8095,81.8333,0.0235,0.9382,843.8126,0.9762,0.0,0.0,0.0,0.9762,0.0246,0.7164,ces_Latn
P009_00039,20,17,9,0,0,31,47,341,1.8077,13.1154,0.0054,0.9048,3689.7827,0.0385,0.0,0.0,0.0,0.0,0.0051,0.7414,ces_Latn
P027_00001_004,176,17,3,5,0,4,209,1249,8.36,49.96,0.0519,0.8903,1789.4608,0.56,0.0,0.0,0.0,0.16,0.0175,0.7787,deu_Latn
P027_00004_003,27,1,2,2,0,0,17,81,3.4,16.2,0.0405,0.7224,19041.82,0.2,0.4,0.0,0.2,0.2,0.0564,0.5951,eng_Latn
P028_00012,10,0,0,0,0,1,0,0,,,,,,,,,,,,,unknown
P028_00021_003,40,0,1,0,0,4,4,49,4.0,49.0,0.102,0.1059,1294.28,2.0,1.0,0.0,0.0,0.0,0.225,0.5544,ast_Latn
P043_00001_055,78,17,2,2,0,2,133,919,6.3333,43.7619,0.0134,0.9103,3807.821,0.0952,0.0,0.0,0.0476,0.0,0.0027,0.7996,ces_Latn
P043_00002_018,4,1,2,2,0,2,27,107,5.4,21.4,0.105,0.654,2013.694,1.0,0.0,0.0,0.2,0.2,0.078,0.4815,ces_Latn
