file,page_num,Clear,Empty,Noisy,Non-text,Trash,total_word_count,total_char_count,avg_quality_score,avg_word_weird,avg_lang_score,avg_perplex,avg_symbol,avg_vowel_ratio,ch_ratio,main_lang
CTX192700799,3,21,4,6,1,0,225,1310,0.7827814814814815,0.0139,0.9531777777777778,846.4814814814815,0.037037037037037035,0.4107888888888889,0.0,ces
CTX193100253,45,12,0,1,0,0,136,824,0.8037153846153846,0.010723076923076922,0.9919,414.11538461538464,0.07692307692307693,0.39776153846153844,0.0,ces
CTX193202278,10,26,53,59,39,21,223,1231,0.6664517647058824,0.011464705882352941,0.8598882352941177,99394.50117647059,0.0,0.23460117647058823,0.0,ces
CTX193401762,8,0,1,14,4,11,134,578,0.5196857142857143,0.07618571428571429,0.7668142857142858,1243.0714285714287,1.5714285714285714,0.5033285714285715,0.0,ces
CTX193600857,32,30,1,10,1,0,388,2190,0.7392525,0.02004,0.8686299999999999,267.69375,0.075,0.3734175,0.0,ces
CTX193702477,81,0,1,1,1,7,4,9,0.4829,0.0625,1.0,568.0,0.0,0.6,0.0,ces
CTX193801636,108,26,1,3,0,1,228,1423,0.8111724137931035,0.011393103448275863,0.9984551724137931,262.4913793103448,0.0,0.4015137931034483,0.0,ces
CTX194000026,1,0,0,0,1,0,0,0,,,,,,,,None
CTX194003457,1,0,0,0,0,1,0,0,,,,,,,,None
CTX194005766,4,11,2,1,0,1,108,686,0.8130666666666667,0.003941666666666667,0.9721000000000001,6591.770833333333,0.08333333333333333,0.39784166666666665,0.0,ces
CTX194103269,1,2,3,4,2,5,25,145,0.6472,0.04161666666666666,0.8333333333333334,2062.9583333333335,0.5,0.3505,0.16666666666666666,ces
CTX194105865,1,6,13,7,2,2,22,112,0.7220384615384615,0.0,0.8684153846153847,7845.423076923077,0.0,0.447923076923077,0.38461538461538464,ces
CTX194202078,1,9,16,10,1,2,42,238,0.744621052631579,0.003289473684210526,0.8714999999999999,6538.118421052632,0.0,0.42100526315789477,0.2631578947368421,ces
CTX194301371,1,9,10,9,0,1,35,202,0.7488388888888889,0.00938888888888889,0.8433388888888889,5912.222222222223,0.0,0.40286666666666665,0.2222222222222222,ces
CTX194500607,4,4,11,5,17,0,35,257,0.7443444444444444,0.0,0.9312111111111112,1154.0688888888888,0.2222222222222222,0.39693333333333336,0.0,ces
CTX194502247,1,11,13,15,1,1,68,401,0.7355730769230769,0.005219230769230769,0.9198923076923078,33985.682692307695,0.038461538461538464,0.40295384615384616,0.11538461538461539,ces
CTX194600079,1,22,14,11,2,0,105,620,0.7543575757575757,0.005633333333333334,0.9131363636363636,2195.3199999999997,0.0,0.3728151515151515,0.18181818181818182,ces
CTX194601392,1,17,15,10,1,3,106,627,0.7718185185185185,0.006877777777777778,0.888437037037037,3766.324074074074,0.0,0.38782222222222223,0.07407407407407407,ces
CTX194603858,5,38,0,14,0,0,489,3262,0.7379269230769231,0.008853846153846155,0.9349711538461538,2036.4615384615386,0.038461538461538464,0.3774576923076923,0.0,ces
CTX194604284,4,20,45,64,14,9,229,1409,0.6753,0.028163095238095237,0.8308749999999999,53708.99178571428,0.011904761904761904,0.291947619047619,0.0,ces
CTX194604320B,47,0,4,5,0,3,12,79,0.65184,0.06334,0.8003,1973.0,0.0,0.37154,0.0,ces
CTX194605560,4,22,8,10,1,1,205,1220,0.76386875,0.018146875,0.898178125,1255.8790625,0.0,0.388503125,0.0625,ces
CTX194606617,1,10,15,10,2,2,39,212,0.7344299999999999,0.0025,0.886055,4820.525,0.0,0.36356,0.2,ces
CTX194704664,1,3,6,22,8,6,97,492,0.577648,0.040772,0.84116,22038.3752,0.32,0.412256,0.0,ces
CTX194707457,7,5,1,1,0,0,31,224,0.77065,0.0023833333333333332,0.82925,660.2916666666666,0.0,0.3888666666666667,0.0,ces
CTX194802671,3,3,4,5,0,0,9,92,0.7397125,0.0125,0.8078,5195.5,0.0,0.3545625,0.0,ces
CTX194805355,1,7,14,8,2,3,33,171,0.7072266666666667,0.005553333333333333,0.8616933333333333,50294.63333333333,0.0,0.42772666666666664,0.3333333333333333,ces
CTX194901377,1,0,1,0,1,1,0,0,,,,,,,,None
CTX194902898,1,7,9,10,0,5,33,168,0.6949176470588235,0.01985294117647059,0.8857,1007.2352941176471,0.0,0.3896470588235294,0.29411764705882354,ces
CTX195000423,1,10,10,9,0,2,47,276,0.6929000000000001,0.0,0.9115421052631578,3030.5789473684213,0.0,0.41028947368421054,0.21052631578947367,ces
CTX195002364,1,7,8,6,0,0,45,240,0.7320076923076922,0.008169230769230769,0.8917538461538462,932.5384615384615,0.0,0.39831538461538457,0.15384615384615385,ces
CTX195003808,1,12,12,10,5,3,96,576,0.7441545454545455,0.004168181818181818,0.9070363636363635,7898.653181818182,0.045454545454545456,0.3978363636363636,0.18181818181818182,ces
CTX195006990,1,12,11,9,1,2,79,532,0.7482857142857143,0.018404761904761906,0.8791476190476191,1118.702380952381,0.09523809523809523,0.3882904761904762,0.23809523809523808,ces
CTX195100667,45,21,31,54,1,5,202,1472,0.6827866666666667,0.000952,0.8711706666666666,32086.486533333336,0.0,0.301208,0.0,ces
CTX195101731,5,0,1,0,1,2,0,0,,,,,,,,
CTX195105162,9,0,1,2,0,0,13,58,0.5226500000000001,0.13055,0.8698,980.0,1.0,0.46155,0.0,ces
CTX195105604,13,3,74,56,68,33,94,545,0.5921491525423729,0.02408135593220339,0.8124983050847457,15483.581355932205,0.05084745762711865,0.2359372881355932,0.01694915254237288,ces
CTX195200523,1,6,12,7,4,5,33,225,0.7203076923076923,0.017946153846153848,0.8163230769230769,2031.8361538461538,0.0,0.3253538461538461,0.0,ces
CTX195201365,5,32,1,0,0,0,314,1915,0.858728125,0.004771875,0.99194375,100.824375,0.09375,0.41275625,0.0,ces
CTX195202198,1,1,2,4,0,0,19,133,0.6794399999999999,0.03166,0.8438399999999999,784.55,0.0,0.29908,0.0,ces
CTX195204623,1,0,0,2,0,0,2,12,0.5185,0.0,0.8747,4592.0,0.0,0.25,0.5,ces
CTX195205333,2,0,1,1,0,1,4,27,0.6764,0.0,0.9999,804.0,0.0,0.3636,0.0,ces
CTX195300316,3,9,12,5,2,6,45,349,0.7572,0.0023785714285714287,0.8673000000000001,1074.0092857142856,0.0,0.3662714285714285,0.0,ces
CTX195300641,5,2,51,45,31,11,68,417,0.6389148936170213,0.03705531914893617,0.8492042553191489,26456.127659574468,0.0,0.3157723404255319,0.0,ces
CTX195302046,1,36,1,1,1,0,332,2236,0.8435513513513514,0.006918918918918919,0.9928864864864866,191.1891891891892,0.10810810810810811,0.4069864864864865,0.0,ces
CTX195304281,1,7,9,5,2,10,19,101,0.7679999999999999,0.0,0.8918416666666666,1483.5,0.0,0.41025,0.4166666666666667,ces
CTX195305278,8,16,0,3,0,1,159,1128,0.8192631578947369,0.009431578947368421,0.9392052631578947,575.5263157894736,0.0,0.3740842105263158,0.0,ces
CTX195400736,3,12,9,20,1,1,132,742,0.730503125,0.012578125,0.910021875,50646.296875,0.09375,0.39925625,0.09375,ces
CTX195404409,2,9,14,13,4,1,54,284,0.7199818181818182,0.006818181818181818,0.9055409090909091,4804.113636363636,0.045454545454545456,0.37575000000000003,0.18181818181818182,ces
CTX195501600,1,20,5,10,2,3,310,1744,0.7719400000000001,0.013973333333333334,0.9542566666666666,786.546,0.06666666666666667,0.4124866666666667,0.0,ces
CTX195503919,6,0,2,4,0,1,6,65,0.622675,0.0125,0.847075,1258.25,0.0,0.345825,0.0,ces
CTX195601864,4,31,2,1,1,0,272,1827,0.860121875,0.000934375,0.973959375,284.7890625,0.03125,0.3964625,0.0,ces
CTX195605126,35,0,0,0,0,3,0,0,,,,,,,,
CTX195701743,48,19,22,25,14,14,138,811,0.6996295454545455,0.013163636363636365,0.8677954545454546,1150.3238636363637,0.045454545454545456,0.29850227272727275,0.0,ces
CTX195704401,10,20,2,12,1,11,186,1126,0.763065625,0.018,0.9051,534.9375,0.03125,0.391478125,0.0,ces
CTX195705685B,13,1,0,2,0,1,7,56,0.6576333333333334,0.0111,0.8710666666666667,1401.3333333333333,0.0,0.3514333333333333,0.6666666666666666,ces
CTX195800791,82,1,2,1,0,3,4,16,0.62385,0.0,0.75,113.375,0.0,0.29164999999999996,0.0,ces
CTX195801585,1,9,4,2,1,0,75,483,0.8110090909090908,0.0026636363636363637,0.9546636363636364,865.2954545454545,0.0,0.43478181818181816,0.0,ces
CTX195802353B,25,17,6,19,2,0,204,1418,0.6904805555555555,0.014275000000000001,0.8841722222222222,21023.319444444445,0.027777777777777776,0.3280861111111111,0.0,ces
CTX195803242,2,5,2,1,0,0,25,173,0.7781166666666667,0.013333333333333334,0.9556166666666667,173.16666666666666,0.16666666666666666,0.3817166666666667,0.0,ces
CTX195805462,4,39,1,3,0,0,355,2284,0.8120047619047619,0.03795476190476191,0.980952380952381,171.75571428571428,0.047619047619047616,0.3926,0.0,ces
CTX195805894,1,20,17,8,3,5,85,625,0.7796178571428571,0.007092857142857143,0.9145142857142857,3274.214285714286,0.0,0.4047678571428572,0.17857142857142858,ces
CTX195901119,15,12,4,18,4,6,99,608,0.6880166666666666,0.010000000000000002,0.87886,548.7583333333333,0.13333333333333333,0.4017266666666667,0.0,ces
CTX195901885,32,2,32,93,12,2,97,298,0.6077326315789474,0.0,0.7715715789473685,1186.6336842105263,0.0,0.04532210526315789,0.0,ces
CTX195902663,19,31,9,4,3,0,274,1755,0.8012485714285714,0.005568571428571428,0.9588628571428572,189.85,0.02857142857142857,0.39006,0.0,ces
CTX195903276,8,34,0,3,0,0,316,2155,0.8546324324324325,0.00914864864864865,0.9849540540540541,372.40891891891897,0.02702702702702703,0.4228837837837838,0.0,ces
CTX195904608,99,1,2,1,1,1,7,26,0.677,0.0,0.9631000000000001,276.0,0.0,0.5,0.0,ces
CTX195906214,3,21,0,3,0,1,188,1206,0.8437291666666668,0.002104166666666667,0.98245,370.2391666666667,0.0,0.4058208333333333,0.0,ces
CTX195906583,31,27,11,17,1,4,242,1407,0.7538681818181818,0.0067318181818181826,0.9356000000000001,3406.8804545454545,0.0,0.35910227272727274,0.09090909090909091,ces
CTX195906583V,21,5,5,4,0,3,26,134,0.7272000000000001,0.0,0.9068111111111112,1308.5833333333333,0.0,0.3276222222222222,0.1111111111111111,ces
CTX196001290,92,23,32,10,16,13,115,726,0.741769696969697,0.017342424242424243,0.916739393939394,4892.159090909091,0.0,0.3648393939393939,0.06060606060606061,ces
CTX196003252,2,3,0,1,0,0,14,96,0.777075,0.015625,0.900675,925752.25,0.0,0.3986,0.0,ces
CTX196005565,41,2,3,2,2,1,11,62,0.66545,0.008325,0.830075,112.6725,0.0,0.19692500000000002,0.0,ces
CTX196006153,75,1,0,1,0,0,14,86,0.7436499999999999,0.0,0.8745499999999999,70.94,0.0,0.3137,0.0,ces
CTX196100550A,100,23,1,7,1,5,237,1439,0.7500033333333334,0.01772666666666667,0.9699666666666666,649.1916666666667,0.03333333333333333,0.3891233333333333,0.0,ces
CTX196104809,3,0,2,1,0,2,2,6,0.6255,0.0,0.75,486.0,0.0,0.5,1.0,ces
CTX196106884,11,34,2,2,1,1,270,1756,0.8295722222222222,0.010294444444444445,0.9757361111111111,240.4130555555556,0.027777777777777776,0.39445555555555556,0.0,ces
CTX196202774,19,0,0,0,1,1,0,0,,,,,,,,
CTX196206406,24,26,1,3,0,2,291,1692,0.8266827586206896,0.0010620689655172415,0.9892827586206896,233.27586206896552,0.06896551724137931,0.416051724137931,0.0,ces
CTX196207827,2,30,1,11,0,2,250,2279,0.7583243902439024,0.014895121951219512,0.9319048780487805,409.1890243902439,0.024390243902439025,0.3922121951219512,0.0,ces
CTX196303082A,27,15,17,33,0,1,124,690,0.68375,0.00520625,0.8869291666666667,763.011875,0.0,0.3360458333333333,0.0,ces
CTX196306858,179,12,8,10,1,0,103,595,0.74425,0.01010909090909091,0.9283954545454546,644.6590909090909,0.0,0.37037272727272724,0.045454545454545456,ces
CTX196403509,1,10,6,9,2,3,109,736,0.7903,0.011721052631578948,0.9313263157894737,2447.407894736842,0.05263157894736842,0.4160105263157895,0.0,ces
CTX196406991,35,39,2,2,0,0,401,2466,0.8463487804878048,0.006112195121951219,0.9805024390243903,89.95439024390244,0.024390243902439025,0.4030048780487805,0.0,ces
CTX196500805,2,26,1,1,3,0,258,1680,0.8607,0.005414814814814815,0.9813925925925925,89.18518518518519,0.07407407407407407,0.3949111111111111,0.0,ces
CTX196503540A,8,4,2,0,0,1,9,51,0.73045,0.008325,0.87495,49.1225,0.0,0.3333,0.0,ces
CTX196507901,3,49,0,8,0,0,493,3597,0.8005771929824561,0.016263157894736844,0.9647701754385966,640.030701754386,0.05263157894736842,0.3766157894736842,0.0,ces
CTX196607206C,13,17,11,3,7,0,122,756,0.8015699999999999,0.00993,0.9807499999999999,177.3625,0.0,0.37939500000000004,0.0,ces
CTX196608780,1,32,8,14,0,5,336,1939,0.7835217391304348,0.025873913043478258,0.9431739130434783,7151.070652173913,0.15217391304347827,0.4012782608695652,0.15217391304347827,ces
CTX196610745,68,13,10,12,0,3,92,569,0.7162959999999999,0.010091999999999999,0.8788039999999999,1519.41,0.12,0.36869599999999997,0.12,ces
CTX196700664A,20,1,2,0,0,2,3,12,0.7305,0.0,0.75,324.0,0.0,0.4286,1.0,ces
CTX196703423,16,30,0,0,0,0,269,1682,0.8565433333333333,0.00398,0.9901666666666668,77.27533333333334,0.03333333333333333,0.40390333333333334,0.0,ces
CTX196705420E,49,0,0,0,0,1,0,0,,,,,,,,
CTX196706503A,61,4,2,1,0,0,25,174,0.79228,0.00222,0.9430400000000001,84.85,0.0,0.34284,0.0,ces
CTX196706800,85,0,1,2,0,1,6,28,0.5822499999999999,0.0,0.86625,2155.0,0.0,0.3393,0.5,ces
CTX196801290,4,13,1,16,0,0,114,512,0.7074448275862069,0.008044827586206896,0.8669586206896551,107.1896551724138,0.0,0.39376206896551724,0.0,ces
CTX196803775A,2,0,0,0,0,1,0,0,,,,,,,,
CTX196805739,50,26,2,4,0,0,284,1666,0.8103866666666666,0.02242,0.9696866666666666,148.36233333333334,0.0,0.39685666666666664,0.0,ces
CTX196806061,13,24,1,3,0,0,240,1413,0.8095851851851852,0.013774074074074074,0.9771703703703705,114.93037037037037,0.0,0.39033703703703704,0.0,ces
CTX196806085,57,0,0,0,1,0,0,0,,,,,,,,
CTX196901057E,14,0,0,0,0,1,0,0,,,,,,,,
CTX196904440,1,32,8,10,0,0,271,1890,0.8198642857142857,0.008735714285714286,0.9744095238095237,71662.23214285714,0.047619047619047616,0.4101,0.0,ces
CTX196905555,1,25,9,11,1,4,207,1254,0.8029944444444443,0.007230555555555556,0.9423888888888889,2891.9738888888887,0.0,0.3890222222222222,0.1388888888888889,ces
CTX197000357,19,34,0,3,0,0,302,1936,0.8192567567567568,0.018883783783783782,0.9727,257.05405405405406,0.16216216216216217,0.40767027027027025,0.0,ces
CTX197001198C,28,3,121,138,5,30,151,807,0.6436709219858155,0.0,0.8436929078014185,2776.56170212766,0.0,0.22427163120567375,0.0,ces
CTX197002322,3,14,4,3,0,1,116,735,0.8318176470588236,0.015476470588235295,0.9850647058823528,149.70235294117649,0.0,0.3861,0.058823529411764705,ces
CTX197003224,3,9,7,1,3,4,47,339,0.80051,0.0,0.9249700000000001,329.387,0.0,0.44489,0.0,ces
CTX197005224B,6,4,5,2,0,3,16,94,0.7247,0.0,0.8586999999999999,538.365,0.0,0.30191666666666667,0.0,ces
CTX197005839B,16,4,3,4,1,3,19,128,0.7557125,0.025525,0.885,3900.875,0.0,0.401575,0.125,ces
CTX197100659A,31,0,0,1,0,0,3,13,0.6755,0.0,1.0,33.75,0.0,0.4286,0.0,ces
CTX197102871,28,0,0,1,0,0,6,22,0.4947,0.0,0.75,2624.0,0.0,0.3571,0.0,ces
CTX197104847G,7,2,1,0,0,0,4,22,0.7254,0.0,0.8422000000000001,178.0,0.0,0.41664999999999996,0.5,ces
CTX197105661I,22,0,0,1,0,0,1,4,0.654,0.0,0.9958,9792.0,0.0,0.3333,0.0,ces
CTX197106439A,23,18,3,10,0,0,176,1167,0.7822928571428571,0.0005964285714285714,0.9188964285714285,1368.9217857142855,0.07142857142857142,0.41253214285714285,0.0,ces
CTX197106710A,41,26,4,13,1,63,223,1385,0.7720538461538461,0.01616153846153846,0.9283025641025642,111.06487179487179,0.02564102564102564,0.3053897435897436,0.0,ces
CTX197200849,3,28,1,1,0,0,231,1617,0.8421448275862069,0.0032275862068965517,0.9617689655172414,222.0344827586207,0.0,0.41898620689655175,0.034482758620689655,ces
CTX197202934A,21,0,2,1,1,1,3,13,0.6713,0.0,0.75,54.5,0.0,0.25,0.0,ces
CTX197204430,42,29,0,1,0,0,276,1692,0.84384,0.011613333333333333,0.9979433333333333,119.125,0.0,0.41284000000000004,0.0,ces
CTX197206113D,17,25,21,37,4,1,192,1045,0.715083870967742,0.008266129032258063,0.8787306451612903,929.6370967741935,0.0,0.31297419354838707,0.0,ces
CTX197207196,2,1,1,0,1,1,3,16,0.7195,0.0333,0.8091,324.0,0.0,0.375,0.0,ces
CTX197207925,92,0,14,44,1,19,50,214,0.6337295454545454,0.002272727272727273,0.8154454545454546,25692.107954545456,0.0,0.1968340909090909,0.0,ces
CTX197301283,24,14,1,12,0,1,158,985,0.6992538461538461,0.036546153846153846,0.8758269230769231,224.01461538461538,0.07692307692307693,0.3287038461538462,0.0,ces
CTX197302984,9,41,55,35,32,13,245,1387,0.7156868421052632,0.0007671052631578947,0.9234131578947369,3060.596842105263,0.0,0.29706184210526315,0.013157894736842105,ces
CTX197303851,3,39,14,119,2,11,165,775,0.6177158227848101,0.0,0.7923677215189873,194.3825316455696,0.0,0.14081392405063292,0.0,ces
CTX197305383,2,3,3,4,0,1,29,189,0.7360142857142857,0.0071428571428571435,0.8808285714285714,1021.66,0.0,0.3936428571428571,0.0,ces
CTX197305802,1,5,5,5,0,8,51,347,0.73724,0.014169999999999999,0.86585,629.3,0.0,0.34961000000000003,0.0,ces
CTX197306327,3,8,8,5,0,6,42,333,0.7380384615384615,0.010569230769230772,0.8761923076923076,764.74,0.0,0.3186769230769231,0.0,ces
CTX197306984,17,20,2,3,1,0,172,1107,0.8182521739130435,0.008956521739130436,0.9428086956521738,102.91304347826087,0.0,0.38371739130434784,0.0,ces
CTX197307626,2,8,8,8,2,6,50,392,0.73584375,0.020837500000000002,0.87309375,3563.65625,0.0,0.35093125,0.0,ces
CTX197400106,16,13,0,10,2,1,207,1182,0.7373956521739131,0.01112608695652174,0.892595652173913,149.54347826086956,0.0,0.35813913043478257,0.0,ces
CTX197400754,9,20,8,14,4,1,159,928,0.7554441176470588,0.0047470588235294115,0.8951529411764706,659.4117647058823,0.058823529411764705,0.4222911764705883,0.20588235294117646,ces
CTX197401651,1,6,11,11,0,6,52,325,0.6903176470588236,0.040358823529411766,0.8294647058823529,1684.095294117647,0.17647058823529413,0.33852941176470586,0.0,ces
CTX197401727,1,3,3,2,1,1,17,100,0.6966,0.0,0.8526,986.4,0.0,0.33094,0.0,ces
CTX197402831,62,5,2,4,0,0,50,342,0.7516666666666667,0.009255555555555557,0.9471333333333334,1396.5133333333333,0.1111111111111111,0.32101111111111114,0.0,ces
CTX197403596,9,3,10,4,4,2,16,126,0.7238142857142857,0.019528571428571426,0.8274285714285714,20136.85714285714,0.0,0.2612285714285714,0.0,ces
CTX197406473,71,14,9,31,5,4,163,927,0.66166,0.012482222222222221,0.8785444444444445,3447.022444444445,0.08888888888888889,0.30722222222222223,0.0,ces
CTX197408572,25,0,3,6,0,1,30,129,0.6163500000000001,0.0,0.75,657.25,0.0,0.40455,0.0,ces
CTX197409063,28,0,4,0,1,4,0,0,,,,,,,,
CTX197502827,1,16,6,11,0,1,129,842,0.7678703703703703,0.011762962962962963,0.9553518518518518,100908.75925925926,0.037037037037037035,0.393,0.0,ces
CTX197504140D,54,6,8,15,2,1,35,181,0.6739952380952381,0.0,0.8481761904761904,1232.3023809523809,0.0,0.1888,0.0,ces
CTX197507085,76,15,4,3,1,0,143,847,0.8002333333333334,0.015605555555555555,0.9793277777777778,136.9788888888889,0.0,0.35817777777777776,0.0,ces
CTX197508530,35,27,1,2,0,0,205,1556,0.8578655172413793,0.005172413793103448,0.9622241379310345,213.34448275862067,0.0,0.4161034482758621,0.0,ces
CTX197509472,22,24,2,2,0,0,223,1374,0.8047500000000001,0.006811538461538461,0.9822884615384615,112.6776923076923,0.038461538461538464,0.3731884615384615,0.0,ces
CTX197509472U,22,0,0,1,0,0,1,3,0.597,0.0,0.8176,30.12,0.0,0.0,0.0,ces
CTX197600960,4,11,2,3,1,0,118,672,0.7467928571428571,0.01582857142857143,0.8839785714285714,131.98214285714286,0.35714285714285715,0.3497142857142857,0.07142857142857142,ces
CTX197601775,2,5,3,6,2,1,40,295,0.7493727272727273,0.006063636363636363,0.9664454545454546,868.3636363636364,0.09090909090909091,0.38015454545454547,0.0,ces
CTX197603100A,92,30,0,5,1,0,263,1518,0.7854114285714285,0.01298857142857143,0.9735514285714286,181.0857142857143,0.14285714285714285,0.4024457142857143,0.0,ces
CTX197604224,24,1,0,0,0,0,2,6,0.7433,0.0,0.8106,63.75,0.0,0.3333,0.0,ces
CTX197606672,1,13,13,15,2,2,85,539,0.7093857142857143,0.008189285714285715,0.9246249999999999,8090.044642857143,0.03571428571428571,0.42416785714285715,0.21428571428571427,ces
CTX197607438,57,28,1,1,1,0,227,1447,0.8275241379310345,0.014872413793103448,0.9700793103448276,145.10344827586206,0.0,0.4189655172413793,0.0,ces
CTX197700832,43,6,6,3,0,1,25,139,0.7674666666666666,0.0,0.9218777777777779,955.8055555555555,0.0,0.35838888888888887,0.0,ces
CTX197702723,140,0,0,2,0,0,2,4,0.5927,0.0,0.75,46.75,0.0,0.0,0.0,ces
CTX197703314,74,21,1,5,4,0,216,1359,0.8144461538461538,0.008492307692307691,0.9717115384615386,506.4207692307692,0.0,0.3822884615384616,0.0,ces
CTX197704782A,33,28,1,3,1,1,298,1839,0.8307967741935484,0.009370967741935483,0.9831451612903226,149.8790322580645,0.03225806451612903,0.41125161290322576,0.0,ces
CTX197706199,26,13,8,52,15,11,204,1266,0.6191800000000001,0.043370769230769234,0.88978,3684645.9384615384,0.03076923076923077,0.36678307692307693,0.0,ces
CTX197801492,1,18,10,14,0,2,170,1107,0.785175,0.006296875,0.957278125,104492.69125,0.0625,0.414446875,0.0,ces
CTX197802772,442,9,3,1,1,0,76,496,0.8448,0.00458,0.99077,14452.788,0.0,0.37903,0.0,ces
CTX197804988D,30,2,0,0,0,0,13,76,0.7435,0.0,0.8695999999999999,107.125,0.0,0.43385,0.0,ces
CTX197808459,2,14,4,3,0,2,117,789,0.8078941176470588,0.006070588235294117,0.9646352941176471,755.6764705882352,0.0,0.41161176470588234,0.0,ces
CTX197901495,93,22,7,5,0,2,127,891,0.7132555555555555,0.008288888888888889,0.8464111111111111,243.15259259259258,0.0,0.3826296296296296,0.1111111111111111,ces
CTX197904551,1,12,11,13,1,1,68,352,0.712716,0.00458,0.9019159999999999,4219.9952,0.04,0.37101599999999996,0.24,ces
CTX197907372,31,25,5,7,1,4,265,1703,0.7781781249999999,0.010334375,0.9469125,1152.40625,0.0,0.3920375,0.0,ces
CTX197908193,160,0,1,1,0,1,1,11,0.3201,0.0,0.75,11072.0,0.0,0.8,1.0,ces
CTX198001925,23,2,2,8,0,1,23,134,0.62549,0.01333,0.8780100000000001,934.6630000000001,0.0,0.28434,0.0,ces
CTX198002695A,14,0,1,2,0,0,16,81,0.6717500000000001,0.0,0.81735,614.0,0.0,0.4031,0.0,ces
CTX198005273B,32,19,2,8,0,2,247,1149,0.7477592592592592,0.03807037037037037,0.8773296296296296,113.74074074074075,0.0,0.3231703703703704,0.037037037037037035,ces
CTX198006141,2,18,3,1,0,0,135,950,0.8474421052631578,0.0016421052631578946,0.9855210526315791,244.8852631578947,0.0,0.39836315789473686,0.0,ces
CTX198006869,48,25,0,4,0,0,258,1562,0.767848275862069,0.014889655172413791,0.918151724137931,99.31896551724138,0.0,0.36713103448275863,0.0,ces
CTX198007229B,98,1,0,0,0,1,3,20,0.7444,0.0,0.75,278.0,0.0,0.3333,0.0,ces
CTX198101310A,98,0,8,4,16,2,4,15,0.55755,0.0,0.75,118.5325,0.0,0.25,0.0,ces
CTX198102263A,20,0,0,1,0,0,2,4,0.5985,0.0,0.9905,27.5,0.0,0.0,1.0,ces
CTX198104561,1,8,2,3,2,1,86,492,0.7491090909090908,0.023863636363636365,0.9099090909090909,228.63636363636363,0.0,0.3697909090909091,0.0,ces
CTX198105295A,15,0,1,1,2,1,1,8,0.638,0.1,0.75,38656.0,0.0,0.3333,0.0,ces
CTX198105461,1,11,10,12,2,3,115,741,0.7741913043478261,0.0031043478260869566,0.9329130434782609,2372.766086956522,0.0,0.41365217391304343,0.0,ces
CTX198200905,33,0,1,1,1,1,2,7,0.557,0.0,0.8623,17152.0,0.0,0.5,0.0,ces
CTX198203356,6,4,2,1,0,0,36,227,0.7837799999999999,0.038900000000000004,0.9373799999999999,123.08800000000001,0.0,0.43251999999999996,0.0,ces
CTX198204084,36,28,0,3,0,0,273,1770,0.8301064516129032,0.00912258064516129,0.9803258064516129,113.80451612903227,0.0,0.40025483870967743,0.0,ces
CTX198204810,56,15,48,33,39,5,76,436,0.7025333333333333,0.0019895833333333332,0.8584583333333334,2679.9427083333335,0.041666666666666664,0.26725,0.0,ces
CTX198204879M,25,1,0,0,0,0,1,4,0.855,0.0,0.981,245.0,0.0,0.6667,1.0,ces
CTX198205051A,3,0,1,1,0,1,4,20,0.6483,0.2125,0.75,296.0,0.0,0.5,0.0,ces
CTX198301299,1,16,8,7,1,4,158,967,0.8025347826086957,0.016069565217391304,0.9399826086956523,10161.423913043478,0.0,0.41731304347826087,0.043478260869565216,ces
CTX198302416A,73,4,3,8,0,1,62,335,0.6082916666666667,0.0,0.8668166666666667,9325.479166666666,0.0,0.30717500000000003,0.0,ces
CTX198303593,50,23,3,5,0,0,235,1296,0.7773714285714286,0.007853571428571429,0.9754357142857143,2184.0042857142857,0.0,0.3879357142857143,0.0,ces
CTX198303943A,39,2,1,2,0,0,23,131,0.7060500000000001,0.0,0.8125,82.625,0.0,0.244875,0.0,ces
CTX198400877A,4,0,4,5,1,1,15,66,0.6305799999999999,0.039,0.81652,194.974,0.0,0.25916,0.0,ces
CTX198401875,43,1,1,4,0,0,27,134,0.65316,0.0252,0.9681200000000001,942.476,0.0,0.32274,0.0,ces
CTX198402662,10,7,13,20,1,6,84,510,0.6912555555555555,0.003703703703703704,0.7904407407407407,546398.0,0.037037037037037035,0.3873111111111111,0.0,ces
CTX198500530,33,2,1,22,0,1,156,652,0.5696166666666667,0.025620833333333332,0.8179708333333333,459.84375,0.041666666666666664,0.3441666666666667,0.0,ces
CTX198501641,1,7,1,1,1,0,102,663,0.8549875,0.0165,0.936975,86.15625,0.0,0.3830875,0.0,ces
CTX198503246,14,3,1,2,0,0,50,282,0.7136,0.09388,0.98826,198.8,1.8,0.4024,0.0,ces
CTX198504206,1,6,3,3,0,0,67,465,0.7772888888888888,0.006633333333333334,0.9087777777777778,661.8333333333334,0.0,0.37987777777777776,0.1111111111111111,ces
CTX198600437,8,27,0,1,0,0,242,1628,0.8582178571428571,0.007625000000000001,0.9963749999999999,171.06678571428571,0.03571428571428571,0.4032178571428572,0.0,ces
CTX198602032,12,23,81,118,15,57,248,923,0.6226382978723405,0.013416312056737588,0.8088304964539007,12899.366595744681,0.0,0.10059503546099291,0.0070921985815602835,ces
CTX198603244,1,3,2,3,0,0,48,266,0.68785,0.005383333333333333,0.8682500000000001,3281.02,0.0,0.4099166666666667,0.0,ces
CTX198604050,10,24,2,6,0,0,259,1468,0.7904133333333333,0.0113,0.98064,13409.062333333333,0.0,0.40752333333333335,0.0,ces
CTX198700661,8,1,0,1,0,1,12,65,0.73735,0.03125,0.95465,109.875,0.0,0.417,0.0,ces
CTX198701885,1,12,8,8,2,6,117,752,0.78381,0.013125000000000001,0.95845,606.0065000000001,0.1,0.40834000000000004,0.0,ces
CTX198702943,2,19,13,4,1,2,144,921,0.8054347826086956,0.009317391304347826,0.9867782608695651,247.3313043478261,0.0,0.4038217391304348,0.0,ces
CTX198703742,42,0,48,95,46,28,198,767,0.5912452631578947,0.0022368421052631577,0.8324978947368421,65221.61610526316,0.0,0.19962,0.5894736842105263,ces
CTX198703941A,24,3,4,4,0,0,23,121,0.6979857142857143,0.0,0.8875857142857143,5062.768571428571,0.0,0.29722857142857145,0.0,ces
CTX198704431,6,0,2,3,0,0,6,18,0.6824666666666667,0.08333333333333333,0.75,117.75,0.0,0.38886666666666664,1.0,ces
CTX198801341,1,19,4,7,0,0,315,1932,0.7839730769230768,0.013588461538461539,0.939296153846154,5670.6061538461545,0.0,0.3826692307692308,0.038461538461538464,ces
CTX198802097C,16,3,3,2,0,1,32,160,0.6938799999999999,0.02708,0.89924,253.91199999999998,0.0,0.2907,0.0,ces
CTX198802100B,5,0,0,1,0,0,2,12,0.6079,0.0,0.7672,604.0,0.0,0.1429,1.0,ces
CTX198802104A,46,35,0,0,0,0,307,1869,0.8259028571428572,0.015462857142857143,0.9977028571428572,174.2642857142857,0.08571428571428572,0.4026085714285714,0.0,ces
CTX198802104E,205,31,4,4,0,0,304,1740,0.8046342857142856,0.01634857142857143,0.9795457142857144,236.46771428571427,0.11428571428571428,0.4168685714285714,0.0,ces
CTX198802325,1,26,18,12,3,7,167,1019,0.7615526315789474,0.009039473684210528,0.9204736842105263,640400.3123684211,0.05263157894736842,0.4015263157894737,0.02631578947368421,ces
CTX198803868,8,3,7,7,0,1,24,118,0.62203,0.03,0.88011,976.625,0.0,0.35049,0.2,ces
CTX198804401,52,22,1,5,9,0,207,1298,0.8396259259259259,0.0008407407407407407,0.998237037037037,10586.314814814816,0.0,0.39047777777777776,0.0,ces
CTX198900800,6,17,1,4,0,2,153,762,0.7303333333333333,0.01759047619047619,0.8746666666666666,296.1247619047619,0.0,0.4369428571428572,0.0,ces
CTX198901592,146,14,3,7,1,2,124,732,0.7344047619047619,0.02691904761904762,0.9280047619047619,486.01190476190476,0.047619047619047616,0.4396095238095238,0.14285714285714285,ces
CTX198903184,3,27,1,3,0,1,288,1933,0.8469433333333334,0.004593333333333334,0.9915066666666666,283.19166666666666,0.1,0.37881,0.0,ces
CTX198903785,51,6,37,115,9,81,133,371,0.6013702479338843,0.004958677685950413,0.7753479338842975,345.97553719008266,0.0,0.04435289256198347,0.09917355371900827,ces
CTX199001056,7,25,3,1,1,1,217,1409,0.8286384615384615,0.01448846153846154,0.9759692307692307,160.5430769230769,0.07692307692307693,0.42128461538461537,0.0,ces
CTX199002140,18,27,2,2,0,1,219,1620,0.8529448275862068,0.0,0.9508379310344828,344.0389655172414,0.0,0.4238724137931034,0.0,ces
CTX199002387,58,17,0,10,1,3,169,1183,0.7283777777777778,0.01916296296296296,0.9654777777777779,1612.3425925925926,0.0,0.34453703703703703,0.0,ces
CTX199002929,1,21,24,19,3,6,109,751,0.7579475,0.005,0.918365,2703918.3875,0.0,0.405135,0.05,ces
CTX199003571,3,15,1,2,0,1,135,882,0.8252176470588236,0.008423529411764705,0.9669294117647058,589.8088235294117,0.0,0.41361764705882353,0.0,ces
CTX199003586P,45,1,2,4,1,3,16,93,0.6761199999999999,0.0125,0.9362199999999999,438.1,0.0,0.28474,0.0,ces
CTX199003587D,35,4,4,2,0,3,16,96,0.7300833333333333,0.0,0.8610666666666668,131.625,0.0,0.2715166666666667,0.3333333333333333,ces
CTX199003610,3,28,1,0,0,0,253,1674,0.8542357142857143,0.0013892857142857142,0.9908142857142856,96.37035714285715,0.0,0.40543214285714285,0.0,ces
CTX199003676Q,52,2,6,5,0,8,30,135,0.6536857142857143,0.07595714285714286,0.8819428571428573,230.19714285714286,0.14285714285714285,0.2904714285714286,0.0,ces
CTX199003678E,112,2,1,4,0,1,27,119,0.6526166666666666,0.05153333333333333,0.8741833333333333,521.375,0.3333333333333333,0.36261666666666664,0.0,ces
CTX199004124F,93,0,3,2,10,1,9,38,0.5563,0.025,0.8743000000000001,250.25,0.5,0.125,0.0,ces
CTX199004501,89,2,74,106,41,47,144,350,0.5903268518518519,0.0032407407407407406,0.7803842592592592,6873.269722222222,0.0,0.06693148148148148,0.28703703703703703,ces
CTX199004525,92,6,82,77,15,23,103,441,0.6187012048192772,0.0069277108433734936,0.8333240963855421,9295.148554216867,0.0,0.21007590361445783,0.0,ces
CTX199100018,1,19,23,29,1,6,131,716,0.7148187500000001,0.0102125,0.8737208333333334,78317.78770833333,0.020833333333333332,0.34960624999999995,0.08333333333333333,ces
CTX199101002,29,4,2,2,0,2,18,90,0.7360166666666667,0.0052,0.9305,302.8333333333333,0.0,0.35345000000000004,0.0,ces
CTX199102037,21,22,2,5,2,0,257,1478,0.8000592592592594,0.01374074074074074,0.9677444444444445,243.07407407407408,0.14814814814814814,0.38372222222222224,0.0,ces
CTX199102416F,58,19,6,9,0,0,149,913,0.7366,0.005021428571428572,0.9602357142857143,638.0714285714286,0.07142857142857142,0.36220714285714284,0.0,ces
CTX199102806,3,28,0,1,0,0,239,1657,0.8592862068965517,0.014596551724137931,0.9931241379310345,202.4051724137931,0.3103448275862069,0.4215620689655173,0.0,ces
CTX199103854C,20,1,1,3,0,0,10,58,0.6104,0.0,0.75,95.5,0.0,0.541675,0.0,ces
CTX199104170C,37,29,21,46,0,4,234,1343,0.695444,0.003636,0.8675346666666667,8240.376,0.0,0.25216933333333336,0.013333333333333334,ces
CTX199104251,58,4,20,80,32,38,237,967,0.5647309523809524,0.017738095238095237,0.8226583333333334,72992.5694047619,0.0,0.22409761904761907,0.47619047619047616,ces
CTX199104289L,95,0,1,2,0,0,6,26,0.5999000000000001,0.02,0.75,323.75,0.0,0.14285,0.0,ces
CTX199104340,38,1,0,1,0,0,15,83,0.7183999999999999,0.02725,0.99815,87.25,0.0,0.4075,0.0,ces
CTX199104508,2,17,18,9,7,3,67,442,0.769726923076923,0.00801153846153846,0.9229807692307692,1464275.7546153846,0.038461538461538464,0.3744192307692308,0.0,ces
CTX199200173,44,0,1,1,0,1,1,2,0.5983,0.0,0.75,18.62,0.0,0.0,0.0,ces
CTX199201960,30,34,0,14,0,0,276,1738,0.7955104166666667,0.0,0.92640625,334.609375,0.0,0.3740041666666667,0.0,ces
CTX199202968,4,37,14,18,0,4,275,1821,0.78672,0.010814545454545455,0.9449981818181817,4892.738363636364,0.01818181818181818,0.4192818181818182,0.07272727272727272,ces
CTX199203819,49,1,0,0,0,1,3,28,0.7401,0.0,0.8899,368.0,0.0,0.4167,0.0,ces
CTX199204094,32,9,15,17,4,5,58,301,0.6942730769230768,0.009296153846153846,0.844826923076923,7650.1442307692305,0.15384615384615385,0.4030769230769231,0.0,ces
CTX199300044,6,32,3,1,0,1,322,1938,0.8439515151515151,0.015351515151515152,0.9911939393939395,62.913030303030304,0.0,0.3999848484848485,0.0,ces
CTX199300762,153,1,2,2,0,0,5,18,0.5806666666666667,0.0,0.75,500.75,0.0,0.22219999999999998,0.0,ces
CTX199301668,38,26,2,40,3,7,274,1652,0.6515530303030302,0.01675909090909091,0.8133636363636364,375.5833333333333,0.10606060606060606,0.23557424242424244,0.0,ces
CTX199302949,2,36,0,4,0,1,396,2348,0.7982375,0.005455,0.9863474999999999,499.3547500000001,0.075,0.40193,0.0,ces
CTX199304044,34,0,0,2,0,0,11,45,0.54765,0.10444999999999999,0.9769000000000001,991.0,0.0,0.34309999999999996,0.0,ces
CTX199401315,6,26,1,1,0,0,234,1514,0.833237037037037,0.007085185185185185,0.979337037037037,127.99074074074075,0.0,0.39583703703703704,0.0,ces
CTX199405385,46,8,0,2,0,0,76,471,0.83327,0.0022700000000000003,0.9722200000000001,497.037,0.1,0.43547,0.0,ces
CTX199405605,1,8,3,4,0,0,75,452,0.7414499999999999,0.009858333333333334,0.8656,165.6775,0.08333333333333333,0.2934833333333333,0.0,ces
CTX199407312,10,26,1,1,0,2,204,1436,0.867925925925926,0.0044444444444444444,0.999925925925926,221.1251851851852,0.0,0.4116740740740741,0.0,ces
CTX199500663,34,2,2,1,1,0,15,91,0.7576666666666666,0.04666666666666667,0.9743333333333334,1173.0833333333333,0.3333333333333333,0.4106,0.0,ces
CTX199503106,8,26,2,2,0,1,212,1404,0.8441785714285714,0.00039642857142857145,0.9839357142857142,177.65178571428572,0.0,0.4164642857142857,0.0,ces
CTX199505339,50,5,2,4,0,1,32,233,0.7496111111111111,0.005555555555555556,0.9678,842.6666666666666,0.0,0.3977222222222222,0.6666666666666666,ces
CTX199600237,103,34,2,1,0,0,372,2202,0.8329542857142858,0.006485714285714285,0.9930199999999999,78.08571428571429,0.08571428571428572,0.4259428571428571,0.0,ces
CTX199601011,10,10,55,45,9,27,93,455,0.648390909090909,0.007136363636363637,0.8461254545454546,35760.027272727275,0.05454545454545454,0.34082181818181817,0.16363636363636364,ces
CTX199601926,62,2,31,16,23,17,40,176,0.5881833333333333,0.029627777777777777,0.8032444444444444,2033.2394444444444,0.05555555555555555,0.17628888888888888,0.1111111111111111,ces
CTX199602537,33,15,1,5,0,3,234,1094,0.758885,0.010375,0.9871550000000001,70.9935,0.0,0.39070499999999997,0.0,ces
CTX199603988,44,30,0,1,0,0,229,1568,0.8772709677419355,0.0008064516129032258,0.9990483870967742,94.91548387096775,0.0,0.40675161290322587,0.0,ces
CTX199604926,41,0,2,4,0,2,15,59,0.598025,0.0125,0.935725,251.6875,0.0,0.24582500000000002,0.25,ces
CTX199605366,35,4,2,1,0,0,12,64,0.73334,0.0,0.79974,104.06400000000001,0.0,0.28331999999999996,0.0,ces
CTX199605768,57,26,5,18,1,4,184,1063,0.7340159090909091,0.004429545454545454,0.8486999999999999,269.01272727272726,0.045454545454545456,0.3412159090909091,0.045454545454545456,ces
CTX199700417,4,23,0,1,0,0,214,1448,0.82965,0.014995833333333333,0.9532250000000001,203.04166666666666,0.125,0.4167708333333333,0.0,ces
CTX199703455,14,1,0,0,0,0,2,19,0.815,0.0,0.75,520.0,0.0,0.4444,1.0,ces
CTX199704829,7,28,0,0,1,0,264,1485,0.8326964285714286,0.0031750000000000003,0.9998928571428571,106.57571428571428,0.0,0.4054035714285714,0.0,ces
CTX199706725,65,15,4,16,5,2,216,1049,0.7079387096774193,0.0035741935483870973,0.8821258064516129,219.70064516129034,0.0,0.33976774193548387,0.0,ces
CTX199707217,1,5,6,2,1,3,38,206,0.7262857142857142,0.012899999999999998,0.9036285714285714,323.39285714285717,0.0,0.37638571428571427,0.14285714285714285,ces
CTX199801820,82,0,0,1,0,0,19,48,0.5891,0.0211,0.8526,23.5,2.0,0.5556,0.0,ces
CTX199803035A,184,1,0,0,0,0,2,13,0.7327,0.0,0.75,74.5,0.0,0.5,1.0,ces
CTX199803815H,35,0,8,15,1,4,31,138,0.54728,0.024046666666666668,0.8055866666666667,104687.16666666667,0.2,0.2694733333333333,0.06666666666666667,ces
CTX199804044,244,3,20,12,15,3,22,96,0.64266,0.0033333333333333335,0.8759066666666667,5890.741333333334,0.0,0.29958,0.0,ces
CTX199805567,52,27,24,3,0,0,293,1686,0.8123400000000001,0.007863333333333333,0.9753833333333334,90.21066666666667,0.0,0.42233666666666664,0.0,ces
CTX199806540A,82,4,3,3,2,0,30,152,0.7050571428571429,0.0,0.9988,868.1428571428571,0.0,0.4234,0.0,ces
CTX199806886,59,2,5,3,3,6,31,155,0.6220600000000001,0.00636,0.8997400000000001,288.65,0.0,0.41109999999999997,0.0,ces
CTX199901158,3,10,2,3,0,0,95,580,0.7810846153846154,0.0013769230769230768,0.9368692307692308,470.03846153846155,0.0,0.42786153846153846,0.0,ces
CTX199901961,10,36,0,0,0,1,480,3060,0.8824055555555556,0.010161111111111112,0.9929583333333333,54.23305555555555,0.08333333333333333,0.40745000000000003,0.0,ces
CTX199903232A,37,6,11,11,2,0,48,216,0.6761529411764706,0.037264705882352936,0.8061588235294118,244.80882352941177,0.0,0.31031176470588234,0.23529411764705882,ces
CTX199904249,161,2,5,9,3,1,14,86,0.658590909090909,0.0,0.8463818181818182,33622.818181818184,0.0,0.4457181818181818,0.09090909090909091,ces
CTX199904402E,28,0,0,0,2,0,0,0,,,,,,,,
CTX199905561,67,21,3,4,0,8,88,634,0.79104,0.0,0.931492,290.2348,0.0,0.384308,0.28,ces
CTX199907836,15,39,30,28,4,9,265,1412,0.7191835820895522,0.013007462686567165,0.8834582089552239,1515.921791044776,0.014925373134328358,0.39355970149253733,0.0,ces
CTX199908640,46,71,156,324,13,21,434,2044,0.6502407594936709,0.0006539240506329113,0.8396546835443037,10748.733316455697,0.0,0.1880179746835443,0.1670886075949367,ces
CTX200001115,13,20,9,14,0,9,182,1015,0.7213264705882353,0.0,0.9221205882352941,785.5332352941177,0.0,0.3642294117647059,0.0,ces
CTX200001401,20,3,4,0,0,5,6,33,0.7803333333333334,0.0,0.9090333333333334,152.25,0.0,0.3409,0.3333333333333333,ces
CTX200001519,11,23,20,18,19,3,245,1540,0.7202,0.009434146341463416,0.9363682926829269,469.6768292682927,0.07317073170731707,0.33955365853658537,0.07317073170731707,ces
CTX200005117,326,0,0,0,0,2,0,0,,,,,,,,
CTX200005125,15,24,11,3,0,11,228,1239,0.7761740740740741,0.005851851851851852,0.957062962962963,216.7685185185185,0.037037037037037035,0.3938333333333333,0.0,ces
CTX200005798,1,3,5,4,1,0,16,78,0.6796714285714286,0.026785714285714284,0.8150857142857143,1138.392857142857,0.0,0.31708571428571425,0.2857142857142857,ces
CTX200008437,18,2,1,2,0,0,15,94,0.701975,0.0,0.996275,2165.5,0.0,0.443875,0.0,ces
CTX200009521,5,2,4,7,0,0,32,162,0.693911111111111,0.0411,0.8815111111111111,153.61111111111111,0.0,0.3683111111111111,0.0,ces
CTX200010082,4,24,9,1,1,1,277,1833,0.8641840000000001,0.012707999999999999,0.9845,219.35,0.0,0.423668,0.0,ces
CTX200100850,19,22,1,2,1,0,258,1702,0.8382791666666667,0.0024375,0.9664874999999999,41.843333333333334,0.0,0.3720583333333333,0.0,ces
CTX200101528A,223,1,0,0,0,0,2,8,0.7247,0.0,0.75,41.75,0.0,0.3333,0.0,ces
CTX200102181,1,0,4,7,0,6,17,76,0.5973571428571428,0.04515714285714286,0.8119285714285714,3813.714285714286,0.0,0.2772,0.42857142857142855,ces
CTX200104182,1,4,7,4,1,1,31,207,0.7778,0.00875,0.9044,419805.59375,0.0,0.4169125,0.125,ces
CTX200106227,3,0,0,0,0,1,0,0,,,,,,,,
CTX200108747,24,27,2,4,0,0,254,1473,0.7944193548387096,0.008770967741935483,0.9889290322580645,482.0270967741936,0.0,0.4046258064516129,0.0,ces
CTX200109181,240,2,1,0,0,0,6,28,0.7343500000000001,0.0,0.8444499999999999,223.25,0.0,0.3,0.0,ces
CTX200109447A,86,37,26,22,1,7,216,1360,0.7503,0.0027677966101694916,0.884235593220339,1214.869661016949,0.01694915254237288,0.38452372881355934,0.03389830508474576,ces
CTX200200523,2,32,22,29,6,10,216,1354,0.7290409836065573,0.0048983606557377055,0.9103918032786885,8820.342131147541,0.03278688524590164,0.3583803278688525,0.5409836065573771,ces
CTX200201705,3,1,1,1,0,0,10,67,0.7105,0.0,0.87445,647.5,0.0,0.46875,0.0,ces
CTX200201809,974,0,0,0,0,1,0,0,,,,,,,,
CTX200201809A,519,5,5,8,0,4,18,106,0.7273923076923077,0.0,0.8773384615384615,14190.682307692306,0.0,0.31373076923076926,0.0,ces
CTX200201809B,499,3,9,11,0,4,20,114,0.6806571428571428,0.019642857142857146,0.8786428571428572,3232648.3928571427,0.0,0.3410642857142857,0.0,ces
CTX200201809C,184,4,8,10,1,4,19,110,0.7010214285714286,0.0,0.8924642857142857,17945.0,0.0,0.33999999999999997,0.0,ces
CTX200201809C,1184,1,1,1,0,0,12,54,0.6585,0.05,0.7926500000000001,83.5,0.0,0.1719,0.0,ces
CTX200201809E,243,22,22,44,3,11,148,954,0.7050848484848485,0.04247727272727273,0.8493590909090909,2218.8257575757575,0.045454545454545456,0.4549651515151515,0.0,ces
CTX200201809F,418,2,2,0,0,1,23,149,0.8152999999999999,0.07405,0.7907500000000001,77.375,0.0,0.35860000000000003,0.0,ces
CTX200202873,11,8,3,0,0,0,50,316,0.8358375,0.0215125,0.9993125,150.03125,0.0,0.3884125,0.0,ces
CTX200205116,16,57,0,0,0,0,821,5342,0.8800929824561404,0.002812280701754386,0.9934684210526316,83.57228070175438,0.08771929824561403,0.4148385964912281,0.0,ces
CTX200207884,59,3,2,0,0,2,11,61,0.7319,0.0,0.9049333333333333,138.08333333333334,0.0,0.3797333333333333,0.0,ces
CTX200208644,177,28,26,44,8,5,166,1110,0.7322527777777778,0.0046277777777777775,0.9107458333333334,509663.9913888889,0.05555555555555555,0.3925652777777778,0.013888888888888888,ces
CTX200300497,71,104,183,137,18,4,311,1482,0.6965651452282158,0.00020746887966804981,0.8514145228215768,914.48622406639,0.0,0.24981244813278008,0.14107883817427386,ces
CTX200300525,72,17,19,22,4,5,109,664,0.7201666666666667,0.012451282051282053,0.8547897435897435,1682.6379487179488,0.02564102564102564,0.3379307692307692,0.4358974358974359,ces
CTX200301004,101,3,3,1,0,1,29,155,0.7488,0.0,0.9362,90.5,0.0,0.404875,0.0,ces
CTX200302243,40,3,1,1,0,0,16,101,0.827975,0.04375,0.875,184.75,0.0,0.348125,0.25,ces
CTX200303314,38,0,0,0,0,1,0,0,,,,,,,,
CTX200305390,8,17,5,0,0,1,162,1086,0.8686588235294118,0.007317647058823529,0.9997411764705882,73.38235294117646,0.0,0.42071176470588234,0.0,ces
CTX200307990,26,29,2,1,0,0,338,2230,0.8686466666666667,0.009223333333333333,0.9819833333333333,66.02966666666666,0.06666666666666667,0.39590333333333333,0.0,ces
CTX200309056,137,20,10,7,0,1,116,683,0.7632592592592593,0.0097,0.8664925925925926,405.8837037037037,0.037037037037037035,0.3831925925925926,0.0,ces
CTX200400207,1,15,11,10,0,1,131,873,0.757352,0.004612,0.913992,8862.4956,0.0,0.38732799999999995,0.16,ces
CTX200401604,2,18,6,5,2,5,145,870,0.8100739130434782,0.004782608695652175,0.9398000000000001,188.41000000000003,0.17391304347826086,0.4186869565217391,0.043478260869565216,ces
CTX200402867,19,3,5,3,0,2,14,58,0.65415,0.023616666666666664,0.7945166666666666,417.8966666666667,0.0,0.21873333333333334,0.6666666666666666,ces
CTX200402891,18,11,2,7,0,0,66,473,0.7016222222222223,0.014733333333333333,0.9024722222222221,599.2427777777779,0.0,0.4165,0.0,ces
CTX200403520,167,0,0,1,0,0,2,16,0.695,0.0,0.9201,230.0,0.0,0.4545,1.0,ces
CTX200405049,1,35,18,9,1,6,258,1626,0.816015909090909,0.0018931818181818182,0.9312363636363638,598.1404545454545,0.0,0.4143568181818182,0.045454545454545456,ces
CTX200406267,31,31,57,127,25,32,211,1077,0.6158050632911393,0.0007386075949367088,0.8397943037974683,18517.41987341772,0.0,0.1978126582278481,0.006329113924050633,ces
CTX200409501,100,13,49,44,63,160,71,384,0.673878947368421,0.03157894736842105,0.8239368421052631,2302.4912280701756,0.0,0.2509,0.10526315789473684,ces
CTX200501000,142,6,2,0,0,0,70,437,0.769,0.08546666666666668,0.8932333333333333,64.54166666666667,1.0,0.35385,0.0,ces
CTX200501489,56,34,3,8,0,1,420,2546,0.7888547619047619,0.009192857142857143,0.9633119047619048,652354.8061904762,0.023809523809523808,0.3615047619047619,0.0,ces
CTX200502129,53,2,1,0,1,1,4,22,0.75105,0.0,0.8223,49.75,0.0,0.3333,0.0,ces
CTX200502636,45,1,4,4,0,0,17,102,0.69766,0.0,0.99352,2304.35,0.6,0.35216,0.0,ces
CTX200502657,32,46,2,3,0,0,531,3660,0.8847122448979592,0.0007142857142857144,0.9807163265306124,177.93775510204082,0.02040816326530612,0.4053734693877551,0.0,ces
CTX200503922,4,34,1,0,0,1,420,2689,0.8863735294117647,0.01156764705882353,0.9982911764705882,69.06970588235293,0.029411764705882353,0.40470882352941173,0.0,ces
CTX200506175,34,1,4,9,0,0,23,108,0.60628,0.005,0.8503999999999999,4059.275,0.0,0.26497000000000004,0.0,ces
CTX200508664,18,0,198,497,0,151,497,1391,0.5565766599597586,0.0,0.7793762575452716,381.2835010060362,0.0,0.012072434607645875,0.12877263581488935,ces
CTX200509837,36,2,2,3,0,0,9,42,0.74212,0.075,0.8,56.4,0.0,0.38886,0.0,ces
CTX200510127,109,12,12,10,7,5,43,246,0.7706363636363637,0.0,0.9017681818181817,93133.63363636364,0.045454545454545456,0.3487454545454545,0.0,ces
CTX200510476,65,24,36,38,13,17,93,465,0.6712241935483871,0.001343548387096774,0.8516274193548387,517.5370967741935,0.0,0.20514516129032256,0.0,ces
CTX200510580,16,6,26,18,36,28,39,189,0.6742666666666667,0.006945833333333334,0.8593458333333334,1764.2612500000002,0.0,0.2867458333333333,0.0,ces
CTX200600328,32,11,6,14,0,3,172,982,0.729604,0.015851999999999998,0.89094,3750.24,0.16,0.41647199999999995,0.0,ces
CTX200601424,95,5,2,2,1,0,24,151,0.7903714285714286,0.04761428571428571,0.9311714285714286,1583.642857142857,0.14285714285714285,0.3809571428571429,0.0,ces
CTX200602122,97,22,4,1,0,0,199,1529,0.8958,0.0010869565217391304,0.9761347826086957,75.84739130434782,0.0,0.4021391304347826,0.0,ces
CTX200603591,76,0,1,7,0,0,31,134,0.5702,0.056285714285714286,0.9495142857142858,3412.285714285714,0.14285714285714285,0.41618571428571427,0.8571428571428571,ces
CTX200604118,68,21,6,15,0,1,191,1179,0.7016361111111111,0.009344444444444443,0.920025,1027.0,0.0,0.31654444444444446,0.1111111111111111,ces
CTX200604144,22,5,2,0,0,0,29,158,0.76258,0.0,0.95,204.0,0.0,0.33214,0.0,ces
CTX200605502,134,1,1,1,2,0,10,56,0.7232000000000001,0.0,0.9977,222.0,0.0,0.28054999999999997,0.0,ces
CTX200607246,13,13,4,11,0,5,72,507,0.7807041666666666,0.0027791666666666663,0.9552,5300.374583333333,0.08333333333333333,0.387075,0.0,ces
CTX200607774,166,6,9,2,3,14,44,268,0.7378625,0.009462499999999999,0.8279875,108.5,0.125,0.28995,0.0,ces
CTX200609569,21,1,2,1,1,0,4,18,0.6958,0.0,0.875,284.875,0.0,0.26925,0.5,ces
CTX200610882,17,11,37,46,11,1,88,444,0.6333192982456141,0.0008771929824561404,0.8914736842105263,2832.019649122807,0.0,0.16187368421052634,0.49122807017543857,ces
CTX200700645,84,4,2,1,0,0,47,262,0.76188,0.0,0.93854,68.15,0.0,0.31106,0.0,ces
CTX200701248,38,1,5,1,0,5,3,20,0.7673,0.0,0.875,1037.5,0.0,0.17855,0.0,ces
CTX200702282,1,14,9,0,1,2,59,431,0.8345857142857144,0.005950000000000001,0.904,85.83928571428571,0.0,0.3748,0.0,ces
CTX200702313,3,37,5,1,0,1,408,2587,0.8521289473684209,0.0021342105263157897,0.9722342105263158,62.02789473684211,0.0,0.4168,0.0,ces
CTX200702547,71,11,7,4,1,6,36,259,0.76502,0.019426666666666665,0.8957333333333334,1097.5833333333333,0.0,0.3643666666666666,0.0,ces
CTX200704906,67,1,2,3,0,0,9,50,0.686375,0.04375,0.7949999999999999,220.58,0.0,0.164025,0.25,ces
CTX200706966B,63,4,4,7,0,1,22,95,0.6696090909090909,0.05189090909090909,0.8229181818181818,20744.909090909092,0.09090909090909091,0.4225,0.0,ces
CTX200707028,35,71,52,114,4,27,352,2154,0.7125340540540541,0.005078378378378379,0.9195983783783783,3793.4486486486485,0.0,0.340732972972973,0.12972972972972974,ces
CTX200708198,16,22,11,1,0,0,226,1528,0.8849217391304348,0.005921739130434782,0.9887782608695652,47.49521739130435,0.0,0.3892217391304348,0.043478260869565216,ces
CTX200710040,43,23,32,30,24,12,133,755,0.7302264150943396,0.011771698113207548,0.8915566037735848,18370.45283018868,0.24528301886792453,0.3900094339622642,0.0,ces
CTX200710049,575,1,0,1,0,0,21,118,0.63475,0.025,0.9455,399.75,0.0,0.179,0.0,ces
CTX200710594,13,57,1,2,0,1,889,5870,0.8908559322033898,0.002254237288135593,0.996135593220339,37.835762711864405,0.0,0.40339491525423726,0.0,ces
CTX200711050A,311,24,70,65,9,89,228,1332,0.6677966292134832,0.005889887640449438,0.8696966292134832,2008.4908988764046,0.14606741573033707,0.27918539325842695,0.06741573033707865,ces
CTX200711499,22,30,42,34,13,17,184,1081,0.7280328125,0.01845,0.9189484375,2459.9571875,0.203125,0.381509375,0.03125,ces
CTX200712342,81,5,28,32,12,7,64,313,0.6499594594594594,0.0009648648648648649,0.851145945945946,12596.611351351352,0.0,0.24699189189189188,0.08108108108108109,ces
CTX200712544,1,27,3,3,0,0,190,1299,0.8359733333333333,0.0,0.9450566666666667,1819.3086666666668,0.0,0.40462666666666663,0.26666666666666666,ces
CTX200800202,42,4,2,1,0,0,48,295,0.78978,0.00506,0.9152799999999999,71.1,0.0,0.30402,0.0,ces
CTX200801002,2,15,4,0,0,1,132,908,0.8517733333333334,0.0054866666666666675,0.9666,158.0006666666667,0.0,0.4123866666666667,0.0,ces
CTX200802218,11,23,8,3,1,0,184,1077,0.7867461538461539,0.0012,0.9113730769230769,92.23538461538462,0.0,0.377,0.0,ces
CTX200802678,427,8,3,5,1,1,39,232,0.7808769230769231,0.0,0.9393230769230769,21047.653846153848,0.0,0.3636076923076923,0.0,ces
CTX200802812,17,24,3,3,0,0,277,1939,0.8791518518518517,0.012974074074074074,0.9857555555555556,294.23555555555555,0.0,0.3988481481481482,0.0,ces
CTX200803238,138,35,44,52,9,13,190,1153,0.7207298850574713,0.007116091954022988,0.8952804597701148,607374.9122988506,0.1724137931034483,0.3837666666666667,0.011494252873563218,ces
CTX200804051,11,9,17,25,0,0,112,571,0.6144794117647059,0.03308823529411765,0.911335294117647,222.32176470588234,0.0,0.22653235294117646,0.47058823529411764,ces
CTX200806338,7,28,4,0,0,1,314,2148,0.8761607142857143,0.004828571428571428,0.9726964285714287,76.84357142857142,0.03571428571428571,0.4284857142857143,0.0,ces
CTX200806859,25,56,1,2,0,0,737,5264,0.8932224137931034,0.004932758620689656,0.9901155172413794,62.882586206896555,0.0,0.4010310344827586,0.0,ces
CTX200808540,1,7,5,6,0,1,54,379,0.767523076923077,0.01709230769230769,0.8684307692307692,268.5969230769231,0.07692307692307693,0.39706153846153847,0.07692307692307693,ces
CTX200808540,1003,4,12,13,3,4,24,151,0.7194058823529411,0.0,0.8838941176470588,3757.6911764705883,0.0,0.32373529411764707,0.0,ces
CTX200808540A,195,4,12,13,3,4,24,157,0.7149,0.0,0.8825647058823529,5597.1835294117645,0.0,0.34249999999999997,0.0,ces
CTX200808540B,400,0,0,2,0,0,7,32,0.6919,0.0,0.9124,24.685000000000002,0.0,0.29164999999999996,0.0,ces
CTX200809955,10,21,3,3,1,0,242,1513,0.8339166666666666,0.011770833333333333,0.9759875,70.32583333333334,0.0,0.3885166666666667,0.0,ces
CTX200811140,58,9,5,0,2,2,68,413,0.7855,0.0018555555555555556,0.9034777777777777,155.30444444444444,0.0,0.42236666666666667,0.0,ces
CTX200811413A,138,2,5,3,1,2,13,65,0.67498,0.02,0.88414,155.324,0.0,0.32166,0.0,ces
CTX200812522,78,5,6,6,0,0,30,202,0.6864363636363636,0.0,0.8629272727272728,979.3181818181819,0.0,0.4296909090909091,0.09090909090909091,ces
CTX200813281,36,57,1,3,1,0,903,6025,0.8870366666666667,0.0031166666666666665,0.9914716666666668,39.550333333333334,0.0,0.403685,0.0,ces
CTX200900639,2,14,9,1,0,1,96,632,0.8512000000000001,0.002533333333333333,0.9660133333333333,107.922,0.06666666666666667,0.3949866666666667,0.4,ces
CTX200900707,243,1,1,1,0,0,7,39,0.6971,0.0,0.84535,44.375,0.0,0.15,0.0,ces
CTX200901179,28,1,0,0,0,0,13,81,0.8232,0.0615,1.0,52.0,2.0,0.4237,0.0,ces
CTX200901914,19,2,2,0,1,0,21,150,0.8751,0.0,1.0,85.0,0.0,0.3667,0.0,ces
CTX200902494,13,3,4,8,9,7,38,252,0.6678181818181819,0.040054545454545454,0.8657454545454545,6531.477272727273,0.09090909090909091,0.3936454545454545,0.0,ces
CTX200903030,17,15,5,2,0,0,43,345,0.8246352941176471,0.0,0.9435235294117646,177.64647058823527,0.0,0.3848705882352941,0.058823529411764705,ces
CTX200903467A,96,1,77,26,0,312,28,137,0.5638222222222222,0.0,0.7806148148148148,41.5637037037037,0.0,0.018518518518518517,0.0,ces
CTX200903467D,92,29,2,3,0,0,303,1855,0.82243125,0.00290625,0.973615625,158.7459375,0.0,0.39343125,0.0,ces
CTX200903467F,214,1,3,2,0,2,6,45,0.6488,0.0,0.75,94.83333333333333,0.0,0.2569666666666666,0.6666666666666666,ces
CTX200903814,11,21,3,12,0,0,334,1515,0.7222727272727273,0.028484848484848488,0.9937545454545454,233.52848484848482,0.0,0.3768030303030303,0.0,ces
CTX200903833,18,0,1,2,0,0,4,18,0.61,0.0,0.8996500000000001,523.0,0.0,0.4,0.0,ces
CTX200904295,8,31,2,0,0,1,408,2662,0.8882709677419355,0.006029032258064516,0.9965935483870968,81.37935483870969,0.16129032258064516,0.41671290322580645,0.0,ces
CTX200905128C,64,9,11,10,2,2,24,129,0.7435105263157894,0.0,0.8903105263157896,4978.457368421053,0.0,0.34293684210526315,0.2631578947368421,ces
CTX200907044,44,0,0,1,0,0,3,6,0.5401,0.0,0.9971,163.0,0.0,0.5,0.0,ces
CTX200908088A,17,2,0,0,0,0,21,121,0.75395,0.0156,0.7887500000000001,205.0,0.0,0.3968,0.0,ces
CTX200910084,56,4,6,6,3,2,16,100,0.75517,0.00417,0.8791800000000001,50727.8,0.0,0.37256999999999996,0.0,ces
CTX200910863D,37,12,14,4,0,12,33,252,0.78840625,0.0,0.89009375,957.640625,0.0,0.39429375,0.0,ces
CTX200911925,33,0,2,8,1,1,11,53,0.666275,0.0,0.806675,6321.0,0.0,0.34895,0.0,ces
CTX200913479,48,4,6,4,2,2,20,105,0.7036375,0.0,0.96625,3790.4375,0.0,0.3104875,0.0,ces
CTX200915208,40,27,6,0,1,0,343,2126,0.8673962962962962,0.002137037037037037,0.9891222222222221,88.31,0.037037037037037035,0.40700000000000003,0.0,ces
CTX200915856,11,2,2,2,0,1,12,78,0.766275,0.0,0.995975,1624.625,0.0,0.3704,0.0,ces
CTX201000713,206,32,66,32,1,44,248,1701,0.7535671875,0.0203125,0.862403125,5678.859375,0.09375,0.3678546875,0.0,ces
CTX201000713,1206,23,67,41,54,55,113,532,0.6773828125,0.016271874999999998,0.9031609375,229489.05859375,0.0,0.4323421875,0.109375,ces
CTX201000713E,36,5,2,3,0,4,43,291,0.7611625,0.0177125,0.931325,121077.75,0.125,0.35738749999999997,0.0,ces
CTX201000760A,111,2,2,2,0,0,11,42,0.5655,0.0625,0.86265,3190.0,0.0,0.18055,0.0,ces
CTX201001607,105,40,2,18,0,0,527,3109,0.7621844827586206,0.0032603448275862067,0.9269327586206896,1370.1039655172412,0.0,0.37740344827586203,0.0,ces
CTX201001863,377,8,7,5,1,0,42,267,0.7484307692307692,0.028846153846153848,0.9342999999999999,14558.913076923076,0.0,0.4343230769230769,0.0,ces
CTX201001901,164,30,24,38,9,18,143,865,0.7291661764705882,0.006738235294117647,0.9132720588235294,593067.2407352941,0.20588235294117646,0.3839573529411765,0.014705882352941176,ces
CTX201001901,1164,8,4,6,1,0,43,267,0.7567357142857143,0.026785714285714284,0.9153642857142857,3744.9728571428573,0.07142857142857142,0.4358571428571429,0.07142857142857142,ces
CTX201004000,111,1,2,0,0,4,4,21,0.7956,0.0,0.75,252.0,0.0,0.4375,0.0,ces
CTX201004073,311,2,3,3,0,1,20,97,0.6977800000000001,0.034,0.87844,361.4,0.0,0.38622,0.2,ces
CTX201004111,23,0,0,2,0,0,4,20,0.607,0.0,0.9867,565.0,0.0,0.5,0.0,ces
CTX201004216,21,30,9,2,2,0,356,2480,0.8613375,0.0086125,0.990340625,91.0265625,0.0,0.40064062500000003,0.0,ces
CTX201004311,36,37,10,0,0,0,221,1705,0.8630702702702703,0.0,0.9418864864864865,116.29729729729729,0.0,0.37785135135135134,0.0,ces
CTX201004836,5,21,20,24,0,12,116,745,0.7286177777777777,0.02223333333333333,0.8416933333333333,86879.60288888888,0.044444444444444446,0.38201555555555555,0.1111111111111111,ces
CTX201005140,53,13,51,69,54,34,112,549,0.6183695121951219,0.004201219512195122,0.8244999999999999,3320.1467073170734,0.0,0.2170621951219512,0.15853658536585366,ces
CTX201005317,9,0,0,1,0,0,2,19,0.719,0.0,0.75,3376.0,0.0,0.4444,0.0,ces
CTX201006930,47,45,41,45,13,2,185,999,0.7251133333333333,0.0,0.8991266666666667,13979.655777777778,0.0,0.22587666666666667,0.17777777777777778,ces
CTX201007323,45,3,7,6,0,8,12,61,0.6883333333333334,0.011111111111111112,0.8431777777777777,130643.69444444444,0.0,0.2851888888888889,0.1111111111111111,ces
CTX201007365A,313,13,15,0,7,7,36,185,0.7571153846153845,0.0,0.8179846153846154,59.50461538461538,0.0,0.35342307692307695,0.0,ces
CTX201007539,33,3,22,12,12,4,24,107,0.63976,0.013886666666666665,0.8423866666666666,338.2633333333333,0.0,0.24616000000000002,0.26666666666666666,ces
CTX201007841,27,4,2,1,0,0,53,275,0.74302,0.00588,0.75,61.8,0.0,0.36072,0.0,ces
CTX201100041A,142,32,119,236,124,145,312,1343,0.6098727611940298,0.007618283582089553,0.7978037313432835,1031.360485074627,0.0,0.18066716417910447,0.2462686567164179,ces
CTX201100104,12,22,1,1,0,0,266,1507,0.8384826086956522,0.008060869565217392,0.961991304347826,86.67086956521739,0.043478260869565216,0.3833782608695652,0.0,ces
CTX201100541,394,10,16,8,3,50,25,157,0.76295,0.0,0.8886388888888889,41254.04555555555,0.0,0.34404444444444443,0.16666666666666666,ces
CTX201100541,1401,17,10,13,4,0,73,488,0.7723633333333333,0.0125,0.93149,3465.9166666666665,0.0,0.42588333333333334,0.03333333333333333,ces
CTX201100550,25,7,5,11,4,4,33,199,0.7261444444444444,0.0046277777777777775,0.8839,1034.6999999999998,0.0,0.2928833333333334,0.0,ces
CTX201100615,697,18,20,17,1,8,112,634,0.7125428571428571,0.00102,0.8706771428571429,1471.6251428571427,0.0,0.38928285714285715,0.0,ces
CTX201100828,1,9,4,2,0,1,60,430,0.8044454545454546,0.003181818181818182,0.904190909090909,212.06272727272727,0.0,0.38525454545454546,0.0,ces
CTX201100935,718,12,5,11,6,9,53,307,0.7308565217391304,0.009782608695652175,0.8953913043478261,35501.108695652176,0.0,0.3965608695652174,0.5217391304347826,ces
CTX201101163,28,0,1,2,0,0,4,18,0.6055999999999999,0.0,0.8996500000000001,545.0,0.0,0.4,0.0,ces
CTX201101229,13,33,2,1,0,0,341,2541,0.8963352941176471,0.0045735294117647055,0.9912058823529412,48.635,0.058823529411764705,0.40027647058823534,0.0,ces
CTX201101321,87,34,5,6,1,1,357,2653,0.841,0.0017125,0.96858,1214.3870000000002,0.0,0.4238425,0.025,ces
CTX201101323,802,1,2,0,0,2,2,8,0.7229,0.0,0.75,50.5,0.0,0.3333,0.0,ces
CTX201101487,8,15,9,1,0,1,144,955,0.8691625,0.006656250000000001,0.984175,291.171875,0.0,0.42195,0.0,ces
CTX201102102,10,19,2,3,0,0,206,1546,0.8659454545454545,0.006709090909090909,0.9723818181818181,2086.77,0.0,0.4066863636363637,0.0,ces
CTX201102798,33,3,2,1,0,0,35,209,0.762,0.020825,0.9999750000000001,154.75,0.0,0.31477499999999997,0.0,ces
CTX201102934,399,2,0,0,0,0,4,18,0.726,0.0,0.85025,165.0,0.0,0.29164999999999996,0.0,ces
CTX201103273,121,6,15,60,49,89,90,325,0.6053075757575758,0.003787878787878788,0.7831454545454546,72074.18136363638,0.0,0.09347727272727273,0.0,ces
CTX201103402A,73,7,11,11,1,1,29,184,0.7230666666666666,0.0,0.8746,40517.30888888889,0.0,0.31867222222222225,0.0,ces
CTX201103508,48,35,18,48,13,7,163,942,0.714410843373494,0.01355301204819277,0.9023144578313252,1704.5768674698795,0.0,0.3053132530120482,0.0,ces
CTX201103642,248,0,0,0,1,0,0,0,,,,,,,,
CTX201103650,178,13,13,9,1,6,46,334,0.8004363636363636,0.0,0.897009090909091,19594.215909090908,0.0,0.39444090909090906,0.0,ces
CTX201103660,265,1,2,0,0,4,4,21,0.7956,0.0,0.75,252.0,0.0,0.4375,0.0,ces
CTX201103666,28,14,14,23,1,2,119,756,0.7016027027027026,0.016737837837837836,0.8524567567567568,29281.141891891893,0.0,0.21317027027027027,0.6756756756756757,ces
CTX201103673,177,1,2,4,0,0,12,89,0.69396,0.04,0.75,263.0,0.0,0.3075,0.0,ces
CTX201200023,33,31,2,1,0,0,325,2151,0.877165625,0.002028125,0.99199375,76.558125,0.0,0.40561875000000003,0.0,ces
CTX201200065,534,27,34,97,59,119,150,602,0.589958064516129,0.000671774193548387,0.8510048387096775,1412.8850000000002,0.0,0.20867822580645162,0.3790322580645161,ces
CTX201200141,53,2,0,0,0,0,15,127,0.8937999999999999,0.0,0.9979,40.375,0.0,0.42425,0.0,ces
CTX201200181,2,1,0,0,0,0,9,58,0.8146,0.0,1.0,15.62,0.0,0.4878,0.0,ces
CTX201200807,28,55,7,3,0,0,299,1752,0.7675431034482758,0.008305172413793104,0.9539189655172414,93.96120689655173,0.0,0.3832189655172414,0.0,ces
CTX201200944,30,11,29,162,27,52,329,1214,0.5632306358381504,0.017334104046242776,0.8670248554913293,1138.6601156069364,0.017341040462427744,0.13287687861271677,0.2023121387283237,ces
CTX201201389,14,0,1,2,0,0,4,16,0.68145,0.0,0.8786499999999999,132.875,0.0,0.41664999999999996,0.0,ces
CTX201201698,9,25,8,0,0,1,248,1804,0.891292,0.000332,0.9992719999999999,76.51520000000001,0.0,0.409916,0.0,ces
CTX201202229,6,2,1,0,0,1,17,98,0.7911,0.0096,0.87375,70.625,0.0,0.42115,0.0,ces
CTX201202275,56,5,2,0,0,0,12,105,0.75292,0.0,0.9335000000000001,89.35,0.0,0.30566,0.0,ces
CTX201202280A,238,1,2,4,0,0,16,93,0.7059,0.0,0.75,99.65,0.0,0.22085999999999997,0.8,ces
CTX201202432,249,28,5,9,0,1,345,1987,0.7663945945945946,0.003586486486486486,0.9023351351351352,234.24648648648645,0.0,0.3956189189189189,0.08108108108108109,ces
CTX201202519,454,40,91,99,1,79,164,886,0.6328496402877698,0.0,0.7993964028776979,395.9060431654676,0.0,0.23619568345323744,0.18705035971223022,ces
CTX201202528,50,45,53,42,2,24,254,1614,0.712848275862069,0.0007183908045977011,0.8489873563218392,329576.25057471264,0.0,0.22844597701149424,0.20689655172413793,ces
CTX201202538,5,24,4,1,1,1,225,1512,0.8721760000000001,0.0028160000000000004,0.994672,147.9704,0.0,0.41360399999999997,0.0,ces
CTX201202633,37,0,59,51,52,158,51,102,0.5978137254901961,0.0,0.7644235294117646,20.96470588235294,0.0,0.0,0.0,ces
CTX201202686,121,2,4,6,0,1,17,117,0.668675,0.033325,0.77665,966.0,0.0,0.3700625,0.0,ces
CTX201203281,245,17,26,32,20,26,108,717,0.7308551020408164,0.0051,0.8841387755102041,5957.056326530613,0.10204081632653061,0.4140204081632653,0.08163265306122448,ces
CTX201203532,2,11,2,1,0,0,141,977,0.8888416666666666,0.0,0.9995333333333334,73.55083333333333,0.0,0.4146666666666667,0.0,ces
CTX201300228,4,41,6,1,0,1,470,3138,0.8775238095238096,0.006435714285714285,0.9939976190476191,503.34499999999997,0.0,0.43138095238095236,0.0,ces
CTX201300531,67,7,6,6,11,3,22,116,0.7867538461538461,0.0,0.9175692307692308,73005.82692307692,0.0,0.3419384615384615,0.0,ces
CTX201300780,93,45,74,80,45,166,277,1417,0.6943976000000001,0.032,0.8553776000000001,5401.8160800000005,0.0,0.24778400000000003,0.04,ces
CTX201300955,279,0,0,1,0,0,1,2,0.595,0.0,0.75,35.25,0.0,0.0,0.0,ces
CTX201301126,19,2,2,4,0,1,16,69,0.6675666666666666,0.0729,0.8333333333333334,395.5833333333333,0.0,0.4367166666666667,1.0,ces
CTX201301502,24,6,1,3,0,1,22,163,0.7835666666666667,0.005555555555555556,0.9418333333333333,307.5,0.0,0.40978888888888887,0.0,ces
CTX201302147,27,1,0,0,0,0,12,67,0.7682,0.0,0.998,29.62,0.0,0.3947,0.0,ces
CTX201302176,163,6,3,2,0,0,43,244,0.7327375,0.0,0.9652875000000001,363.25,0.0,0.39968750000000003,0.0,ces
CTX201302321,137,0,2,4,0,1,4,12,0.591625,0.0,0.7777499999999999,56.875,0.0,0.0,0.0,ces
CTX201302514,670,19,16,18,6,9,106,620,0.7066162162162162,0.014443243243243243,0.8546945945945946,3323649.6232432434,0.02702702702702703,0.3538324324324324,0.05405405405405406,ces
CTX201302608,9,24,4,6,0,2,229,1730,0.8412366666666667,0.006606666666666666,0.9509766666666667,2988.746,0.0,0.41702999999999996,0.0,ces
CTX201302654,17,1,0,0,0,0,10,74,0.8566,0.06,1.0,23.12,0.0,0.4364,0.0,ces
CTX201302745,189,9,10,9,4,3,48,298,0.7582444444444445,0.010805555555555556,0.8664555555555555,912.3022222222221,0.0,0.3183611111111111,0.0,ces
CTX201302787,220,1,6,11,1,3,13,59,0.6148083333333333,0.0,0.7929750000000001,4880.323333333333,0.0,0.25435833333333335,0.08333333333333333,ces
CTX201302912,12,51,2,4,1,0,805,5139,0.86338,0.009436363636363637,0.9615036363636363,50.680727272727275,0.2545454545454545,0.40195636363636367,0.0,ces
CTX201303015,173,0,1,1,1,0,1,5,0.665,0.0,0.9068,56320.0,0.0,0.25,1.0,ces
CTX201303062,29,34,2,1,0,1,408,2833,0.8720714285714286,0.008159999999999999,0.9593142857142857,99.05685714285714,0.05714285714285714,0.41616,0.0,ces
CTX201303214,20,0,0,1,0,0,2,6,0.6785,0.125,0.75,96.0,0.0,0.3333,0.0,ces
CTX201303227,51,6,3,1,0,0,35,191,0.7561714285714285,0.0306,0.9602714285714286,117.75,0.0,0.36407142857142855,0.0,ces
CTX201303985,51,9,16,13,3,10,43,286,0.7398636363636364,0.014013636363636365,0.8629409090909091,5549.8381818181815,0.0,0.4061727272727273,0.45454545454545453,ces
CTX201400121,30,3,3,2,0,0,34,156,0.71966,0.025,0.9497,113.8,0.0,0.33984000000000003,0.0,ces
CTX201400303,366,14,10,6,0,5,60,390,0.778995,0.00595,0.9386050000000001,222.9155,0.05,0.393035,0.05,ces
CTX201400705,69,32,93,83,26,31,281,1857,0.7176269565217391,0.01722782608695652,0.8900365217391305,20003.54956521739,0.0,0.3813965217391304,0.0,ces
CTX201403240,69,18,20,16,14,10,117,647,0.7186088235294118,0.012091176470588235,0.8863176470588234,3431.580882352941,0.08823529411764706,0.37576764705882354,0.058823529411764705,ces
CTX201403921,269,2,1,0,0,0,15,86,0.82265,0.01785,0.99775,111.0,0.0,0.3488,0.0,ces
CTX201403997,17,31,2,3,0,0,319,2038,0.8095588235294118,0.010941176470588235,0.9110235294117648,205.60470588235293,0.058823529411764705,0.3910911764705882,0.0,ces
CTX201404706B,57,15,12,19,2,1,80,510,0.7379882352941176,0.003676470588235294,0.882935294117647,1708.7335294117647,0.0,0.29874117647058823,0.29411764705882354,ces
CTX201404716,17,25,6,11,0,0,275,1606,0.7813166666666667,0.006200000000000001,0.9345472222222223,248.78111111111107,0.027777777777777776,0.3556888888888889,0.0,ces
CTX201404748,12,0,3,0,3,2,0,0,,,,,,,,
CTX201404752,18,0,0,0,2,1,0,0,,,,,,,,
CTX201404815,65,39,3,4,0,0,496,3405,0.8657302325581395,0.0031465116279069767,0.9726046511627907,184.00232558139535,0.0,0.40229302325581395,0.023255813953488372,ces
CTX201404863,236,5,2,2,0,1,26,168,0.7603285714285715,0.032057142857142853,0.9036857142857143,282.5885714285714,0.14285714285714285,0.37542857142857144,0.0,ces
CTX201405047,66,1,3,4,0,0,13,46,0.56758,0.1,0.79656,2905.576,0.0,0.20604,0.0,ces
CTX201405171,13,2,0,0,0,0,33,197,0.8386,0.054349999999999996,0.8731,31.905,0.0,0.37660000000000005,0.0,ces
CTX201405188,90,8,63,94,9,30,133,568,0.6100598039215687,0.00196078431372549,0.7934078431372549,4672.300980392157,0.0,0.06418529411764706,0.0,ces
CTX201405221,35,0,28,2,4,206,2,8,0.6001,0.0,0.75,19.595,0.0,0.0,0.0,ces
CTX201405223,205,64,175,136,72,68,230,1244,0.700838,0.0,0.8473569999999999,10909.5625,0.0,0.195675,0.0,ces
CTX201405225A,320,3,6,73,0,169,86,338,0.6068763157894737,0.0,0.7636868421052632,30.357631578947366,0.0,0.015055263157894738,0.0,ces
CTX201405252,168,7,16,9,0,4,30,176,0.7297625,0.02604375,0.84204375,34398.484375,0.0,0.41733750000000003,0.0,ces
CTX201405253C,342,15,13,19,6,7,126,747,0.6991058823529412,0.022020588235294118,0.883585294117647,830.1397058823529,0.029411764705882353,0.3838764705882353,0.058823529411764705,ces
CTX201405254C,42,0,5,2,0,8,4,19,0.65795,0.05835,0.75,449.56,0.0,0.23335,0.0,ces
CTX201405454,5,1,0,0,0,0,8,56,0.8707,0.0,1.0,33.75,0.0,0.4681,0.0,ces
CTX201405541,3,9,1,4,0,0,61,357,0.7351846153846153,0.04221538461538461,0.9031307692307693,245.40384615384616,0.0,0.4260846153846154,0.8461538461538461,ces
CTX201405761,81,1,1,2,0,0,22,123,0.6605666666666666,0.046066666666666665,0.8201999999999999,134.5,0.6666666666666666,0.28736666666666666,0.0,ces
CTX201405865A,256,0,0,1,0,0,1,3,0.5978,0.0,0.75,25.75,0.0,0.0,0.0,ces
CTX201405865C,249,4,12,12,3,4,23,151,0.71178125,0.0,0.897475,52293.543125,0.0,0.3190375,0.0,ces
CTX201405865E,426,0,0,0,0,1,0,0,,,,,,,,
CTX201405866,652,0,0,0,0,1,0,0,,,,,,,,
CTX201405869,241,4,2,1,0,0,43,256,0.76732,0.00588,0.8499399999999999,99.85,0.0,0.32843999999999995,0.0,ces
CTX201500056,13,29,3,1,0,0,307,2197,0.8939166666666666,0.0085,0.9745166666666667,124.08099999999999,0.03333333333333333,0.42762666666666665,0.03333333333333333,ces
CTX201500189,3,25,4,0,0,1,230,1530,0.866768,0.004668,0.989528,75.95479999999999,0.08,0.418448,0.0,ces
CTX201500833,41,5,9,3,2,8,35,207,0.7234,0.00625,0.91225,1600.45375,0.0,0.3412375,0.25,ces
CTX201500869,1,5,3,3,1,0,35,224,0.7834125,0.01,0.875675,401.5,0.25,0.4298875,0.0,ces
CTX201501347,75,4,4,1,0,0,28,112,0.7143200000000001,0.06251999999999999,0.95,90.35,0.0,0.33087999999999995,0.2,ces
CTX201501656C,118,2,18,1,0,34,4,22,0.7195666666666667,0.0,0.8333333333333334,122.25,0.0,0.28573333333333334,0.6666666666666666,ces
CTX201501681,170,48,70,81,15,60,151,943,0.7141813953488373,0.0,0.8654906976744187,11640.996821705427,0.0,0.3067139534883721,0.23255813953488372,ces
CTX201501946,4,23,5,9,0,1,164,960,0.7257625,0.02038125,0.921775,155.9646875,0.0,0.453790625,0.0,ces
CTX201501946B,399,8,5,6,0,3,39,284,0.7483785714285714,0.0023785714285714287,0.8848785714285714,517.3435714285714,0.0,0.3523,0.0,ces
CTX201501977,90,8,3,3,0,0,35,199,0.7070909090909091,0.02120909090909091,0.8604181818181819,168.4090909090909,0.0,0.3709545454545454,0.09090909090909091,ces
CTX201501986,336,7,5,2,1,3,28,204,0.7446666666666667,0.022222222222222223,0.8484222222222222,161.05555555555554,0.0,0.3922555555555556,0.1111111111111111,ces
CTX201502014,22,8,7,2,1,1,22,109,0.7265,0.017499999999999998,0.80427,40.951,0.0,0.30967,0.7,ces
CTX201502023,257,30,63,35,13,0,139,917,0.7640615384615385,0.0,0.8464769230769231,524.2961538461539,0.0,0.3332123076923077,0.0,ces
CTX201502114,4,26,4,2,0,0,242,1672,0.8380285714285715,0.0005714285714285715,0.96005,87.19785714285715,0.0,0.42673214285714284,0.03571428571428571,ces
CTX201502298,133,36,70,37,17,22,106,646,0.7268890410958904,0.007705479452054794,0.8208123287671233,16041.839315068493,0.0,0.35365753424657537,0.2876712328767123,ces
CTX201502334,204,14,24,32,71,0,91,578,0.6795217391304348,0.0016804347826086955,0.8401869565217391,922.5434782608696,0.0,0.2338717391304348,0.30434782608695654,ces
CTX201502517,9,15,2,0,0,1,138,985,0.8631866666666668,0.004546666666666667,0.97542,144.17466666666667,0.13333333333333333,0.4102133333333333,0.0,ces
CTX201502526,47,14,129,128,43,74,177,1047,0.6560049295774648,0.0009859154929577466,0.8486274647887324,4809.98338028169,0.007042253521126761,0.22681619718309862,0.07746478873239436,ces
CTX201502540,128,11,17,6,1,1,35,249,0.7949117647058824,0.0,0.9117882352941176,4121.11,0.0,0.402164705882353,0.058823529411764705,ces
CTX201502546,19,1,0,1,0,0,18,111,0.7355,0.0,0.8743000000000001,145.5,0.0,0.50715,0.0,ces
CTX201502875B,274,12,14,15,1,4,42,236,0.723574074074074,0.004166666666666667,0.8911333333333333,12156.166296296296,0.0,0.2827222222222222,0.14814814814814814,ces
CTX201502875F,474,19,6,1,0,0,174,1139,0.754675,0.01514,0.8789,37.255,0.0,0.35416,0.0,ces
CTX201502948,6,0,15,21,9,19,65,293,0.4998857142857143,0.056590476190476184,0.8157238095238094,32874.630952380954,0.19047619047619047,0.3409428571428571,0.047619047619047616,ces
CTX201503679,148,18,6,17,9,21,199,893,0.68642,0.03760857142857143,0.8784714285714286,1171.9605714285715,0.6285714285714286,0.4167,0.0,ces
CTX201503905,5,1,2,0,0,2,5,28,0.7649,0.05,0.75,430.0,0.0,0.4091,0.0,ces
CTX201503964,19,2,1,0,0,0,13,72,0.74385,0.0595,0.9995499999999999,62.0,0.0,0.3841,0.0,ces
CTX201504057,5,47,0,0,0,1,672,4105,0.8794957446808511,0.001991489361702128,0.983436170212766,62.84021276595744,0.0,0.39761063829787235,0.0,ces
CTX201504500,1,30,3,3,0,1,262,1766,0.8511909090909091,0.0068393939393939385,0.9668787878787879,58.04545454545455,0.06060606060606061,0.394369696969697,0.0,ces
CTX201504579,1,29,3,5,0,0,281,1895,0.8312823529411765,0.005852941176470588,0.942029411764706,225.89147058823528,0.029411764705882353,0.4005058823529412,0.0,ces
CTX201600302,28,29,6,6,0,0,284,1793,0.8069142857142857,0.007471428571428572,0.9598914285714286,1781.4942857142858,0.02857142857142857,0.39671999999999996,0.05714285714285714,ces
CTX201600354,18,5,2,0,0,0,59,368,0.8003199999999999,0.03306,0.94926,45.9,0.0,0.41790000000000005,0.0,ces
CTX201600406,51,50,0,5,0,0,703,4358,0.8176018181818182,0.013407272727272728,0.939969090909091,45.60036363636364,0.0,0.3973381818181818,0.0,ces
CTX201600475,49,1,2,0,0,2,2,7,0.7188,0.0,0.75,48.25,0.0,0.3333,0.0,ces
CTX201600504,560,1,2,0,0,2,2,8,0.7245,0.0,0.75,42.5,0.0,0.3333,0.0,ces
CTX201600548,308,0,2,0,0,3,0,0,,,,,,,,
CTX201600803,16,28,9,11,0,0,241,1371,0.7742282051282051,0.0010692307692307691,0.9008384615384616,781.775641025641,0.0,0.3931923076923077,0.0,ces
CTX201600832,39,2,1,0,0,0,18,135,0.8494,0.0,0.99955,46.0,0.0,0.43115000000000003,0.0,ces
CTX201600842,185,34,45,79,0,19,169,1104,0.7354584070796459,0.0,0.9030884955752213,2000.7378761061948,0.0,0.34091858407079645,0.0,ces
CTX201600894,72,1,6,0,0,12,6,48,0.8303,0.0,0.998,46.75,0.0,0.3939,0.0,ces
CTX201600965,25,0,2,75,11,25,97,307,0.5472186666666667,0.0,0.8132706666666667,782.6754666666667,0.0,0.087992,0.0,ces
CTX201600989,6,1,0,0,0,0,5,34,0.8027,0.0,1.0,27.0,0.0,0.4286,0.0,ces
CTX201601112,1,10,5,3,0,2,56,401,0.8029615384615384,0.012823076923076925,0.9052615384615385,2861.173076923077,0.0,0.3832846153846154,0.0,ces
CTX201601205,143,0,1,0,0,3,0,0,,,,,,,,
CTX201601377,1,5,5,1,0,0,22,161,0.8094166666666666,0.0,0.9117666666666667,97.04166666666667,0.0,0.34286666666666665,0.0,ces
CTX201601557,23,0,1,2,0,0,6,24,0.67435,0.0833,1.0,21.689999999999998,0.0,0.375,0.0,ces
CTX201601687,16,2,5,4,0,1,25,162,0.7139333333333333,0.029166666666666664,0.9623333333333334,4696.5,0.0,0.4022333333333334,0.0,ces
CTX201602619,16,2,1,0,0,0,20,107,0.85825,0.0092,0.875,48.375,0.0,0.43095,0.0,ces
CTX201603158,360,5,4,6,0,2,70,405,0.7122818181818181,0.001990909090909091,0.8635818181818181,205.5563636363636,0.09090909090909091,0.37830909090909093,0.0,ces
CTX201603198,229,0,0,1,0,0,2,6,0.5227,0.0,0.75,1808.0,0.0,0.25,0.0,ces
CTX201603571,52,10,6,2,1,3,49,314,0.7530749999999999,0.008333333333333333,0.8935416666666667,138.55166666666665,0.0,0.35918333333333335,0.08333333333333333,ces
CTX201603778B,272,5,3,1,0,0,54,314,0.8345333333333333,0.00805,0.95785,98.93666666666667,0.0,0.3390333333333333,0.0,ces
CTX201603778F,270,1,0,0,0,0,15,118,0.9098,0.0,1.0,108.5,0.0,0.3789,0.0,ces
CTX201603778H,104,0,0,0,0,1,0,0,,,,,,,,
CTX201603814,139,0,1,2,0,0,6,22,0.6679,0.0,0.75,33.75,0.0,0.25,0.0,ces
CTX201603815,391,32,32,26,8,8,233,1501,0.7334586206896552,0.004844827586206897,0.9234620689655173,4826.010689655172,0.10344827586206896,0.39780000000000004,0.3448275862068966,ces
CTX201604006,621,5,9,9,2,2,20,126,0.7223214285714287,0.0,0.8941714285714285,959.0714285714286,0.0,0.31857857142857143,0.0,ces
CTX201604006B,77,5,9,9,2,2,20,124,0.7321428571428571,0.0,0.8707571428571429,903.3614285714285,0.0,0.2908071428571429,0.0,ces
CTX201604014A,109,0,0,2,0,0,2,8,0.5977,0.0,0.75,31.62,0.0,0.0,0.0,ces
CTX201604017,134,13,54,71,9,119,142,1018,0.6331738095238095,0.012301190476190478,0.7723785714285715,4088.759642857143,0.011904761904761904,0.29505714285714285,0.0,ces
CTX201604030,25,1,2,2,0,0,20,118,0.6495333333333333,0.0,0.8292666666666667,56.25,0.0,0.29096666666666665,0.3333333333333333,ces
CTX201604049,340,39,8,1,0,1,260,2276,0.844265,0.0,0.9391375,146.3375,0.0,0.33722250000000004,0.0,ces
CTX201604051,341,29,5,0,0,1,290,2008,0.8743896551724137,0.010317241379310345,0.965448275862069,54.42896551724138,0.06896551724137931,0.400951724137931,0.0,ces
CTX201604051D,604,17,58,143,47,71,208,832,0.627430625,0.0,0.815785625,4290.7795625,0.0,0.17491625,0.18125,ces
CTX201604070,319,0,1,2,1,1,2,12,0.3727,0.0,0.9995499999999999,95744.0,0.0,0.5,0.0,ces
CTX201604075,155,100,1,6,0,0,1726,9549,0.8363849056603774,0.02259245283018868,0.9818367924528303,53.15698113207547,0.0,0.35732452830188677,0.0,ces
CTX201604106,117,7,5,5,0,1,54,328,0.7040416666666666,0.014233333333333334,0.870875,1120.9691666666665,0.16666666666666666,0.345775,0.0,ces
CTX201604149,12,19,1,13,0,1,280,1537,0.74581875,0.011959375,0.952053125,946.1128125,0.0,0.429434375,0.0,ces
CTX201604155,785,7,18,6,6,5,20,105,0.7204846153846153,0.015384615384615385,0.8424615384615385,28303.596153846152,0.0,0.4628153846153846,0.38461538461538464,ces
CTX201604169I,48,0,0,1,0,0,10,53,0.6292,0.035,0.9216,7.38,0.0,0.4444,0.0,ces
CTX201700202,38,29,6,5,1,9,233,1720,0.8345882352941176,0.013902941176470588,0.9359264705882353,588.6397058823529,0.0,0.41093823529411766,0.0,ces
CTX201700354,208,28,2,0,0,1,347,2312,0.8835857142857143,0.009975,0.9730428571428572,64.16285714285713,0.07142857142857142,0.4096892857142857,0.0,ces
CTX201700703,20,4,2,1,1,0,39,247,0.76158,0.02196,0.8382400000000001,33.242000000000004,0.4,0.32670000000000005,0.0,ces
CTX201700736,116,18,5,0,0,0,154,1084,0.8048555555555557,0.0,0.9115944444444444,71.76444444444445,0.0,0.38835555555555556,0.0,ces
CTX201700827,279,5,1,4,0,0,19,93,0.7103333333333333,0.0,0.8683333333333334,13300.694444444445,0.0,0.38834444444444444,0.0,ces
CTX201701014,97,35,32,31,15,16,211,1345,0.7260106060606061,0.02952878787878788,0.8591378787878787,1685.5966666666668,0.07575757575757576,0.37311060606060603,0.045454545454545456,ces
CTX201701632,93,3,3,1,0,0,35,200,0.7816749999999999,0.018175,0.9299,81.47,0.0,0.333825,0.0,ces
CTX201701997,300,35,0,0,0,0,246,1187,0.7451142857142857,0.042494285714285714,0.8956085714285714,161.67857142857142,0.0,0.3214228571428572,0.0,ces
CTX201702024,14,10,10,13,0,4,51,330,0.7451391304347826,0.005795652173913044,0.9077173913043479,48290.19565217391,0.08695652173913043,0.38365217391304346,0.043478260869565216,ces
CTX201702166,5,14,2,0,0,1,134,1064,0.9083214285714286,0.00695,0.9999285714285715,34.26714285714286,0.07142857142857142,0.43575,0.0,ces
CTX201702175,41,1,0,0,0,0,8,52,0.8257,0.0,0.9999,49.75,0.0,0.439,0.0,ces
CTX201702181A,63,36,4,1,0,0,404,2885,0.8944135135135135,0.003594594594594595,0.992854054054054,64.75810810810812,0.0,0.39778108108108107,0.10810810810810811,ces
CTX201702201,2,34,40,44,27,29,295,1873,0.714651282051282,0.003419230769230769,0.8882269230769231,3067.446923076923,0.2564102564102564,0.36121282051282055,0.32051282051282054,ces
CTX201703276,20,21,8,6,0,0,286,1834,0.7852000000000001,0.008448148148148149,0.930274074074074,497.63962962962967,0.0,0.32725925925925925,0.14814814814814814,ces
CTX201703284,91,119,224,221,23,52,381,2178,0.7100191176470588,0.0014705882352941176,0.8768117647058823,7917.104058823529,0.0,0.29549029411764705,0.0029411764705882353,ces
CTX201703525,245,58,46,45,0,1,200,1142,0.7689805825242718,0.0038834951456310682,0.8905116504854369,11044.69776699029,0.0,0.2749291262135923,0.0,ces
CTX201703689,186,0,1,1,2,0,1,3,0.5995,0.0,0.75,17.75,0.0,0.0,0.0,ces
CTX201703690C,71,7,8,7,0,0,64,464,0.6912571428571429,0.08535714285714287,0.75,90.7057142857143,0.0,0.27805,0.0,ces
CTX201703691A,258,0,1,2,0,0,2,7,0.5984,0.0,0.75,25.38,0.0,0.0,0.0,ces
CTX201704251,57,2,0,0,0,0,9,44,0.76405,0.0,0.875,48.0,0.0,0.3772,0.0,ces
CTX201750001,122,6,10,5,2,10,32,248,0.7439818181818182,0.005681818181818182,0.8617181818181817,5538.977272727273,0.0,0.36426363636363635,0.0,ces
CTX201750047,31,25,39,47,3,3,165,855,0.7126680555555556,0.013472222222222222,0.8937402777777778,2535.726388888889,0.0,0.3481388888888889,0.0,ces
CTX201750086,5,41,12,34,1,6,322,2136,0.7263293333333333,0.01184,0.890784,2306.7201333333333,0.09333333333333334,0.32906,0.013333333333333334,ces
CTX201750094,1,32,0,4,1,3,321,2200,0.8078638888888888,0.01839722222222222,0.9830277777777778,1078.7777777777778,0.19444444444444445,0.4081444444444445,0.0,ces
CTX201750127,4,11,0,6,0,1,99,773,0.7466823529411765,0.03506470588235294,0.9164470588235294,548.9705882352941,0.11764705882352941,0.3663470588235294,0.0,ces
CTX201750140,36,1,1,2,0,0,9,46,0.6669999999999999,0.0,0.8333333333333334,3118.6666666666665,0.0,0.2889,0.6666666666666666,ces
CTX201750175,178,46,22,19,14,9,232,1439,0.769283076923077,0.0009615384615384616,0.9272846153846154,2728.7289230769234,0.0,0.3812046153846154,0.015384615384615385,ces
CTX201750243,24,1,8,4,2,2,10,67,0.6873,0.025,0.78208,1513.7,0.0,0.27915999999999996,0.0,ces
CTX201750245,55,0,89,34,66,56,58,191,0.5846235294117647,0.0211,0.8301235294117647,32266.15029411765,0.029411764705882353,0.3043205882352941,0.0,ces
CTX201750285,8,7,4,21,3,29,50,293,0.6874357142857143,0.007885714285714286,0.9106428571428572,14646.44642857143,0.10714285714285714,0.3803107142857143,0.17857142857142858,ces
CTX201750305,15,1,18,20,1,7,22,82,0.5732047619047619,0.0,0.7538285714285715,40.82714285714286,0.0,0.01587142857142857,0.0,ces
CTX201750319A,229,4,14,37,4,13,134,631,0.647160975609756,0.016273170731707316,0.8603878048780488,473700.17341463413,0.2926829268292683,0.30732439024390246,0.0,ces
CTX201750324,100,22,1,8,0,0,197,1276,0.7610933333333333,0.02103,0.93662,220.471,0.06666666666666667,0.38328,0.0,ces
CTX201750333,334,14,2,17,4,11,167,1169,0.7306870967741935,0.025303225806451612,0.9001258064516129,5745.975806451613,0.12903225806451613,0.37259677419354836,0.0,ces
CTX201750355,32,25,1,17,1,3,207,1749,0.707897619047619,0.019364285714285716,0.8637761904761904,819.1130952380952,0.047619047619047616,0.36600714285714286,0.0,ces
CTX201750376,12,0,28,32,23,16,69,356,0.5653375,0.024634375,0.819603125,26597.0275,0.125,0.328384375,0.0625,ces
