file,page_num,Clear,Noisy,Trash,Non-text,Empty,total_word_count,total_char_count,avg_quality_score,avg_word_weird,avg_lang_score,avg_perplex,avg_symbol,avg_vowel_ratio,ch_ratio,main_lang
CTX192700799,4,23,1,2,0,8,182,1101,0.8626458333333332,0.025650000000000003,0.9470333333333333,0.0,0.08333333333333333,0.4026166666666667,0.0,ces
CTX193100253,46,33,6,1,8,1,266,1667,0.8322179487179486,0.036469230769230775,0.9125589743589745,0.0,0.15384615384615385,0.3956025641025641,0.02564102564102564,ces
CTX193202278,11,61,19,18,37,102,265,1446,0.78191375,0.031080000000000003,0.9396275,0.0,0.0625,0.3049575,0.0125,ces
CTX193401762,9,3,13,4,11,7,112,577,0.6694375,0.161775,0.783375,0.0,1.25,0.4590125,0.0,ces
CTX193600857,33,34,4,0,2,1,377,2173,0.7600605263157895,0.043050000000000005,0.7892684210526316,0.0,0.05263157894736842,0.3799052631578947,0.0,ces
CTX193702477,82,1,0,0,0,0,2,11,0.7328,0.05,0.75,0.0,0.0,0.4444,0.0,ces
CTX193801636,131,31,0,0,2,0,250,1475,0.8388903225806452,0.012390322580645161,0.9965161290322581,751.5796774193549,0.0,0.41900645161290323,0.0,ces
CTX194000186,2,0,0,0,1,0,0,0,,,,,,,,
CTX194003484,1,3,3,2,0,4,20,93,0.71035,0.03935,0.875,1504.9633333333331,0.16666666666666666,0.3263333333333333,0.0,ces
CTX194005789,1,5,2,0,0,4,36,184,0.7161714285714286,0.028571428571428574,0.8975000000000001,1291.2142857142858,0.0,0.38974285714285717,0.0,ces
CTX194103306,1,11,7,0,1,6,32,183,0.7802,0.024999999999999998,0.8334555555555556,3241.197777777778,0.0,0.39068888888888886,0.2777777777777778,ces
CTX194105931,1,5,10,2,3,7,50,252,0.6396266666666667,0.07462666666666666,0.7953933333333333,3723.5153333333337,0.2,0.43432666666666664,0.3333333333333333,ces
CTX194203019,29,0,0,0,2,5,0,0,,,,,,,,
CTX194500028,2,6,5,0,0,1,54,324,0.7418272727272727,0.05049090909090909,0.9040727272727271,367.7509090909091,0.0,0.34463636363636363,0.0,ces
CTX194501820,1,11,3,2,2,9,34,228,0.8489285714285714,0.0,0.8885714285714286,1775.2728571428572,0.0,0.4390928571428572,0.21428571428571427,ces
CTX194502994B,4,2,2,1,0,3,8,68,0.7948500000000001,0.025,0.830525,1484.355,0.0,0.381675,0.0,ces
CTX194600743,9,2,9,13,26,16,24,137,0.5942363636363637,0.045454545454545456,0.8516909090909092,6091.869090909091,0.09090909090909091,0.17798181818181819,0.0,ces
CTX194603396,4,1,1,1,0,2,14,74,0.7631,0.0,0.9889,1376.64,0.0,0.47855000000000003,0.0,ces
CTX194604127,68,37,0,0,0,0,305,2059,0.8876459459459459,0.028754054054054057,0.9484351351351352,457.0048648648649,0.0,0.3808864864864865,0.0,ces
CTX194604308,21,40,0,0,0,0,302,2402,0.884355,0.01353,0.974445,926.74975,0.025,0.373955,0.0,ces
CTX194604906,1,13,5,3,1,15,38,236,0.8139277777777778,0.00185,0.8761222222222222,2987.3661111111114,0.0,0.4205055555555555,0.2777777777777778,ces
CTX194606143,1,16,9,2,2,16,61,343,0.788408,0.016668,0.88606,2225.4144,0.0,0.381324,0.24,ces
CTX194701034,1,6,6,2,4,11,32,172,0.75785,0.0375,0.8724250000000001,1660.0458333333333,0.0,0.41667499999999996,0.3333333333333333,ces
CTX194707047,1,13,3,1,3,0,113,820,0.82998125,0.0185125,0.97329375,986.605625,0.0625,0.38578125,0.0,ces
CTX194802256,1,24,24,6,1,7,185,1141,0.7673312499999999,0.03313958333333333,0.88191875,827.3229166666666,0.0,0.39946666666666664,0.10416666666666667,ces
CTX194804042,11,7,11,6,5,7,159,705,0.6622888888888889,0.09877222222222222,0.7946722222222222,1505.056111111111,0.3333333333333333,0.4731944444444445,0.0,ces
CTX194900751,3,18,1,5,0,7,110,720,0.8296157894736842,0.019799999999999998,0.9690157894736843,605.1278947368421,0.10526315789473684,0.38613157894736844,0.0,ces
CTX194902160,1,7,7,2,1,9,26,136,0.7602071428571427,0.03571428571428571,0.8615071428571428,3984.442857142857,0.0,0.43378571428571433,0.2857142857142857,ces
CTX194905645A,16,37,8,15,1,1,227,1792,0.8069733333333333,0.021255555555555555,0.9498577777777778,584.5791111111112,0.022222222222222223,0.3395266666666667,0.0,ces
CTX195001667C,3,23,2,3,0,18,28,192,0.842604,0.0,0.8376560000000001,2186.4032,0.0,0.38602400000000003,0.92,ces
CTX195003137,1,0,2,0,0,1,5,20,0.5091,0.0,0.7805,5189.825,0.0,0.41664999999999996,0.5,ces
CTX195005752,1,11,7,2,2,10,49,309,0.8028,0.018566666666666665,0.89855,1401.145,0.0,0.39008888888888893,0.3333333333333333,ces
CTX195007999,1,0,2,0,0,1,5,32,0.5949,0.125,0.7724,13245.215,0.0,0.48335,0.0,ces
CTX195101412,16,16,7,6,2,14,94,530,0.7752782608695652,0.03313913043478261,0.9037652173913043,1402.3560869565217,0.0,0.3959869565217391,0.13043478260869565,ces
CTX195104059,9,1,2,2,0,3,3,12,0.6211333333333333,0.0,0.8616,683.2766666666666,0.0,0.13333333333333333,0.0,ces
CTX195105411,4,3,6,1,0,3,64,316,0.6392888888888888,0.08194444444444444,0.8013888888888889,3470.92,0.3333333333333333,0.30167777777777777,0.0,ces
CTX195200221,10,11,9,4,0,11,61,484,0.78216,0.014165,0.808175,3432.404,0.0,0.35952,0.0,ces
CTX195200787,1,8,5,1,2,11,27,144,0.7844692307692308,0.02666923076923077,0.8514384615384615,2614.037692307692,0.15384615384615385,0.4514769230769231,0.38461538461538464,ces
CTX195201777,1,0,3,2,1,1,19,101,0.5594,0.13956666666666667,0.8072666666666667,1664.1533333333334,0.6666666666666666,0.3433333333333333,0.0,ces
CTX195203657,18,3,1,2,3,2,48,203,0.73625,0.07165,0.9516249999999999,1389.1100000000001,0.5,0.3673,0.0,ces
CTX195205225,3,1,2,1,0,1,4,26,0.6754000000000001,0.024999999999999998,0.7912666666666667,1604.4433333333334,0.0,0.23809999999999998,0.0,ces
CTX195205727,6,9,10,3,0,5,39,285,0.7499894736842105,0.04035263157894736,0.8395578947368421,3797.6000000000004,0.0,0.35572631578947367,0.0,ces
CTX195300344,13,15,5,1,5,7,67,500,0.8165150000000001,0.014500000000000002,0.87479,1243.1735,0.05,0.35362499999999997,0.05,ces
CTX195300969,2,3,23,19,32,32,64,365,0.5648461538461539,0.13205,0.8336076923076923,901656.9884615385,0.11538461538461539,0.25333846153846157,0.0,ces
CTX195302558,18,4,49,2,0,38,87,541,0.6165698113207546,0.0410377358490566,0.8174075471698113,11672.800943396227,0.0,0.23744905660377358,0.0,ces
CTX195304550,47,16,1,0,0,7,81,596,0.8163117647058824,0.012258823529411763,0.9428176470588234,536.2605882352941,0.0,0.37527647058823527,0.0,ces
CTX195400059,26,32,1,1,0,2,254,1637,0.8489454545454546,0.019784848484848485,0.9936181818181818,420.0612121212121,0.0,0.39524848484848485,0.0,ces
CTX195401932,39,2,4,1,1,0,18,85,0.6704500000000001,0.07501666666666666,0.8671666666666668,3369.3116666666665,0.0,0.42863333333333337,0.3333333333333333,ces
CTX195500555,3,23,33,17,26,42,132,762,0.7194125,0.027232142857142854,0.8915339285714285,129801.9144642857,0.03571428571428571,0.3749107142857143,0.03571428571428571,ces
CTX195502206B,16,0,3,1,2,2,5,33,0.4373,0.13333333333333333,0.75,2960.9233333333336,0.6666666666666666,0.3333333333333333,0.6666666666666666,ces
CTX195600088,14,1,1,0,0,1,9,50,0.6957500000000001,0.0,0.875,2708.9700000000003,0.0,0.44645,0.0,ces
CTX195604123,2,13,1,1,0,4,87,578,0.8382071428571428,0.035457142857142854,0.9717928571428571,561.6321428571429,0.0,0.40737142857142855,0.0,ces
CTX195701353,1,2,4,1,1,2,23,141,0.67175,0.12083333333333333,0.8553833333333333,5218.106666666667,0.0,0.4125666666666667,0.0,ces
CTX195703263,1,2,2,1,2,2,12,99,0.7549,0.029175,0.75,1431.5475000000001,0.0,0.342925,0.0,ces
CTX195705132,24,3,0,0,1,1,8,98,0.8741,0.0,0.8118666666666666,1250.1766666666665,0.0,0.3625333333333334,0.0,ces
CTX195800252,3,37,2,2,1,0,311,2212,0.8728589743589743,0.010607692307692308,0.9916435897435898,511.3574358974359,0.05128205128205128,0.4105076923076923,0.0,ces
CTX195801289,16,0,1,0,1,1,2,10,0.4755,0.2,0.75,862.66,1.0,0.25,1.0,ces
CTX195802146A,3,13,3,1,1,2,114,740,0.79853125,0.01805625,0.96078125,548.88125,0.0,0.3710625,0.0,ces
CTX195802839E,5,2,0,2,0,2,13,77,0.80905,0.0,0.9998,379.765,0.0,0.30069999999999997,1.0,ces
CTX195804740,1,24,5,2,1,6,196,1345,0.8219724137931034,0.023079310344827585,0.9553172413793104,4713.628965517241,0.2413793103448276,0.3900344827586207,0.0,ces
CTX195805788A,29,8,1,0,0,1,66,444,0.8419666666666666,0.030055555555555558,0.9435888888888889,508.6044444444445,0.0,0.4312444444444445,0.0,ces
CTX195900668,2,2,4,2,0,3,13,73,0.6945,0.0375,0.8333333333333334,1958.83,0.0,0.3609166666666667,0.0,ces
CTX195901498,77,16,1,0,0,1,90,571,0.8156882352941176,0.026782352941176472,0.9647941176470587,352.8311764705882,0.0,0.3376529411764706,0.0,ces
CTX195902148,1,19,16,4,4,9,141,924,0.7702457142857143,0.02884857142857143,0.8339942857142858,2783.064571428571,0.05714285714285714,0.3456742857142857,0.0,ces
CTX195902874,1,16,11,5,4,11,79,547,0.7376074074074074,0.03672962962962963,0.8228037037037036,18916.45037037037,0.0,0.33327407407407406,0.0,ces
CTX195904167B,66,0,4,0,0,2,13,98,0.6461,0.07500000000000001,0.794625,1706.8925,0.0,0.308925,0.0,ces
CTX195906095,15,25,8,2,2,4,196,1133,0.794430303030303,0.03375151515151516,0.9304393939393939,2655.792727272727,0.0,0.4018848484848485,0.15151515151515152,ces
CTX195906426,11,23,6,2,0,5,185,1067,0.732255172413793,0.0813448275862069,0.9429793103448275,936.0341379310344,0.034482758620689655,0.40174827586206896,0.0,ces
CTX195906583AI,74,24,14,1,0,1,237,1248,0.7329236842105263,0.07436315789473684,0.9013210526315789,1128.64,0.02631578947368421,0.36465789473684207,0.0,ces
CTX196000390,27,24,2,1,1,0,193,1321,0.8532384615384616,0.025323076923076924,0.9661500000000001,641.7380769230768,0.15384615384615385,0.4051653846153846,0.0,ces
CTX196002468,67,0,3,0,1,2,7,23,0.5066,0.08333333333333333,0.8099333333333334,2275.94,0.3333333333333333,0.4444333333333333,0.3333333333333333,ces
CTX196005484,4,29,1,1,1,2,312,1772,0.8239866666666666,0.033850000000000005,0.9987333333333334,457.11733333333336,0.03333333333333333,0.42911,0.0,ces
CTX196006122,11,24,3,4,2,3,249,1497,0.8134555555555556,0.03241481481481481,0.9785555555555555,613.9796296296297,0.1111111111111111,0.39327777777777784,0.0,ces
CTX196006406A,11,25,6,1,0,1,265,1427,0.7825967741935485,0.038551612903225806,0.9752451612903227,576.2748387096774,0.03225806451612903,0.3884032258064516,0.0,ces
CTX196102792,1,15,0,0,1,2,133,866,0.85888,0.0072,0.99996,445.40066666666667,0.0,0.40274666666666664,0.06666666666666667,ces
CTX196106561,5,26,2,0,0,2,277,1576,0.8187571428571429,0.04137142857142857,0.9975607142857142,942.7432142857143,0.0,0.39769642857142856,0.03571428571428571,ces
CTX196201572,51,3,5,1,0,4,29,175,0.6868125,0.03125,0.87275,1979.5525,0.0,0.3669375,0.0,ces
CTX196204480,4,17,3,0,1,4,164,1042,0.8474299999999999,0.02316,0.9763149999999999,7137.3409999999985,0.0,0.41290000000000004,0.0,ces
CTX196207599,62,0,0,1,0,0,0,0,,,,,,,,
CTX196301507,168,17,3,11,0,0,142,1041,0.8326,0.030215000000000002,0.9685499999999999,307.2835,0.0,0.35763,0.0,ces
CTX196305760,3,6,3,2,6,8,64,390,0.7660333333333333,0.018333333333333333,0.9712333333333333,2665.698888888889,0.1111111111111111,0.4150666666666667,0.0,ces
CTX196307247,38,1,0,0,0,0,3,22,0.8939,0.0,0.9995,475.28,0.0,0.3684,0.0,ces
CTX196406227,101,17,9,3,1,1,137,807,0.7258269230769231,0.04308461538461539,0.9340076923076922,2068.478846153846,0.0,0.3512692307692307,0.0,ces
CTX196407172A,84,1,2,0,1,1,8,36,0.6227666666666667,0.05556666666666666,0.7911,1430.9966666666667,0.3333333333333333,0.4111,1.0,ces
CTX196502444D,31,0,0,1,0,0,0,0,,,,,,,,
CTX196507246,4,20,1,1,0,4,160,1030,0.8454095238095237,0.01414761904761905,0.9735952380952381,652.8985714285715,0.0,0.3997809523809524,0.0,ces
CTX196605797A,7,1,1,1,0,0,6,35,0.6163000000000001,0.1,0.95895,798.85,0.0,0.30920000000000003,0.0,ces
CTX196607206M,70,0,1,0,0,0,1,3,0.603,0.0,0.75,1.0,0.0,0.0,0.0,ces
CTX196609101,2,33,5,0,1,1,323,1976,0.8129026315789474,0.030360526315789473,0.9635263157894736,539.8536842105262,0.05263157894736842,0.42828421052631577,0.0,ces
CTX196611105,104,2,3,1,0,4,11,63,0.60982,0.0,0.89868,66981.046,0.0,0.24474,0.2,ces
CTX196702315B,64,0,1,1,5,2,3,7,0.367,0.2,0.75,6193.67,0.0,0.25,0.0,ces
CTX196704559,35,34,2,0,0,0,301,1911,0.8420138888888888,0.029366666666666666,0.9643611111111111,823.2683333333333,0.027777777777777776,0.4172222222222222,0.0,ces
CTX196706164,113,1,1,0,0,1,4,36,0.79965,0.0,0.7975,11800.81,0.0,0.44505,0.0,ces
CTX196706556C,35,0,1,0,0,0,1,7,0.5799,0.35,0.9235,21898.79,0.0,0.2,1.0,ces
CTX196800215A,4,0,0,2,0,1,0,0,,,,,,,,
CTX196802433,75,28,8,1,0,1,248,1408,0.7611111111111111,0.04076388888888889,0.9183583333333333,1434.9380555555554,0.08333333333333333,0.3640111111111111,0.0,ces
CTX196804341,51,1,5,0,0,3,13,83,0.5494833333333333,0.14166666666666666,0.8249833333333333,2132.528333333333,0.0,0.27905,0.0,ces
CTX196806045,90,1,5,0,2,3,15,64,0.6098333333333333,0.02778333333333333,0.75,3886.978333333334,0.0,0.35316666666666663,0.0,ces
CTX196806061K,9,1,7,0,3,3,21,84,0.4862125,0.09375,0.78125,3053.66875,0.0,0.1296875,0.0,ces
CTX196900273,1,24,4,4,0,5,182,1189,0.8286464285714287,0.011110714285714285,0.9685714285714286,1520.3410714285715,0.0,0.414425,0.0,ces
CTX196902446,71,15,4,1,1,6,103,614,0.7785157894736843,0.019073684210526316,0.945921052631579,1463.8194736842106,0.05263157894736842,0.3973842105263158,0.0,ces
CTX196905244,24,24,9,4,1,0,325,1657,0.7512909090909091,0.07976363636363637,0.9514181818181818,302.8051515151515,0.09090909090909091,0.34473939393939396,0.0,ces
CTX196905841E,2,2,0,1,0,2,14,68,0.74015,0.05,0.75,202.33499999999998,0.5,0.2792,1.0,ces
CTX197001131A,1,26,5,0,0,1,241,1338,0.7636225806451613,0.07440967741935485,0.9033193548387097,590.3416129032258,0.03225806451612903,0.38343870967741933,0.0,ces
CTX197001905,21,23,6,0,0,4,237,1461,0.8195689655172413,0.02422758620689655,0.9475931034482759,650.1531034482758,0.0,0.38812413793103445,0.0,ces
CTX197002730,2,1,0,1,0,0,1,6,0.8786,0.0,0.75,683.91,0.0,0.3333,0.0,ces
CTX197004816,69,26,0,0,0,4,236,1382,0.8271807692307692,0.02091923076923077,0.9739192307692307,622.7965384615385,0.038461538461538464,0.40933846153846154,0.0,ces
CTX197005771,24,29,0,0,0,1,245,1630,0.8705275862068965,0.010213793103448277,0.9891586206896552,375.4403448275862,0.034482758620689655,0.41190689655172413,0.0,ces
CTX197006623,16,22,50,18,20,24,137,612,0.6039986111111112,0.03617777777777778,0.8631097222222223,246363.27041666664,0.013888888888888888,0.2370527777777778,0.013888888888888888,ces
CTX197101969,2,34,4,1,0,2,334,2169,0.8116368421052631,0.013947368421052632,0.9661026315789474,640.3136842105263,0.05263157894736842,0.37877894736842105,0.0,ces
CTX197104375,1,18,9,2,2,15,74,431,0.7547148148148147,0.01565185185185185,0.8909962962962963,5094.206666666666,0.0,0.3807148148148148,0.2962962962962963,ces
CTX197105661,12,25,5,0,0,0,289,1682,0.81091,0.033356666666666666,0.9848966666666666,675.9306666666666,0.0,0.3809666666666667,0.0,ces
CTX197106269,62,24,4,3,0,0,220,1502,0.8033464285714286,0.029428571428571432,0.9522428571428572,545.0660714285715,0.0,0.3927321428571428,0.0,ces
CTX197106522,7,20,0,0,1,0,183,1110,0.8294549999999999,0.023604999999999998,0.99896,712.088,0.0,0.41134000000000004,0.0,ces
CTX197106767A,111,2,4,2,0,2,16,78,0.66225,0.04583333333333334,0.8867333333333334,1200.635,0.16666666666666666,0.33985,0.5,ces
CTX197202136,9,20,4,2,0,7,212,1345,0.8199916666666667,0.03598333333333333,0.9476083333333333,495.34666666666664,0.125,0.4001875,0.0,ces
CTX197203534,48,6,8,1,1,3,63,491,0.7387857142857143,0.033671428571428574,0.8725642857142857,3077.7364285714284,0.2857142857142857,0.3851428571428572,0.07142857142857142,ces
CTX197205296,8,28,0,1,1,2,250,1587,0.8456214285714285,0.015935714285714286,0.9895928571428572,601.2950000000001,0.03571428571428571,0.42460714285714285,0.0,ces
CTX197206827,12,37,0,4,0,0,349,2123,0.851754054054054,0.0165972972972973,0.9930432432432433,523.3556756756757,0.0,0.40133243243243244,0.0,ces
CTX197207792,3,29,2,1,1,3,245,1453,0.8246322580645161,0.0191741935483871,0.9916612903225807,697.3954838709677,0.0,0.4225806451612903,0.0,ces
CTX197300337,30,36,2,0,0,2,250,1879,0.8693,0.013502631578947369,0.9691684210526317,670.3313157894737,0.0,0.40922631578947366,0.0,ces
CTX197301800,13,1,2,1,0,1,9,41,0.7005666666666667,0.17500000000000002,0.8333333333333334,989.56,0.3333333333333333,0.3817,0.6666666666666666,ces
CTX197303617,13,28,3,0,0,1,266,1680,0.8441548387096774,0.02070967741935484,0.9946741935483872,668.001935483871,0.0,0.4060290322580645,0.0,ces
CTX197305325,3,12,9,4,6,5,63,450,0.7739333333333334,0.027380952380952377,0.8436857142857144,3733.6385714285716,0.047619047619047616,0.3726809523809524,0.0,ces
CTX197305740,17,10,4,6,3,3,49,331,0.79355,0.025714285714285714,0.8517928571428571,1047.5700000000002,0.0,0.32416428571428574,0.14285714285714285,ces
CTX197305860,1,8,10,5,1,11,40,313,0.7544777777777778,0.02592777777777778,0.8429388888888889,14808.214444444444,0.0,0.3269222222222222,0.0,ces
CTX197306891,4,4,4,1,0,7,24,200,0.78155,0.0,0.8583000000000001,4848.275,0.0,0.346025,0.0,ces
CTX197307226,7,29,1,0,0,0,217,1381,0.8218566666666667,0.03806333333333333,0.9779599999999999,429.85833333333335,0.0,0.3835233333333333,0.0,ces
CTX197308046,18,29,2,0,1,0,295,1783,0.8414612903225807,0.02567741935483871,0.9831741935483871,547.0606451612904,0.06451612903225806,0.40964193548387096,0.03225806451612903,ces
CTX197400386A,31,0,1,1,0,1,1,2,0.602,0.0,0.75,1.0,0.0,0.0,0.0,ces
CTX197401552,35,19,6,0,1,2,207,1218,0.793416,0.052779999999999994,0.9441039999999999,540.6844,0.0,0.371276,0.0,ces
CTX197401677,53,11,8,3,2,8,37,272,0.7692315789473684,0.024557894736842105,0.7980157894736842,5065.753157894736,0.05263157894736842,0.36197368421052634,0.0,ces
CTX197402506,48,9,17,19,5,25,48,311,0.700953846153846,0.00801153846153846,0.80895,63355.04,0.0,0.3206769230769231,0.0,ces
CTX197403156,7,4,5,3,1,2,27,177,0.7281333333333334,0.051477777777777775,0.8244666666666667,2492.5788888888887,0.2222222222222222,0.35265555555555556,0.0,ces
CTX197404302,1,29,7,3,0,8,225,1377,0.8152777777777778,0.013872222222222222,0.9344611111111111,2058.0597222222223,0.0,0.3946805555555556,0.2222222222222222,ces
CTX197407417,1,28,2,1,1,1,234,1558,0.8589433333333333,0.011416666666666667,0.9791633333333334,632.2023333333333,0.06666666666666667,0.40671666666666667,0.0,ces
CTX197408817B,27,0,0,1,0,0,0,0,,,,,,,,
CTX197502450,16,27,1,1,0,2,244,1431,0.8335357142857143,0.010132142857142857,0.978975,494.05749999999995,0.0,0.38984642857142854,0.0,ces
CTX197503839,50,22,7,1,0,2,163,1001,0.7465172413793104,0.02890689655172414,0.910648275862069,2087.636551724138,0.0,0.33815862068965513,0.034482758620689655,ces
CTX197506042,1,19,13,1,0,11,163,1020,0.787446875,0.02396875,0.939134375,5588.350625,0.03125,0.39815625,0.03125,ces
CTX197507911,1,11,1,2,0,1,90,529,0.7989916666666667,0.028016666666666665,0.9251833333333334,788.3441666666668,0.0,0.3982583333333333,0.0,ces
CTX197509364,25,12,4,2,1,1,129,724,0.7408875,0.05496875,0.93468125,1264.979375,0.125,0.35345,0.0,ces
CTX197509472D,80,11,46,9,9,23,100,490,0.6185842105263157,0.03508771929824561,0.8094736842105263,18798.572631578947,0.0,0.2332877192982456,0.0,ces
CTX197600270,17,0,1,0,0,0,1,6,0.8212,0.0,0.75,2120.41,0.0,0.3333,1.0,ces
CTX197601480H,28,2,0,0,1,1,18,102,0.84355,0.025,1.0,1060.315,0.0,0.4034,0.0,ces
CTX197602915,15,29,8,2,4,3,224,1443,0.8169081081081081,0.029900000000000003,0.9290621621621622,475.6610810810811,0.0,0.35846486486486484,0.02702702702702703,ces
CTX197603303,2,0,0,2,0,0,0,0,,,,,,,,
CTX197605872,22,18,1,3,0,3,144,947,0.8591526315789475,0.0013157894736842105,0.9877631578947368,1266.6026315789475,0.0,0.3883842105263158,0.0,ces
CTX197607027A,10,1,2,0,0,0,8,43,0.6849666666666666,0.0,0.9114,2123.5266666666666,0.0,0.4181333333333333,0.0,ces
CTX197607763,45,10,13,9,5,19,69,377,0.7020000000000001,0.04824347826086956,0.8662043478260869,40770.44434782609,0.0,0.32886086956521743,0.21739130434782608,ces
CTX197701435A,53,0,2,1,0,1,4,13,0.58795,0.125,0.75,2815.2549999999997,0.0,0.3333,0.0,ces
CTX197702846A,41,0,3,0,0,2,4,21,0.5236666666666666,0.0,0.8514666666666667,4334.02,0.0,0.3,0.3333333333333333,ces
CTX197703916,11,1,3,0,0,2,26,116,0.705375,0.11499999999999999,0.8371,1587.025,0.0,0.36319999999999997,0.25,ces
CTX197705626,4,22,50,92,40,54,101,482,0.6608152777777777,0.028008333333333333,0.8160666666666666,7678.148194444445,0.0,0.18728472222222223,0.0,ces
CTX197801093,10,20,4,0,2,1,224,1230,0.7795333333333333,0.0466125,0.9681916666666667,502.81874999999997,0.0,0.38971666666666666,0.0,ces
CTX197802772,14,4,3,2,1,2,41,272,0.7409142857142857,0.03571428571428571,0.9595285714285714,7739.9800000000005,0.0,0.5175714285714286,0.14285714285714285,ces
CTX197804988,8,1,0,0,0,0,4,18,0.7249,0.0,1.0,1076.64,0.0,0.3636,1.0,ces
CTX197807625,32,0,1,1,0,0,2,12,0.5355,0.0,0.75,663.19,0.0,0.75,0.0,ces
CTX197900511,3,12,7,5,0,10,62,346,0.7064105263157895,0.06873157894736842,0.9152684210526316,2834.9826315789473,0.05263157894736842,0.3660578947368421,0.21052631578947367,ces
CTX197903525,1,1,1,1,0,1,11,68,0.7475,0.0,0.87475,555.815,0.0,0.372,0.0,ces
CTX197906302B,24,1,3,0,0,2,6,37,0.680775,0.0,0.8125,811.73,0.0,0.23215,0.0,ces
CTX197907845A,39,4,0,0,2,1,29,206,0.8477250000000001,0.017175,0.925675,585.675,0.0,0.41335,0.0,ces
CTX198001408,102,0,2,1,0,1,4,14,0.5266,0.0,0.75,643370.2799999999,0.0,0.16665,0.0,ces
CTX198002086A,30,19,1,1,1,0,101,605,0.7887649999999999,0.050649999999999994,0.944415,614.8035,0.05,0.429195,0.0,ces
CTX198004860,24,2,2,0,0,1,22,102,0.734675,0.053575,0.890875,1635.405,0.0,0.335325,0.5,ces
CTX198005273K,39,0,0,1,0,0,0,0,,,,,,,,
CTX198006789D,35,1,0,0,0,0,2,11,0.8148,0.175,0.756,621.07,0.0,0.25,0.0,ces
CTX198007146A,126,1,0,0,0,0,1,11,0.8717,0.0,0.75,527.02,0.0,0.4,1.0,ces
CTX198100669,1,17,4,1,1,5,120,788,0.8100238095238096,0.04928571428571428,0.9644952380952381,695.232380952381,0.0,0.4046857142857143,0.047619047619047616,ces
CTX198101648,26,6,43,245,10,74,67,280,0.6113510204081632,0.0,0.7877714285714286,610.6548979591837,0.0,0.042291836734693874,0.0,ces
CTX198104042,2,14,6,0,2,1,202,1012,0.749465,0.054889999999999994,0.9793900000000001,4220.906,0.25,0.40814500000000004,0.0,ces
CTX198105082,29,2,4,0,0,1,21,111,0.7090666666666667,0.039683333333333334,0.87475,2495.335,0.0,0.3619333333333333,0.16666666666666666,ces
CTX198105374,48,1,42,129,14,153,62,264,0.5559186046511627,0.027132558139534885,0.7840581395348838,72162.09372093024,0.0,0.08128604651162791,0.046511627906976744,ces
CTX198200609,1,16,3,1,1,5,103,698,0.8010421052631579,0.007136842105263158,0.9527368421052632,9182.349473684211,0.0,0.39411052631578947,0.0,ces
CTX198201961B,50,0,1,0,0,0,1,2,0.602,0.0,0.75,1.0,0.0,0.0,0.0,ces
CTX198203982,1,6,4,2,1,1,102,560,0.78471,0.035129999999999995,0.88968,848.9159999999999,0.2,0.3598,0.1,ces
CTX198204755,1,19,2,1,1,2,174,1148,0.8285666666666666,0.02893809523809524,0.9956142857142858,876.7804761904762,0.047619047619047616,0.40774285714285713,0.0,ces
CTX198204879C,51,22,3,4,0,3,159,1140,0.811484,0.008384,0.965668,757.4484,0.04,0.39885600000000004,0.0,ces
CTX198204899A,13,0,3,3,0,2,4,18,0.5331666666666667,0.0,0.7601666666666667,83722.74666666666,0.0,0.13333333333333333,0.0,ces
CTX198300359,9,30,7,2,0,1,274,1651,0.7940432432432433,0.023524324324324324,0.9635054054054055,985.0897297297297,0.02702702702702703,0.3782675675675676,0.0,ces
CTX198302122,1,9,13,1,2,6,84,487,0.7140590909090908,0.040531818181818176,0.92625,3761.435454545454,0.045454545454545456,0.3918863636363637,0.045454545454545456,ces
CTX198303298,3,14,42,30,18,44,134,694,0.6082517857142857,0.03717142857142857,0.8079964285714285,30132.96,0.017857142857142856,0.37813749999999996,0.05357142857142857,ces
CTX198303757,18,1,14,10,0,1,115,447,0.6377733333333333,0.1084,0.9673533333333334,1696.5873333333334,0.0,0.43162666666666666,0.0,ces
CTX198400266,2,27,2,1,1,8,218,1413,0.8608724137931034,0.017886206896551727,0.9806793103448277,564.4927586206896,0.0,0.40972413793103446,0.0,ces
CTX198401467A,114,9,48,3,27,3,97,666,0.6511824561403509,0.012280701754385965,0.8315368421052631,19735.637894736843,0.0,0.25775087719298245,0.0,ces
CTX198401888B,32,1,0,0,1,1,2,15,0.714,0.0,0.75,608.94,0.0,0.375,1.0,ces
CTX198500086,1,19,10,1,0,8,134,882,0.7813896551724138,0.018679310344827584,0.8993344827586207,2266.675517241379,0.0,0.3784344827586207,0.1724137931034483,ces
CTX198500694,53,5,2,6,5,6,28,177,0.7433142857142857,0.037342857142857136,0.8375714285714285,3733.41,0.0,0.44079999999999997,0.0,ces
CTX198502518,51,25,9,0,0,6,231,1316,0.7962617647058824,0.07026764705882353,0.9404382352941177,2990.954117647059,0.029411764705882353,0.3822294117647059,0.0,ces
CTX198503645,135,1,4,0,0,3,27,122,0.59006,0.14166,0.8392,1547.256,0.0,0.22566000000000003,0.0,ces
CTX198600325,15,8,3,0,0,3,127,715,0.8255727272727273,0.05495454545454546,0.9543818181818182,484.6390909090909,0.0,0.3781909090909091,0.0,ces
CTX198601116,34,4,1,2,0,4,18,99,0.78388,0.018179999999999998,0.93628,284.404,0.0,0.31282,0.0,ces
CTX198602860,2,0,0,1,0,0,0,0,,,,,,,,
CTX198603721,1,20,3,0,0,1,165,1132,0.7931043478260869,0.028586956521739128,0.9289086956521738,727.2130434782609,0.043478260869565216,0.41347391304347825,0.043478260869565216,ces
CTX198700074,5,25,6,0,0,0,262,1466,0.7556290322580645,0.07055483870967741,0.9455193548387096,833.3525806451613,0.0,0.366,0.0,ces
CTX198701193,25,1,1,0,0,1,3,24,0.8235,0.05,0.82335,1649.77,0.0,0.44765,0.5,ces
CTX198702416,1,28,14,8,7,6,308,1793,0.7452380952380953,0.04362619047619048,0.9393309523809524,7970.824999999999,0.047619047619047616,0.36935,0.0,ces
CTX198703265,3,22,1,1,0,3,287,1725,0.8537652173913044,0.020317391304347825,0.9841043478260869,470.9426086956522,0.043478260869565216,0.39048260869565216,0.0,ces
CTX198703855,67,29,4,1,2,2,272,1647,0.7984939393939394,0.03670303030303031,0.9713999999999999,446.2360606060606,0.06060606060606061,0.3630212121212121,0.0,ces
CTX198704146A,33,28,1,0,1,1,280,1686,0.8588034482758621,0.013668965517241378,0.9907034482758621,2500.268275862069,0.0,0.37855172413793103,0.0,ces
CTX198800964,1,24,7,5,6,6,342,2089,0.7986516129032257,0.037583870967741934,0.9542612903225807,4303.698709677419,0.0,0.36517741935483866,0.0,ces
CTX198801941,1,3,4,1,0,2,30,144,0.6768428571428571,0.10595714285714286,0.8603857142857143,106144.66,0.0,0.3607,0.14285714285714285,ces
CTX198802099,63,20,9,4,0,0,140,808,0.752548275862069,0.061927586206896555,0.9034137931034484,2029.3044827586207,0.4482758620689655,0.33808620689655167,0.0,ces
CTX198802103B,8,4,3,1,0,2,44,240,0.7333857142857143,0.05334285714285714,0.8957285714285714,682.8085714285714,0.0,0.34445714285714285,0.0,ces
CTX198802104C,225,1,0,2,0,0,10,56,0.8627,0.0,0.9968,653.16,0.0,0.4,0.0,ces
CTX198802105,1,26,22,7,3,33,104,642,0.7583229166666667,0.019097916666666666,0.8942437499999999,15632.70083333333,0.0,0.37992916666666665,0.020833333333333332,ces
CTX198803314,49,5,12,12,0,2,85,583,0.6748588235294117,0.08851176470588236,0.8735411764705882,297.49882352941177,0.0,0.3696705882352941,0.0,ces
CTX198804328,120,26,1,6,0,0,227,1351,0.8516333333333334,0.008359259259259259,0.9757296296296296,423.1044444444444,0.037037037037037035,0.40010740740740736,0.0,ces
CTX198900368,11,23,1,1,0,2,220,1393,0.8456083333333333,0.011870833333333332,0.9779291666666667,468.2970833333334,0.041666666666666664,0.3953625,0.0,ces
CTX198901500,8,30,10,1,0,0,399,2239,0.77466,0.05806,0.9502575,557.164,0.05,0.39544999999999997,0.0,ces
CTX198902158,1,28,15,11,6,25,159,1002,0.7807209302325581,0.030190697674418607,0.9366790697674419,20126.908837209303,0.046511627906976744,0.41252325581395355,0.0,ces
CTX198903723,21,21,7,0,1,2,219,1251,0.7500321428571429,0.03861428571428571,0.954225,1162.7292857142859,0.03571428571428571,0.3995964285714286,0.0,ces
CTX199000570,11,2,2,1,0,1,8,39,0.719225,0.0,0.803125,1203.81,0.0,0.458325,0.25,ces
CTX199001510,52,1,1,0,0,0,6,31,0.64825,0.1,0.875,314.235,0.0,0.2719,0.0,ces
CTX199002384,303,0,2,1,0,2,8,34,0.4905,0.075,0.8713500000000001,20395.935,1.0,0.41664999999999996,0.5,ces
CTX199002609,103,23,73,16,41,14,105,435,0.626584375,0.0328125,0.7987020833333333,27021.497083333335,0.0,0.2027,0.08333333333333333,ces
CTX199003028A,211,10,12,3,0,12,43,254,0.6935818181818182,0.02931818181818182,0.8502272727272726,4251.685909090909,0.0,0.2883136363636364,0.5454545454545454,ces
CTX199003586L,98,1,6,2,1,3,22,90,0.6895,0.058514285714285706,0.888,162809.6842857143,0.0,0.23888571428571428,0.0,ces
CTX199003587A,54,1,2,1,0,1,15,71,0.7054,0.0,0.9111666666666668,893.98,0.0,0.3107333333333333,0.3333333333333333,ces
CTX199003588F,3,2,2,1,0,3,12,56,0.670075,0.08335,0.865125,647.09,0.0,0.258325,0.25,ces
CTX199003676N,85,0,8,9,38,17,26,109,0.57255,0.1052125,0.890175,14791.484999999999,0.0,0.33521249999999997,0.0,ces
CTX199003677I,36,6,5,6,2,7,36,178,0.6577000000000001,0.09029999999999999,0.9228727272727273,1814.3481818181817,0.18181818181818182,0.24592727272727274,0.09090909090909091,ces
CTX199003996,4,5,1,0,1,0,42,235,0.7573333333333334,0.03493333333333334,0.8872333333333332,709.265,0.3333333333333333,0.3723,0.0,ces
CTX199004236,3,60,28,56,18,60,218,1357,0.8111147727272727,0.006629545454545454,0.8431920454545455,946.8538636363636,0.022727272727272728,0.36890340909090913,0.6363636363636364,ces
CTX199004501K,52,2,2,0,0,2,9,36,0.632375,0.0,0.87095,1519.29,0.0,0.674225,0.25,ces
CTX199004525E,80,0,5,1,0,2,17,76,0.64778,0.06834,0.8489000000000001,986.436,0.0,0.2838,0.0,ces
CTX199100747,13,28,0,1,1,0,238,1526,0.8690035714285714,0.012014285714285715,0.9980071428571428,455.42999999999995,0.03571428571428571,0.408225,0.0,ces
CTX199101756,26,11,53,11,20,21,167,758,0.63613125,0.0723390625,0.9050390625,12349.014687500001,0.0,0.3784953125,0.0,ces
CTX199102416,67,13,10,3,1,8,129,801,0.7601173913043479,0.053286956521739134,0.931504347826087,510.0691304347826,0.043478260869565216,0.29393043478260866,0.0,ces
CTX199102416K,44,3,2,0,0,2,30,177,0.76128,0.0,0.94992,1018.066,0.0,0.32444,0.0,ces
CTX199103721,1,26,18,5,6,20,165,986,0.7530159090909091,0.037311363636363636,0.921940909090909,62268.19340909091,0.022727272727272728,0.37765681818181823,0.06818181818181818,ces
CTX199103913D,33,4,5,1,0,5,41,200,0.6395111111111111,0.023144444444444447,0.8752444444444445,1724.0655555555556,0.0,0.26124444444444445,0.0,ces
CTX199104249,40,12,40,34,23,51,142,508,0.6128153846153845,0.007211538461538462,0.8435730769230769,25571.779423076925,0.019230769230769232,0.30838846153846156,0.7307692307692307,ces
CTX199104289H,71,0,1,0,1,0,3,7,0.4403,0.3333,0.9814,5130.85,0.0,0.6,0.0,ces
CTX199104332,12,28,7,1,0,3,263,1569,0.7932285714285714,0.04156285714285714,0.9571314285714286,1372.0517142857143,0.0,0.39888,0.0,ces
CTX199104388,8,16,0,3,1,1,118,623,0.74804375,0.13293125,0.93553125,640.810625,0.0,0.40608125,0.0,ces
CTX199200024A,8,12,10,11,13,29,38,198,0.7010545454545455,0.03659090909090909,0.8251454545454545,21761.653636363637,0.045454545454545456,0.45352272727272724,0.4090909090909091,ces
CTX199201167,12,7,6,4,1,2,107,559,0.7389307692307692,0.10817692307692309,0.9004153846153845,697.5753846153846,0.23076923076923078,0.41395384615384617,0.0,ces
CTX199202690,46,4,2,0,0,0,26,154,0.7504,0.034716666666666667,0.9592999999999999,804.3083333333334,0.0,0.38336666666666663,0.0,ces
CTX199203597,14,7,1,1,0,2,57,416,0.861125,0.0,0.96875,294.8875,0.0,0.353175,0.0,ces
CTX199203995B,1,3,5,4,0,2,25,125,0.6663375,0.1145875,0.9093375,2135.78,0.0,0.30325,0.0,ces
CTX199204163,6,1,2,2,0,1,11,67,0.6724333333333333,0.04443333333333333,0.9822333333333333,4864.123333333333,0.3333333333333333,0.39443333333333336,0.3333333333333333,ces
CTX199300587A,2,0,0,0,1,0,0,0,,,,,,,,
CTX199301133A,1,13,52,34,34,41,88,447,0.6429307692307693,0.018547692307692307,0.8254384615384616,7834.144923076923,0.0,0.18414,0.03076923076923077,ces
CTX199301690F,11,7,2,0,0,2,82,461,0.7719666666666667,0.037755555555555556,0.9870333333333333,2900.1366666666668,0.0,0.3669777777777778,0.1111111111111111,ces
CTX199303758,9,29,2,0,0,1,286,1826,0.8486677419354839,0.006496774193548388,0.9914774193548388,766.3009677419354,0.03225806451612903,0.40630967741935486,0.0,ces
CTX199400355,14,2,2,0,0,1,6,33,0.7322,0.0,0.93675,1433.2300000000002,0.0,0.304475,0.75,ces
CTX199404525,25,12,10,11,15,32,33,175,0.7512090909090908,0.013636363636363636,0.8628999999999999,7301.662272727273,0.045454545454545456,0.38830454545454546,0.0,ces
CTX199405393A,29,18,10,1,0,2,251,1314,0.7390785714285714,0.08126785714285714,0.9185285714285715,444.7503571428571,0.10714285714285714,0.33597499999999997,0.0,ces
CTX199406724,1,31,14,11,2,18,231,1472,0.7999222222222222,0.00998,0.9389844444444445,129336.81377777777,0.0,0.4022555555555556,0.0,ces
CTX199407775,1,11,2,5,0,1,145,746,0.7547230769230769,0.07603076923076924,0.9113846153846153,1132.8546153846155,0.3076923076923077,0.4264769230769231,0.0,ces
CTX199502619,1,9,5,1,0,8,23,171,0.7961071428571429,0.0,0.9082642857142857,1400.2885714285715,0.0,0.4404357142857143,0.8571428571428571,ces
CTX199504915,25,2,0,0,0,0,12,66,0.8349500000000001,0.08615,0.875,426.365,0.0,0.4359,0.5,ces
CTX199505621,58,2,4,0,0,2,15,85,0.6625333333333333,0.022216666666666666,0.9046333333333333,31283.8,0.0,0.30855,0.16666666666666666,ces
CTX199600359A,28,0,2,3,2,4,4,11,0.51925,0.125,0.75,306537.08,0.0,0.16665,0.0,ces
CTX199601555A,53,7,1,0,0,1,51,341,0.764425,0.03785,0.9304875,8749.8775,0.0,0.2929125,0.0,ces
CTX199601926H,64,21,20,5,8,24,78,395,0.7223365853658537,0.03577073170731707,0.8622414634146341,77290.0068292683,0.12195121951219512,0.3800121951219512,0.024390243902439025,ces
CTX199603564,136,43,18,16,2,6,407,2424,0.7909737704918033,0.04441475409836066,0.9229524590163934,770.5688524590164,0.11475409836065574,0.36458360655737704,0.0,ces
CTX199604924A,243,18,10,1,21,18,72,503,0.771625,0.031785714285714285,0.8756178571428571,43100.73892857142,0.03571428571428571,0.3731071428571429,0.07142857142857142,ces
CTX199604955,47,0,1,0,0,0,2,5,0.505,0.25,0.8611,7536.11,0.0,0.3333,0.0,ces
CTX199605693,171,15,10,27,20,7,47,254,0.7462479999999999,0.01552,0.856264,3817.74,0.0,0.33644799999999997,0.0,ces
CTX199606053A,31,11,30,22,18,20,97,493,0.6605317073170732,0.02479512195121951,0.8595682926829268,33793.836341463415,0.04878048780487805,0.249209756097561,0.0,ces
CTX199702103,41,40,13,23,1,19,175,1198,0.7887056603773586,0.018094339622641512,0.877156603773585,2163.7516981132076,0.018867924528301886,0.3752358490566038,0.0,ces
CTX199703929,14,15,29,32,40,44,69,364,0.7144363636363636,0.028220454545454545,0.850425,3658.3011363636365,0.0,0.3437409090909091,0.09090909090909091,ces
CTX199706431,4,26,1,1,0,1,269,1912,0.8944518518518518,0.0013814814814814816,0.9931444444444445,448.93851851851855,0.0,0.4154333333333333,0.0,ces
CTX199707104,2,17,4,2,0,5,83,577,0.8005761904761906,0.07004285714285714,0.9834714285714286,1445.6271428571429,0.0,0.40989523809523803,0.09523809523809523,ces
CTX199800607,85,1,7,1,3,5,13,74,0.6866125,0.0265625,0.8425,8182.6425,0.0,0.39697499999999997,0.0,ces
CTX199802558,5,27,0,0,0,1,318,2306,0.9069444444444444,0.01848148148148148,0.9981407407407408,375.7881481481482,0.07407407407407407,0.4165074074074074,0.0,ces
CTX199803714B,61,26,4,0,0,1,233,1380,0.77342,0.06142333333333334,0.95995,409.01533333333333,0.03333333333333333,0.35756000000000004,0.03333333333333333,ces
CTX199803815T,4,0,0,0,1,0,0,0,,,,,,,,
CTX199805484,31,24,13,17,0,5,99,593,0.766327027027027,0.05311891891891892,0.8273027027027027,1583.2756756756755,0.0,0.3393135135135135,0.0,ces
CTX199805569,9,14,6,10,0,1,186,1011,0.7203999999999999,0.045225,0.9295899999999999,1971.416,0.0,0.391295,0.0,ces
CTX199806540F,186,0,1,0,0,0,1,3,0.603,0.0,0.75,1.0,0.0,0.0,0.0,ces
CTX199900245A,144,1,1,0,1,1,2,13,0.728,0.05,0.75,213.62,0.0,0.2222,0.0,ces
CTX199901591,12,12,1,0,7,4,104,747,0.8521846153846154,0.012476923076923078,0.9806923076923078,404.5815384615384,0.0,0.3844153846153846,0.0,ces
CTX199902965,52,26,5,1,0,4,355,2119,0.8376774193548387,0.03326451612903226,0.9676129032258064,553.84,0.2903225806451613,0.4177225806451613,0.0,ces
CTX199904042A,16,0,1,0,0,0,4,26,0.5336,0.0,0.75,1540.34,0.0,0.25,0.0,ces
CTX199904249,735,12,16,20,11,29,56,321,0.7421428571428572,0.02162142857142857,0.8567785714285714,12443.823571428571,0.0,0.36059285714285716,0.6428571428571429,ces
CTX199905021,2,16,19,5,4,29,56,279,0.71768,0.005714285714285714,0.8490714285714286,28511.062857142857,0.0,0.33595714285714284,0.22857142857142856,ces
CTX199907349,167,12,3,16,14,4,34,214,0.7948000000000001,0.01,0.8174399999999999,929.9493333333334,0.0,0.33758,0.0,ces
CTX199908194,124,0,8,66,23,1,31,98,0.5955625,0.125,0.7828625,3353.25625,0.375,0.4396375,0.0,ces
CTX200000266,1,4,3,4,0,4,29,186,0.7736714285714286,0.055714285714285716,0.8875857142857143,601.8285714285714,0.0,0.3905285714285714,0.0,ces
CTX200001341,12,25,2,0,0,3,251,1603,0.8048148148148149,0.05637777777777778,0.9614851851851852,551.4362962962963,0.07407407407407407,0.39593703703703703,0.037037037037037035,ces
CTX200001409A,94,28,8,2,0,2,113,690,0.7931611111111111,0.021661111111111114,0.8979222222222223,4676.278888888889,0.0,0.3735138888888889,0.0,ces
CTX200004226,16,29,2,0,0,2,370,2266,0.8474516129032258,0.0222,0.9838354838709678,459.96,0.0,0.3813322580645161,0.0,ces
CTX200005117,981,0,20,373,0,61,21,54,0.6052,0.0,0.770245,4668.9705,0.0,0.038634999999999996,0.0,ces
CTX200005341,3,4,0,1,0,1,51,322,0.89845,0.031975,1.0,365.705,0.25,0.42395,0.0,ces
CTX200008394,56,39,7,8,0,20,241,1656,0.7830217391304347,0.04860652173913044,0.9069021739130435,2594.0795652173915,0.0,0.3804673913043478,0.0,ces
CTX200009186,24,41,33,22,5,49,231,1241,0.7248216216216217,0.03175945945945946,0.8762702702702702,2123.7121621621623,0.02702702702702703,0.4052216216216216,0.0,ces
CTX200009680,12,28,0,0,1,1,267,1690,0.8591178571428572,0.011782142857142856,0.9986464285714286,435.39035714285717,0.0,0.41712857142857146,0.0,ces
CTX200100010,83,1,0,0,0,0,2,7,0.7147,0.0,0.75,342.46,0.0,0.3333,0.0,ces
CTX200101528,33,36,10,0,0,8,382,2387,0.7932521739130436,0.04347391304347826,0.8999826086956522,974.7184782608696,0.021739130434782608,0.35710000000000003,0.0,ces
CTX200102030,12,4,0,0,0,1,41,242,0.80165,0.050975,0.9368,1431.3125,0.25,0.446025,0.0,ces
CTX200103442,7,21,19,3,6,23,236,1154,0.709305,0.0489,0.89703,79606.59125,0.075,0.4035825,0.0,ces
CTX200105258,189,6,218,222,280,141,228,901,0.6121611607142857,0.0005580357142857143,0.7643473214285714,3099.3851785714287,0.0,0.06205982142857142,0.0,ces
CTX200108056,2,27,4,1,0,2,341,2195,0.8259580645161291,0.02134516129032258,0.9540612903225807,871.4087096774193,0.1935483870967742,0.4022483870967742,0.0,ces
CTX200108997,85,1,2,0,0,2,15,67,0.6300333333333333,0.030299999999999997,0.8333333333333334,44651.53333333333,0.0,0.4646333333333333,0.0,ces
CTX200109432,38,26,14,11,1,2,188,1062,0.7415700000000001,0.0393725,0.8858275000000001,1479.919,0.0,0.37115,0.0,ces
CTX200109575,83,28,4,2,0,4,251,1511,0.813215625,0.016759375,0.982915625,898.6675,0.03125,0.412578125,0.0,ces
CTX200201124,41,1,0,0,0,0,1,9,0.8297,0.0,0.75,1427.15,0.0,0.4286,0.0,ces
CTX200201809,548,23,18,4,0,1,256,1659,0.7575731707317074,0.10032682926829267,0.8897536585365854,1299.622195121951,0.0,0.41784390243902436,0.0,ces
CTX200201809A,93,0,0,1,0,0,0,0,,,,,,,,
CTX200201809B,73,21,18,11,1,31,109,705,0.7649179487179487,0.07204871794871795,0.8808897435897436,2850.9482051282052,0.02564102564102564,0.3724871794871795,0.0,ces
CTX200201809B,1074,3,1,0,1,3,15,93,0.662925,0.091675,0.7749,2005.9175,0.0,0.23862499999999998,0.0,ces
CTX200201809C,758,8,8,2,0,9,64,392,0.726875,0.1204875,0.82963125,1672.47375,0.0,0.32966875,0.0,ces
CTX200201809D,549,16,59,4,4,38,178,1081,0.6620693333333333,0.08892,0.8414773333333333,7984.578666666667,0.0,0.4141626666666667,0.02666666666666667,ces
CTX200201809E,817,2,1,0,0,1,24,157,0.6687666666666666,0.11109999999999999,0.9097,2031.0066666666664,0.0,0.305,0.0,ces
CTX200202730,21,18,8,3,1,9,132,912,0.7900576923076923,0.01666923076923077,0.911673076923077,1278.2038461538464,0.038461538461538464,0.3869230769230769,0.038461538461538464,ces
CTX200203912,1,0,0,0,1,0,0,0,,,,,,,,None
CTX200205349,6,25,6,3,0,2,189,1359,0.7836709677419356,0.055238709677419354,0.9151903225806451,636.898064516129,0.0,0.36852903225806455,0.0,ces
CTX200208120,88,0,0,0,1,0,0,0,,,,,,,,
CTX200300020,26,22,3,0,0,2,225,1434,0.7912399999999999,0.059096,0.950616,279.54040000000003,0.0,0.368664,0.04,ces
CTX200300497B,98,1,0,0,0,0,2,8,0.7084,0.0,0.75,616.08,0.0,0.3333,0.0,ces
CTX200300958,48,26,2,0,4,9,79,552,0.8556035714285715,0.009821428571428573,0.9290785714285714,1030.4607142857144,0.0,0.37470714285714285,0.0,ces
CTX200301575,8,3,0,1,0,2,10,66,0.8377333333333333,0.0,0.9994999999999999,436.8566666666666,0.0,0.46213333333333334,0.3333333333333333,ces
CTX200303299,2,1,5,9,2,8,17,68,0.6297833333333333,0.022616666666666663,0.8388333333333334,12254.503333333332,0.0,0.35646666666666665,0.0,ces
CTX200304052,16,50,1,0,18,5,512,3736,0.905578431372549,0.0046019607843137255,0.9901607843137255,418.7239215686274,0.0196078431372549,0.4128294117647059,0.0,ces
CTX200306827,1,30,5,1,0,3,280,1729,0.8139628571428572,0.05264571428571429,0.9684314285714285,737.904857142857,0.0,0.4142657142857143,0.0,ces
CTX200308480,242,21,3,0,0,3,226,1664,0.8694999999999999,0.006083333333333334,0.9707083333333334,1059.3070833333334,0.041666666666666664,0.3934416666666667,0.0,ces
CTX200400001,38,2,0,0,1,1,9,56,0.8506,0.0,0.875,291.08500000000004,0.0,0.33635000000000004,0.5,ces
CTX200400947,219,2,2,0,0,1,38,194,0.762875,0.08579999999999999,0.999725,2824.165,0.0,0.439225,0.0,ces
CTX200402111,268,1,0,0,0,0,2,9,0.7022,0.0,0.8143,1418.94,0.0,0.3333,1.0,ces
CTX200402877,63,1,4,1,3,4,8,38,0.62862,0.1,0.81824,1863.328,0.0,0.26938,0.4,ces
CTX200403367,51,15,17,6,2,11,165,885,0.726753125,0.07135625,0.910359375,5942.244375,0.78125,0.39716875,0.03125,ces
CTX200404355,44,8,13,4,0,16,69,419,0.7009,0.036904761904761905,0.9174047619047618,2418.147619047619,0.0,0.37589047619047616,0.0,ces
CTX200405060,540,47,244,76,46,130,397,2059,0.6359481099656358,0.012943986254295534,0.8105006872852234,134358.9696563574,0.003436426116838488,0.258013058419244,0.030927835051546393,ces
CTX200408788,24,63,170,99,67,128,333,1620,0.6697832618025751,0.014012875536480686,0.8170296137339056,1086.151974248927,0.004291845493562232,0.14215064377682401,0.12446351931330472,ces
CTX200500733,4,5,3,4,0,8,30,181,0.7388625,0.071875,0.944275,1125.455,0.0,0.423025,0.5,ces
CTX200501238,19,37,3,1,0,2,377,2564,0.8578049999999999,0.0257475,0.9713825,685.0082500000001,0.0,0.41154,0.0,ces
CTX200502001,5,14,3,0,0,0,139,880,0.8631470588235295,0.012705882352941176,0.9557705882352941,1368.4023529411766,0.0,0.38366470588235296,0.0,ces
CTX200502625,81,1,0,2,0,1,15,90,0.7973,0.1,0.9997,207.59,0.0,0.375,0.0,ces
CTX200502649,7,47,1,1,0,2,654,4023,0.8739229166666668,0.01828541666666667,0.99475625,380.39687499999997,0.0,0.40287083333333334,0.0,ces
CTX200503353,4,36,4,1,0,9,334,2170,0.8167625,0.0711925,0.9854525000000001,472.004,0.0,0.4049325,0.0,ces
CTX200505444,71,1,2,1,0,1,7,39,0.6721,0.0389,0.964,991.46,0.0,0.3222,0.0,ces
CTX200507855,3,30,0,2,0,3,322,2351,0.9067666666666666,0.016936666666666666,0.9986433333333333,366.84433333333334,0.03333333333333333,0.41297,0.0,ces
CTX200509019,10,42,2,2,0,2,524,3484,0.8500568181818182,0.04107045454545454,0.9774045454545455,342.9804545454545,0.0,0.39078409090909094,0.0,ces
CTX200510125,150,24,27,1,1,20,117,778,0.7627823529411765,0.03762352941176471,0.8733274509803922,22459.3331372549,0.058823529411764705,0.39332941176470587,0.0196078431372549,ces
CTX200510428,4,10,0,1,0,0,74,593,0.8631399999999999,0.033089999999999994,0.9941700000000001,674.6940000000001,0.4,0.42225999999999997,0.0,ces
CTX200510559,22,27,0,0,0,2,247,1672,0.8800740740740741,0.010348148148148148,0.990725925925926,474.61000000000007,0.14814814814814814,0.41568518518518516,0.0,ces
CTX200600045,18,0,3,0,0,2,7,26,0.6217,0.03333333333333333,0.8155333333333333,190.80999999999997,0.0,0.12119999999999999,0.0,ces
CTX200600778,8,0,0,0,1,0,0,0,,,,,,,,
CTX200601428,151,11,21,18,12,14,99,605,0.693515625,0.09993125,0.896784375,5130.3934375,0.4375,0.39580625,0.03125,ces
CTX200603144,1,21,5,0,0,7,122,797,0.8187807692307693,0.004976923076923077,0.9518192307692307,1145.1892307692308,0.0,0.4301884615384616,0.15384615384615385,ces
CTX200604065,3,17,31,20,6,43,73,353,0.69175,0.016172916666666665,0.8415541666666666,26375.024374999997,0.0625,0.27432083333333335,0.125,ces
CTX200604133,18,15,7,1,4,8,93,627,0.8075681818181818,0.017045454545454544,0.8613863636363637,877.050909090909,0.0,0.40357727272727273,0.13636363636363635,ces
CTX200605112,1,14,5,0,1,2,124,718,0.7542315789473685,0.03671052631578947,0.9652842105263157,3714.2326315789473,0.0,0.3476578947368421,0.05263157894736842,ces
CTX200605979,20,0,0,3,0,2,0,0,,,,,,,,
CTX200607772,417,12,2,0,1,5,124,882,0.8647857142857143,0.02242857142857143,0.9628071428571429,615.9778571428571,0.0,0.416,0.0,ces
CTX200608938,3,14,0,0,0,1,132,873,0.8768571428571429,0.008071428571428571,0.9728285714285715,572.5521428571429,0.0,0.39889285714285716,0.0,ces
CTX200610138,42,36,12,3,0,1,278,2014,0.7782979166666667,0.03451666666666667,0.9101854166666666,909.8883333333333,0.041666666666666664,0.3555875,0.0,ces
CTX200700089,6,26,1,0,0,5,307,1977,0.8513259259259259,0.024644444444444445,0.9813518518518519,497.29111111111115,0.0,0.38964444444444446,0.0,ces
CTX200700760,147,0,3,0,0,2,3,10,0.47000000000000003,0.0,0.75,28183.013333333336,0.0,0.0,0.0,ces
CTX200702273,4,47,4,1,1,2,676,4303,0.8678647058823529,0.01177058823529412,0.9704274509803921,390.29627450980394,0.0,0.3875235294117647,0.0,ces
CTX200702301,8,39,1,1,0,5,402,2664,0.8574225,0.009735,0.9688825,503.27574999999996,0.0,0.41705499999999995,0.0,ces
CTX200702546,1,8,4,2,1,4,53,316,0.7673916666666667,0.005208333333333333,0.8830666666666667,1377552.5483333333,0.0,0.40693333333333337,0.3333333333333333,ces
CTX200704169,10,23,54,62,20,29,169,775,0.6471298701298701,0.050975324675324674,0.8896727272727273,6743.4968831168835,0.0,0.25084935064935066,0.19480519480519481,ces
CTX200705986,106,3,2,0,0,2,18,109,0.75476,0.06999999999999999,0.93544,1537.71,0.2,0.40232,0.0,ces
CTX200707027,124,93,51,0,1,2,677,4824,0.7840166666666666,0.030095833333333336,0.9226215277777778,1241.660902777778,0.05555555555555555,0.3623840277777778,0.0,ces
CTX200707030,197,9,6,2,2,3,40,269,0.7666266666666667,0.0125,0.8927933333333333,12981.430666666665,0.0,0.3325066666666666,0.06666666666666667,ces
CTX200709494,14,0,2,0,0,0,5,47,0.7378,0.0,0.9898,3288.23,0.0,0.46535000000000004,0.0,ces
CTX200710049,140,6,12,2,1,6,26,146,0.7472833333333333,0.04907222222222222,0.92825,75956.08666666667,0.05555555555555555,0.3533833333333333,0.2222222222222222,ces
CTX200710230,8,22,4,1,0,6,303,1836,0.8186538461538462,0.04818076923076923,0.9959461538461538,599.1880769230769,0.0,0.40877692307692304,0.0,ces
CTX200711050,238,9,1,1,0,1,53,331,0.7759199999999999,0.061029999999999994,0.92052,405.5,0.0,0.33945,0.0,ces
CTX200711302,40,50,0,0,0,0,608,4231,0.9071680000000001,0.02258,0.998308,355.7808,0.04,0.416524,0.0,ces
CTX200712196,45,31,3,6,0,1,167,1006,0.8170176470588235,0.02977941176470588,0.9512147058823528,270.1720588235294,0.0,0.40192941176470587,0.0,ces
CTX200712343,289,0,6,4,0,4,15,60,0.6026833333333333,0.01945,0.9446,50135.07833333333,0.0,0.5144,0.0,ces
CTX200800137,2,6,5,2,0,2,48,362,0.7247636363636364,0.07987272727272726,0.9629363636363636,4969.056363636364,0.0,0.45712727272727277,0.0,ces
CTX200800429,5,37,3,0,0,6,402,2819,0.8670475,0.0138875,0.9827425,458.78374999999994,0.0,0.42619749999999995,0.05,ces
CTX200801848,1,24,3,1,0,2,242,1606,0.8392407407407408,0.011518518518518518,0.9780592592592592,994.2585185185185,0.037037037037037035,0.41004814814814816,0.0,ces
CTX200802675,12,5,6,0,2,3,30,174,0.761390909090909,0.017672727272727274,0.9292181818181819,5079.927272727273,0.0,0.33873636363636367,0.0,ces
CTX200802802,11,12,1,1,0,4,113,617,0.8044153846153846,0.025446153846153844,0.9590846153846153,470.85923076923075,0.0,0.4077615384615385,0.0,ces
CTX200802823,36,34,8,0,0,6,343,2284,0.833604761904762,0.020411904761904763,0.9434595238095239,2805.902380952381,0.0,0.3987119047619047,0.0,ces
CTX200803239,443,22,23,4,29,22,107,674,0.7573799999999999,0.018333333333333333,0.8681800000000001,17607.500444444446,0.022222222222222223,0.3811844444444445,0.044444444444444446,ces
CTX200805426,25,26,4,1,0,4,218,1404,0.82375,0.04333666666666667,0.9880099999999999,766.0326666666666,0.0,0.39815,0.0,ces
CTX200806487,59,52,4,0,0,3,703,4724,0.837125,0.05209107142857143,0.9839071428571428,1434.695,0.0,0.3877357142857143,0.0,ces
CTX200807833,219,0,1,0,0,0,2,8,0.533,0.0,0.839,6875.45,0.0,0.3333,0.0,ces
CTX200808540,577,6,10,3,1,8,24,159,0.75039375,0.0421875,0.8818875,6268.2699999999995,0.0,0.3503,0.0625,ces
CTX200808540,1577,9,9,3,3,10,25,171,0.7413166666666666,0.019444444444444445,0.8814,31796.600555555553,0.0,0.3201722222222222,0.0,ces
CTX200808540A,769,0,5,0,0,2,16,149,0.6324799999999999,0.026640000000000004,0.75,3999.5160000000005,0.0,0.3275,0.0,ces
CTX200808540B,974,0,2,0,0,0,7,32,0.60005,0.0,0.875,2418.7400000000002,0.0,0.29164999999999996,0.0,ces
CTX200810756,1,2,3,3,0,5,11,81,0.7994,0.0,0.8805,2170.3199999999997,0.0,0.42539999999999994,0.0,ces
CTX200811413,131,42,8,2,1,3,444,2880,0.8301940000000001,0.018338,0.966914,2114.4366,0.06,0.39407,0.02,ces
CTX200811418,101,0,6,0,0,2,6,30,0.52735,0.0,0.75,941.3133333333334,0.0,0.5,1.0,ces
CTX200813137,16,1,0,0,0,0,3,25,0.7375,0.1167,0.9953,1204.11,0.0,0.4444,0.0,ces
CTX200900016,46,2,1,0,0,2,9,49,0.7437666666666667,0.0,0.9072666666666667,311.3566666666667,0.0,0.26406666666666667,0.3333333333333333,ces
CTX200900701,469,3,37,12,7,20,65,343,0.6825475,0.0375,0.8455349999999999,3163.90775,0.0,0.3297325,0.1,ces
CTX200901172,231,4,2,36,5,7,27,135,0.7558333333333334,0.08333333333333333,0.8073166666666666,745.3766666666667,0.0,0.2861833333333333,0.0,ces
CTX200901867,40,8,3,3,1,3,43,276,0.7529727272727272,0.0713,0.9173272727272728,1775.590909090909,0.0,0.3645818181818182,0.0,ces
CTX200902452,180,29,23,6,1,22,107,729,0.7742403846153846,0.03926346153846154,0.9188692307692308,5533.34076923077,0.11538461538461539,0.3906269230769231,0.0,ces
CTX200903018,13,4,1,0,0,1,22,172,0.8408599999999999,0.0,0.9086000000000001,419.534,0.0,0.31326,0.0,ces
CTX200903463,62,0,2,1,0,2,3,10,0.5834999999999999,0.125,0.87285,1475.56,0.0,0.2,0.0,ces
CTX200903467C,90,23,1,1,0,6,184,1271,0.8484250000000001,0.029620833333333332,0.9560041666666667,1010.5654166666667,0.0,0.42449583333333335,0.0,ces
CTX200903467E,135,0,5,0,0,2,8,69,0.58836,0.0,0.75,2543.8360000000002,0.0,0.22085999999999997,0.8,ces
CTX200903469,119,1,1,0,0,1,11,59,0.6990000000000001,0.0,0.8738,468.53,0.0,0.2111,0.0,ces
CTX200903822,376,8,13,4,4,9,52,302,0.6756571428571428,0.04980476190476191,0.9151857142857144,1515.3700000000001,0.0,0.2642857142857143,0.0,ces
CTX200904141,18,39,4,0,0,2,372,2372,0.8301093023255813,0.031130232558139535,0.9732953488372094,739.5237209302326,0.13953488372093023,0.41004418604651166,0.023255813953488372,ces
CTX200905128,25,21,3,0,0,4,224,1370,0.8098708333333334,0.0704875,0.9473583333333333,494.38166666666666,0.0,0.3774166666666667,0.0,ces
CTX200905128F,178,102,79,14,14,65,218,1200,0.751739226519337,0.005248618784530387,0.9105154696132597,25498.584254143647,0.0,0.3017005524861878,0.011049723756906077,ces
CTX200908081,35,1,2,0,0,1,9,59,0.6803,0.09000000000000001,0.8665333333333334,10446.673333333334,0.0,0.47433333333333333,0.0,ces
CTX200908573,33,1,0,0,0,0,2,15,0.7226,0.0,0.75,725.79,0.0,0.5455,0.0,ces
CTX200910863,104,28,2,0,0,3,359,2405,0.88366,0.008950000000000001,0.99028,432.2776666666667,0.03333333333333333,0.4005933333333333,0.0,ces
CTX200911474,13,2,0,0,0,1,10,50,0.7386999999999999,0.2,0.95105,457.28499999999997,0.0,0.3684,0.0,ces
CTX200912810,3,24,0,2,0,1,289,1841,0.8868958333333333,0.017616666666666666,0.9791166666666666,362.8254166666666,0.0,0.4015333333333333,0.0,ces
CTX200914045,24,0,2,19,0,8,2,15,0.36,0.175,0.75,70930.68,0.0,0.0,0.0,ces
CTX200915804A,2,17,8,2,3,8,56,352,0.795856,0.020716000000000002,0.8722639999999999,4344.397199999999,0.0,0.353576,0.52,ces
CTX201000477,7,25,1,1,0,2,297,2008,0.8784115384615384,0.010023076923076923,0.9729230769230769,396.9323076923077,0.0,0.42285,0.0,ces
CTX201000713,780,28,40,52,40,73,125,601,0.6875279411764705,0.042280882352941175,0.8833264705882353,150211.26573529412,0.0,0.39832647058823534,0.08823529411764706,ces
CTX201000713B,75,0,5,0,0,2,8,65,0.47842,0.0,0.75,5952.612,0.0,0.22085999999999997,0.0,ces
CTX201000760,9,34,0,1,0,1,402,2816,0.8967088235294117,0.01096764705882353,0.9954852941176471,344.1241176470589,0.0,0.42054411764705885,0.0,ces
CTX201001332,17,30,4,0,0,4,333,2126,0.8485470588235294,0.016470588235294115,0.9718000000000001,645.2194117647059,0.0,0.3998441176470588,0.0,ces
CTX201001607B,224,1,0,2,0,2,2,8,0.7032,0.0,0.75,744.03,0.0,0.3333,0.0,ces
CTX201001863,951,24,22,1,6,20,107,702,0.7589217391304348,0.02781304347826087,0.904586956521739,15485.260217391304,0.0,0.3895521739130435,0.021739130434782608,ces
CTX201001901,738,26,40,15,7,29,148,904,0.731610606060606,0.04947121212121212,0.8954469696969697,56403.60530303031,0.12121212121212122,0.3892651515151515,0.030303030303030304,ces
CTX201001901A,271,11,12,54,5,17,34,168,0.7290043478260869,0.0048304347826086955,0.8579739130434783,107582.76086956522,0.0,0.24554782608695652,0.13043478260869565,ces
CTX201004071,34,0,4,0,0,1,4,12,0.548175,0.0,0.8151999999999999,1371.155,0.0,0.0,1.0,ces
CTX201004107,106,11,1,7,6,7,44,302,0.7928583333333333,0.06283333333333334,0.9355083333333334,486.1425,0.0,0.3713666666666667,0.0,ces
CTX201004127,26,0,2,0,0,0,4,19,0.69035,0.0,0.92205,22014.295,0.0,0.23809999999999998,0.0,ces
CTX201004298,35,4,3,3,1,5,23,148,0.7508714285714285,0.0,0.8909571428571429,23233.88142857143,0.0,0.35130000000000006,0.0,ces
CTX201004351,1,29,5,1,0,5,262,1805,0.8255911764705882,0.014026470588235293,0.9532411764705884,968.8073529411764,0.029411764705882353,0.4082705882352941,0.058823529411764705,ces
CTX201004988,136,13,10,10,9,15,38,228,0.7785695652173913,0.01358695652173913,0.8953739130434782,58483.015652173905,0.0,0.32407391304347827,0.34782608695652173,ces
CTX201005239,121,101,137,93,79,131,357,1923,0.6762411764705882,0.008755042016806722,0.8428651260504202,9732.871092436973,0.0,0.21514327731092436,0.0,ces
CTX201006875,8,1,0,0,0,0,11,70,0.8493,0.0455,0.9949,316.9,0.0,0.4151,0.0,ces
CTX201007260,13,26,1,0,0,1,287,2088,0.885962962962963,0.011596296296296296,0.9896,415.81222222222226,0.0,0.39723703703703706,0.0,ces
CTX201007360,15,29,2,2,0,3,318,1992,0.8424,0.015187096774193548,0.9810806451612903,458.76516129032257,0.0,0.39664516129032257,0.0,ces
CTX201007376,66,1,1,0,0,1,4,20,0.7251,0.05835,0.75,303.38,0.0,0.2143,0.5,ces
CTX201007800,21,19,4,7,0,4,107,745,0.8264826086956522,0.02883913043478261,0.9330695652173913,1049.8760869565217,0.043478260869565216,0.3819608695652174,0.0,ces
CTX201007932,7,47,0,0,0,1,574,3878,0.8877042553191489,0.001904255319148936,0.9988297872340426,374.2704255319149,0.0,0.40316382978723403,0.0,ces
CTX201100063,31,2,2,0,0,1,42,195,0.66615,0.11527499999999999,0.915475,731.075,0.0,0.32477500000000004,0.0,ces
CTX201100373,2,24,3,1,0,9,243,1594,0.8198185185185186,0.04025555555555555,0.9891740740740741,796.1692592592592,0.0,0.4149888888888889,0.1111111111111111,ces
CTX201100541,975,11,16,2,5,9,70,463,0.7541259259259259,0.04189259259259259,0.9185074074074074,24524.507407407407,0.07407407407407407,0.42383333333333334,0.037037037037037035,ces
CTX201100541,1975,14,16,6,3,10,89,567,0.7442866666666668,0.061669999999999996,0.9057999999999999,6603.645,0.2,0.4112133333333333,0.03333333333333333,ces
CTX201100615,271,29,2,0,0,3,384,2564,0.8618064516129033,0.011129032258064515,0.9909225806451613,431.26677419354843,0.0967741935483871,0.40196129032258066,0.0,ces
CTX201100639,13,8,6,11,0,8,34,207,0.79185,0.017857142857142856,0.9366214285714286,1954.2621428571426,0.0,0.36892142857142857,0.0,ces
CTX201100935,284,46,187,681,26,128,234,884,0.6489081545064377,0.0,0.7913974248927038,41950.349227467814,0.0,0.1197420600858369,0.05150214592274678,ces
CTX201100966,16,30,18,1,0,2,335,1976,0.7765979166666667,0.050202083333333335,0.9131312500000001,696.5456250000001,0.0,0.30231458333333333,0.0,ces
CTX201101207,38,0,2,0,0,1,4,16,0.6884,0.0,0.99665,490.38,0.0,0.25,0.0,ces
CTX201101262,27,9,1,1,0,0,94,596,0.83496,0.02768,0.8817600000000001,10505.041000000001,0.0,0.39567,0.0,ces
CTX201101323,374,0,1,0,0,0,2,6,0.6433,0.25,0.75,735.19,0.0,0.3333,0.0,ces
CTX201101430,2,42,27,18,33,38,252,1658,0.7721463768115943,0.050108695652173914,0.9100739130434782,2066.384347826087,0.21739130434782608,0.37768840579710145,0.2898550724637681,ces
CTX201102062,22,0,2,0,0,1,4,22,0.6731499999999999,0.175,0.8821,411.555,0.0,0.5714,0.0,ces
CTX201102588,9,21,1,0,0,10,212,1357,0.8551772727272727,0.014068181818181818,0.9908727272727272,567.2445454545455,0.0,0.3940363636363637,0.0,ces
CTX201102933,115,0,1,1,0,1,1,8,0.4387,0.0,0.75,3606.58,0.0,0.0,0.0,ces
CTX201102967,64,0,1,0,0,0,2,7,0.6569,0.0,0.75,1788.83,0.0,0.3333,0.0,ces
CTX201103402,39,2,3,0,0,3,37,240,0.7630399999999999,0.01248,0.8484400000000001,1310.676,0.4,0.30896,0.0,ces
CTX201103402B,31,0,1,0,0,0,1,4,0.5107,0.0,0.75,2332.3,0.0,0.0,0.0,ces
CTX201103508C,49,6,8,5,0,8,24,152,0.7369,0.04732142857142857,0.8964928571428572,15476.997857142856,0.0,0.3890357142857143,0.0,ces
CTX201103645,64,4,1,0,0,2,32,177,0.71688,0.057120000000000004,0.95,3474.9660000000003,0.0,0.35414,0.0,ces
CTX201103655,155,2,0,0,0,0,4,29,0.7665500000000001,0.025,0.75,1008.8599999999999,0.0,0.38180000000000003,0.0,ces
CTX201103664,10,31,13,0,0,6,350,2035,0.7700522727272727,0.036788636363636364,0.9675045454545455,1240.486818181818,0.022727272727272728,0.3824090909090909,0.0,ces
CTX201103670,80,2,1,0,0,2,25,167,0.7940333333333333,0.0238,0.9165333333333333,367.01666666666665,0.0,0.2839,0.0,ces
CTX201200004B,35,22,17,12,14,17,139,822,0.7390153846153846,0.04507692307692308,0.8628923076923076,4105.086923076923,0.15384615384615385,0.3962102564102564,0.05128205128205128,ces
CTX201200065,108,20,20,1,1,6,300,1867,0.7253624999999999,0.047425,0.8504275,801.48,0.025,0.3628925,0.05,ces
CTX201200114,14,2,0,0,0,1,23,139,0.8022499999999999,0.0663,1.0,298.03499999999997,0.0,0.4183,0.0,ces
CTX201200150,1,29,12,1,0,9,248,1791,0.7955536585365853,0.015363414634146342,0.9155341463414635,5233.457073170731,0.024390243902439025,0.39818536585365855,0.024390243902439025,ces
CTX201200551,61,0,140,1,60,32,143,495,0.49582571428571426,0.0025,0.7838564285714286,2824.1475714285716,0.0,0.0017857142857142857,0.21428571428571427,ces
CTX201200815,24,0,1,0,0,0,3,18,0.5736,0.1667,0.75,14762.79,0.0,0.5,0.0,ces
CTX201201291,65,0,1,0,0,0,5,32,0.6861,0.1,0.9997,2491.26,0.0,0.4091,0.0,ces
CTX201201416,36,0,2,0,0,1,4,22,0.6651,0.175,0.75,613.65,0.0,0.5714,0.0,ces
CTX201202183,18,42,3,0,0,4,535,3945,0.8871177777777777,0.014262222222222223,0.9856355555555556,337.80244444444446,0.0,0.38876888888888883,0.044444444444444446,ces
CTX201202247,38,0,247,65,61,63,251,804,0.5725246963562753,0.0010121457489878543,0.7949506072874494,705.8242914979758,0.0,0.04297004048582996,0.12955465587044535,ces
CTX201202280,36,42,1,0,1,10,599,4142,0.8550930232558139,0.036367441860465116,0.9850348837209302,420.0674418604651,0.06976744186046512,0.41762558139534883,0.0,ces
CTX201202305,2,33,7,3,0,3,375,2422,0.82453,0.026447500000000002,0.985915,673.89775,0.0,0.3941925,0.0,ces
CTX201202519,18,25,3,1,0,5,293,1879,0.8450035714285714,0.015132142857142858,0.9805892857142856,609.6746428571429,0.0,0.3924392857142857,0.0,ces
CTX201202519,1032,4,1,2,0,4,13,82,0.8003399999999999,0.01,0.84824,1126.536,0.0,0.38052,0.0,ces
CTX201202532,100,69,58,62,2,107,301,1632,0.7417173228346456,0.04133700787401575,0.8931346456692913,21930.2605511811,0.0,0.36992598425196854,0.0,ces
CTX201202589A,3,5,5,6,1,4,10,62,0.72401,0.034999999999999996,0.8092900000000001,5330.267,0.0,0.29308999999999996,0.0,ces
CTX201202679,233,0,1,0,0,0,2,5,0.405,0.0,0.9171,37842.11,0.0,0.5,0.0,ces
CTX201203278,39,32,14,0,0,3,225,1490,0.7701478260869565,0.050880434782608695,0.8857934782608695,1209.858695652174,0.08695652173913043,0.39135869565217396,0.0,ces
CTX201203352,34,3,1,0,0,1,48,265,0.7362,0.025,0.994775,2023.2125,0.0,0.369975,0.0,ces
CTX201300129,56,2,1,0,0,2,24,133,0.7066666666666667,0.0089,0.9793333333333334,381.9433333333333,0.3333333333333333,0.3884666666666667,0.0,ces
CTX201300514,60,8,19,1,0,10,37,185,0.7174962962962963,0.006174074074074074,0.8588925925925927,37053.26185185185,0.0,0.258662962962963,0.1111111111111111,ces
CTX201300634,6,29,3,1,0,3,355,2375,0.860675,0.011446875,0.98040625,451.6565625,0.0,0.4160125,0.0,ces
CTX201300954,173,0,2,0,0,0,10,47,0.6920999999999999,0.07145,0.89715,2259.59,0.0,0.3308,0.0,ces
CTX201301008,79,16,8,6,7,15,45,291,0.7933125,0.0079875,0.9213208333333333,57553.1575,0.0,0.3259083333333333,0.08333333333333333,ces
CTX201301473,5,23,4,5,0,8,249,1778,0.8344518518518519,0.020333333333333335,0.9566444444444444,664.7951851851852,0.14814814814814814,0.4038629629629629,0.0,ces
CTX201301829,250,0,4,4,5,5,11,33,0.52655,0.114575,0.89125,5696.935,0.0,0.275,0.25,ces
CTX201302173,108,29,28,38,1,40,189,1205,0.7423684210526316,0.05145614035087719,0.9139070175438596,31248.562105263154,0.0,0.3098578947368421,0.14035087719298245,ces
CTX201302302,69,0,4,0,0,1,4,12,0.600025,0.0,0.75,74.9625,0.0,0.0,0.0,ces
CTX201302514,244,18,12,12,1,10,105,637,0.73616,0.03583,0.8523666666666667,4846.368,0.13333333333333333,0.38516666666666666,0.03333333333333333,ces
CTX201302602,82,6,0,0,0,2,64,396,0.8370166666666666,0.055650000000000005,0.9458333333333333,507.74666666666667,0.0,0.41240000000000004,0.0,ces
CTX201302640,22,1,0,0,0,0,9,56,0.7774,0.1111,0.9999,219.15,0.0,0.4146,0.0,ces
CTX201302727,10,4,0,0,0,1,35,256,0.881675,0.01855,0.983625,470.96000000000004,0.0,0.376675,0.0,ces
CTX201302762,9,9,1,2,0,2,93,638,0.8153900000000001,0.07264,0.8418300000000001,1476.563,0.0,0.42973999999999996,0.0,ces
CTX201302879,49,0,1,2,0,2,2,7,0.6883,0.0,0.75,1003.4,0.0,0.3333,0.0,ces
CTX201303013,77,15,168,12,68,50,343,1401,0.5293928961748634,0.09494535519125682,0.7996333333333333,33435.13153005465,0.0,0.11205737704918033,0.0273224043715847,ces
CTX201303020,444,65,25,1,0,20,463,2953,0.7974822222222222,0.027563333333333336,0.9352033333333334,65838.915,0.0,0.40825888888888884,0.022222222222222223,ces
CTX201303203,237,0,0,1,0,0,0,0,,,,,,,,
CTX201303221,304,27,18,7,5,16,158,903,0.7369444444444445,0.07093555555555556,0.9073933333333334,6635.703777777778,0.0,0.37941777777777774,0.022222222222222223,ces
CTX201303242,133,6,8,5,5,10,28,165,0.7774928571428571,0.015564285714285713,0.8879642857142857,96059.61571428571,0.0,0.3251214285714286,0.2857142857142857,ces
CTX201400039,22,56,7,0,0,1,740,4063,0.757115873015873,0.05688253968253969,0.8662047619047619,383.52190476190475,0.0,0.32629682539682536,0.0,ces
CTX201400192,72,3,141,95,181,115,144,600,0.5743701388888889,0.0,0.7946208333333333,5522.849027777778,0.0,0.037768055555555555,0.0,ces
CTX201400682,31,7,161,104,415,323,198,721,0.5748154761904762,0.009425,0.7833523809523809,17469.079464285714,0.0,0.0746327380952381,0.005952380952380952,ces
CTX201400848,1,4,2,0,1,2,31,194,0.7919666666666667,0.07661666666666667,0.9317666666666667,729.1066666666667,0.0,0.45398333333333335,0.5,ces
CTX201403909,10,10,1,0,0,2,135,824,0.8276,0.02159090909090909,0.9372363636363636,530.9336363636364,0.0,0.41075454545454543,0.0,ces
CTX201403957,2,37,12,3,4,14,280,1883,0.8141,0.01827755102040816,0.9454857142857143,1701.9993877551021,0.08163265306122448,0.3969530612244898,0.04081632653061224,ces
CTX201404706,271,26,13,2,3,1,300,1704,0.7500333333333333,0.0719025641025641,0.898076923076923,596.1315384615385,0.0,0.31664358974358975,0.0,ces
CTX201404706B,670,22,13,3,2,13,100,665,0.7822057142857143,0.014419999999999997,0.8944771428571429,39807.896857142856,0.0,0.31320857142857145,0.2571428571428571,ces
CTX201404731,33,31,2,0,0,3,427,2663,0.8708303030303031,0.03047878787878788,0.9921303030303029,378.66363636363633,0.06060606060606061,0.4112757575757576,0.0,ces
CTX201404751,468,0,0,1,2,1,0,0,,,,,,,,
CTX201404786,23,3,0,4,1,2,21,159,0.7561333333333332,0.0,0.8155666666666667,1426.1033333333335,0.0,0.45999999999999996,0.0,ces
CTX201404815,646,45,57,11,1,44,151,1016,0.7737156862745098,0.016340196078431374,0.8730068627450981,4894.426176470588,0.0,0.3953549019607843,0.0,ces
CTX201404926,16,0,0,2,1,0,0,0,,,,,,,,
CTX201405075,73,21,20,3,1,22,124,695,0.7236634146341464,0.021975609756097563,0.8688365853658537,6767.559756097561,0.024390243902439025,0.37621951219512195,0.0,ces
CTX201405184,430,3,2,0,0,2,45,291,0.74344,0.0891,0.9406000000000001,1145.84,0.0,0.40915999999999997,0.0,ces
CTX201405215,41,3,0,1,0,2,31,181,0.8140666666666666,0.0,0.9943,665.85,0.0,0.4364333333333333,0.0,ces
CTX201405222,244,39,19,11,5,27,244,1583,0.7603879310344828,0.046979310344827586,0.8988482758620691,6030.526896551724,0.3620689655172414,0.3972275862068966,0.27586206896551724,ces
CTX201405224,221,1,1,0,1,1,13,97,0.7645,0.0,0.86795,145.2,0.0,0.18665,0.0,ces
CTX201405237,57,0,1,1,0,1,2,7,0.5143,0.0,0.75,2316.67,0.0,0.0,1.0,ces
CTX201405253B,125,0,1,2,0,2,4,21,0.646,0.0,0.75,12248.24,0.0,0.4375,0.0,ces
CTX201405254,366,0,1,0,0,0,1,2,0.602,0.0,0.8099,1.0,0.0,0.0,0.0,ces
CTX201405297,1,25,3,1,0,3,237,1629,0.8354142857142858,0.015939285714285715,0.9770678571428572,929.1296428571429,0.07142857142857142,0.39336071428571423,0.0,ces
CTX201405534,13,45,3,1,0,4,575,3644,0.8434020833333333,0.005372916666666667,0.9518062500000001,344.278125,0.0,0.38862916666666664,0.020833333333333332,ces
CTX201405553,22,1,0,0,0,0,10,79,0.8494,0.085,1.0,311.82,0.0,0.4333,0.0,ces
CTX201405865,307,3,28,18,2,6,62,327,0.6731548387096774,0.03951612903225807,0.8452645161290322,3403.6503225806455,0.0,0.27541290322580647,0.0,ces
CTX201405865B,92,0,1,0,0,0,1,4,0.582,0.0,0.75,549.77,0.0,0.0,0.0,ces
CTX201405865D,319,0,1,0,0,0,3,8,0.3819,0.3333,0.75,2736.96,0.0,0.0,0.0,ces
CTX201405866,226,5,30,8,3,4,85,426,0.6628999999999999,0.05919142857142857,0.8477114285714286,2497.6345714285717,0.05714285714285714,0.25457142857142856,0.0,ces
CTX201405868,177,2,0,0,0,1,25,151,0.7863,0.0401,0.88855,900.455,0.0,0.39895,0.0,ces
CTX201500018,38,19,8,2,0,2,148,874,0.7703925925925925,0.04978888888888889,0.921262962962963,820.3322222222223,0.0,0.3678888888888889,0.0,ces
CTX201500065,27,16,1,1,0,3,207,1486,0.881264705882353,0.0087,0.9926352941176471,709.8841176470588,0.0,0.44474117647058825,0.0,ces
CTX201500461,27,3,17,28,10,4,26,133,0.65805,0.01125,0.797205,2019.8395,0.0,0.186885,0.0,ces
CTX201500847,46,41,21,11,7,24,318,1932,0.7901612903225806,0.03520322580645161,0.9448467741935483,3223.232419354839,0.06451612903225806,0.39170967741935486,0.3225806451612903,ces
CTX201500909,34,0,2,0,0,0,4,18,0.6854,0.0,0.9822,728.1,0.0,0.4,0.0,ces
CTX201501656B,18,37,70,1,33,73,149,722,0.6760775700934579,0.08310000000000001,0.7730280373831776,1911.293364485981,0.0,0.24660093457943924,0.0,ces
CTX201501664,6,47,0,0,0,0,565,3940,0.9098510638297872,0.0014404255319148936,0.9995872340425532,340.23319148936173,0.0,0.41248510638297875,0.0,ces
CTX201501681,747,96,27,0,0,72,155,922,0.7972674796747968,0.0010162601626016261,0.9450934959349593,1990.8348780487804,0.0,0.309949593495935,0.0,ces
CTX201501946A,475,1,1,1,0,1,10,62,0.62685,0.0278,0.875,1793.6499999999999,0.0,0.1951,1.0,ces
CTX201501946D,153,160,440,161,7,316,930,4600,0.6598993333333333,0.014639166666666667,0.8380748333333333,112831.08491666667,0.0,0.3832838333333333,0.24166666666666667,ces
CTX201501985,39,7,3,1,0,2,42,272,0.70945,0.035829999999999994,0.86668,19974.036,0.0,0.38785,0.1,ces
CTX201502000,88,227,340,25,51,244,767,3960,0.7094860670194003,0.024280246913580248,0.8909469135802469,9040.583950617283,0.0,0.2812142857142857,0.11992945326278659,ces
CTX201502022,95,16,15,10,4,24,56,286,0.7047645161290322,0.016129032258064516,0.8754870967741936,1796.23,0.06451612903225806,0.2966645161290323,0.0,ces
CTX201502047,20,6,22,7,1,10,32,181,0.7240535714285714,0.008928571428571428,0.8241142857142857,9417.243571428571,0.0,0.3928642857142857,0.0,ces
CTX201502285,24,6,0,0,1,2,73,513,0.85315,0.030133333333333335,0.8717,270.335,0.3333333333333333,0.40173333333333333,0.0,ces
CTX201502315,88,6,1,0,0,2,55,312,0.7352571428571428,0.07754285714285714,0.7749285714285714,766.8928571428571,0.0,0.30522857142857146,0.0,ces
CTX201502390,11,33,1,0,0,2,439,2819,0.8775382352941177,0.018858823529411765,0.9943647058823529,352.1479411764706,0.0,0.3990764705882353,0.0,ces
CTX201502523,34,30,11,1,1,6,570,3121,0.7665512195121951,0.06607317073170732,0.8942756097560977,518.7841463414635,0.2926829268292683,0.3481975609756097,0.0,ces
CTX201502531,28,7,2,0,0,6,26,169,0.8161444444444445,0.0037,0.8640666666666666,1710.9066666666668,0.0,0.44328888888888884,0.0,ces
CTX201502541,78,3,0,0,0,1,29,186,0.8635666666666667,0.0476,0.9143333333333334,505.74333333333334,0.0,0.38953333333333334,0.0,ces
CTX201502875A,168,11,10,3,3,15,29,184,0.7796619047619048,0.004761904761904762,0.9193095238095237,41567.391904761906,0.0,0.2957619047619048,0.2857142857142857,ces
CTX201502875F,48,13,7,4,0,6,141,916,0.70317,0.032465,0.7698750000000001,330.5415,0.0,0.38194,0.0,ces
CTX201502875F,1048,36,5,0,0,8,285,1895,0.809609756097561,0.01558048780487805,0.9630487804878048,1829.5739024390243,0.0,0.403619512195122,0.0,ces
CTX201503247,27,3,2,2,0,5,34,213,0.7132799999999999,0.0071400000000000005,0.8997399999999999,5219.426,0.0,0.31216,0.0,ces
CTX201503827,271,0,5,2,11,13,9,45,0.43352,0.04,0.81644,6354.719999999999,0.2,0.41904,0.2,ces
CTX201503906,56,26,4,10,0,7,259,2094,0.8932366666666667,0.0012833333333333334,0.9756533333333334,809.3533333333332,0.0,0.37418999999999997,0.0,ces
CTX201504024,16,16,6,65,1,11,96,690,0.7580318181818182,0.009154545454545455,0.9061045454545454,3179.887272727273,0.045454545454545456,0.3219,0.045454545454545456,ces
CTX201504087,75,119,57,32,6,48,291,1750,0.7752357954545454,0.01846931818181818,0.8860147727272728,5834.519375,0.0,0.3427801136363637,0.0,ces
CTX201504547A,195,1,1,1,0,1,2,11,0.73535,0.0,0.8564499999999999,504.795,0.0,0.1875,0.0,ces
CTX201600031,4,12,8,0,0,17,109,641,0.714765,0.0225,0.93208,2395.8995000000004,0.0,0.40014000000000005,0.0,ces
CTX201600348,6,23,1,2,0,5,157,1303,0.8617374999999999,0.029212500000000002,0.9407375,1294.3570833333335,0.0,0.4200166666666667,0.16666666666666666,ces
CTX201600379,41,0,1,0,0,0,2,6,0.6449,0.25,0.75,693.64,0.0,0.3333,0.0,ces
CTX201600433,18,0,1,0,0,0,2,6,0.6472,0.25,0.75,637.26,0.0,0.3333,0.0,ces
CTX201600504,134,51,7,1,1,2,851,5191,0.806146551724138,0.019225862068965517,0.9603482758620691,4344.116724137932,0.0,0.3834706896551724,0.0,ces
CTX201600523,34,0,1,2,0,2,2,6,0.6472,0.25,0.75,637.26,0.0,0.3333,0.0,ces
CTX201600696,67,11,8,6,0,16,40,295,0.7025947368421053,0.021052631578947368,0.8910421052631579,5966.15,0.05263157894736842,0.3561736842105263,0.05263157894736842,ces
CTX201600821,20,24,10,0,0,5,182,1065,0.7766882352941176,0.02289705882352941,0.9067558823529411,576.2794117647059,0.0,0.3240911764705882,0.0,ces
CTX201600836,313,6,11,13,5,16,38,276,0.6896352941176471,0.08823529411764706,0.8570235294117647,9238.95588235294,0.058823529411764705,0.35154117647058825,0.0,ces
CTX201600844,125,1,0,0,0,0,8,69,0.8672,0.0625,0.9999,141.11,0.0,0.431,0.0,ces
CTX201600924,10,19,1,8,2,5,153,1088,0.84106,0.02207,0.97027,2302.4829999999997,0.0,0.40083,0.0,ces
CTX201600965,604,79,298,11,0,104,470,2204,0.5690893899204245,0.0030946949602122012,0.8079403183023873,22845.7075331565,0.0,0.13566790450928382,0.0,ces
CTX201601047,7,66,77,43,39,115,169,925,0.732979020979021,0.0011657342657342656,0.8834643356643356,6395.202867132867,0.0,0.25183636363636364,0.0,ces
CTX201601180,28,0,20,29,236,134,26,55,0.535295,0.025,0.805725,803049.0094999999,0.0,0.129165,0.1,ces
CTX201601206,315,0,0,3,0,1,0,0,,,,,,,,
CTX201601523,170,0,0,2,0,1,0,0,,,,,,,,
CTX201601668,17,31,1,0,0,5,271,1683,0.836040625,0.019440625,0.984475,419.70125,0.0,0.40173125,0.0,ces
CTX201601996B,53,1,0,0,0,0,9,57,0.8579,0.0,1.0,546.79,0.0,0.4324,0.0,ces
CTX201603157,43,1,0,0,0,0,6,45,0.7953,0.0833,1.0,491.67,0.0,0.4242,0.0,ces
CTX201603181,81,4,1,0,0,2,46,292,0.80274,0.0,0.9478,726.9399999999999,0.0,0.31934,0.0,ces
CTX201603568,22,96,41,2,17,52,176,1229,0.8196167883211678,0.0007299270072992701,0.9062189781021898,3264.974306569343,0.0,0.325129197080292,0.0072992700729927005,ces
CTX201603778A,11,9,39,13,2,41,88,496,0.5552291666666667,0.027529166666666664,0.817025,39727.83041666667,0.0,0.1524,0.020833333333333332,ces
CTX201603778D,27,1,6,7,4,11,28,171,0.5581428571428572,0.125,0.8728428571428571,86987.10857142857,0.0,0.2906,0.0,ces
CTX201603778G,406,2,2,0,0,2,22,167,0.794975,0.0,0.8941749999999999,303.78000000000003,0.0,0.36195,0.0,ces
CTX201603780,204,0,0,3,0,1,0,0,,,,,,,,
CTX201603814A,287,34,19,6,6,28,221,1437,0.770054716981132,0.03986415094339622,0.9069207547169812,4809.353584905661,0.20754716981132076,0.38057169811320757,0.32075471698113206,ces
CTX201604006,193,26,13,0,0,8,227,1477,0.8010282051282052,0.0367974358974359,0.9362692307692307,738.016923076923,0.0,0.3783410256410256,0.0,ces
CTX201604006A,149,5,9,2,2,10,20,124,0.7535857142857143,0.0,0.8707571428571429,95501.13428571427,0.0,0.2908071428571429,0.0,ces
CTX201604014,153,43,249,99,105,158,311,1252,0.5851068493150685,0.010141095890410958,0.7580678082191781,3099.5264383561644,0.0,0.0669359589041096,0.11643835616438356,ces
CTX201604014B,238,3,14,0,0,8,65,458,0.6786235294117647,0.05674117647058824,0.7896058823529412,848.1700000000001,0.0,0.27651764705882353,0.0,ces
CTX201604023,2,40,20,21,28,36,339,2186,0.7809716666666666,0.03841833333333333,0.9136416666666667,2117.485166666667,0.48333333333333334,0.37454666666666664,0.23333333333333334,ces
CTX201604035,49,1,0,0,0,0,16,89,0.7545,0.1562,0.8393,433.04,0.0,0.3519,0.0,ces
CTX201604049H,78,3,3,2,2,3,12,52,0.7254,0.020833333333333332,0.9134666666666668,110094.63333333335,0.0,0.3246,0.0,ces
CTX201604051D,177,0,0,7,0,3,0,0,,,,,,,,
CTX201604069,339,31,12,2,0,6,153,1016,0.7919348837209301,0.025437209302325584,0.9207674418604652,32352.546279069767,0.0,0.3474651162790698,0.20930232558139536,ces
CTX201604071,483,2,3,0,0,2,15,85,0.73022,0.02,0.8263,935.9959999999999,0.0,0.36904,0.0,ces
CTX201604086,23,3,1,0,0,3,28,158,0.793225,0.03845,0.800075,212.95749999999998,0.0,0.325125,0.0,ces
CTX201604141,132,76,159,155,0,49,385,2459,0.7162902127659575,0.007446808510638298,0.8186953191489362,1339.5024680851066,0.0,0.2085991489361702,0.0,ces
CTX201604155,359,9,190,106,74,83,223,869,0.5592603015075377,0.005025125628140704,0.7628914572864323,11598.745175879398,0.01507537688442211,0.025886934673366835,0.08040201005025126,ces
CTX201604168,5,30,2,1,0,2,365,2455,0.858603125,0.01181875,0.979890625,492.874375,0.0,0.4221875,0.0,ces
CTX201604359,1,21,4,1,0,2,239,1662,0.808784,0.020828,0.952488,5275.4532,0.04,0.399056,0.0,ces
CTX201700210,6,2,0,0,0,1,37,192,0.7878000000000001,0.1623,0.9434,143.525,0.0,0.4313,0.0,ces
CTX201700526,42,31,1,1,0,1,401,2100,0.787659375,0.096215625,0.927721875,432.133125,0.0,0.398084375,0.0,ces
CTX201700731,97,16,10,7,1,8,74,441,0.7176615384615384,0.03814230769230769,0.8740346153846154,4283.367692307692,0.0,0.35949230769230767,0.07692307692307693,ces
CTX201700807,80,14,26,10,11,14,166,943,0.6980325,0.00443,0.8406800000000001,157309.84524999998,0.0,0.1913125,0.0,ces
CTX201700827B,111,39,28,24,10,29,206,1139,0.730168656716418,0.03675223880597015,0.8977044776119403,3898.8608955223885,0.0,0.3618820895522388,0.05970149253731343,ces
CTX201701399,7,1,0,0,0,0,3,15,0.7484,0.1667,0.9953,831.97,0.0,0.4167,0.0,ces
CTX201701986,13,21,1,0,0,7,171,1015,0.7875409090909091,0.06910909090909091,0.9857272727272727,517.2659090909091,0.0,0.4142954545454545,0.045454545454545456,ces
CTX201701997B,74,0,2,0,0,1,4,22,0.64985,0.0,0.7618,1869.385,0.0,0.1429,0.0,ces
CTX201702162,19,25,1,0,0,11,178,1315,0.8111423076923077,0.028169230769230766,0.8621076923076922,507.6226923076923,0.0,0.35496153846153844,0.15384615384615385,ces
CTX201702169,306,4,2,0,2,6,37,214,0.7715833333333334,0.09723333333333332,0.99345,4200.349999999999,0.0,0.3905166666666667,0.0,ces
CTX201702177,28,18,0,0,0,1,245,1584,0.8802,0.013222222222222222,0.9960333333333333,368.0705555555556,0.0,0.4109055555555556,0.0,ces
CTX201702181C,182,55,55,9,0,50,205,1243,0.75548,0.021137272727272727,0.8912681818181819,4350.171909090909,0.0,0.3724727272727273,0.0,ces
CTX201702474,83,2,0,0,0,0,19,111,0.8253,0.03335,0.8749,464.88,0.0,0.41875,0.0,ces
CTX201703278,419,47,55,5,8,56,182,1032,0.7311676470588235,0.009858823529411765,0.873235294117647,73432.10549019607,0.0,0.313771568627451,0.00980392156862745,ces
CTX201703507,14,10,5,1,1,7,54,339,0.7782533333333334,0.02936,0.9188933333333333,3828.561333333333,0.0,0.39035333333333333,0.0,ces
CTX201703525B,143,0,1,4,0,1,1,3,0.527,0.0,0.75,233.98,0.0,0.0,0.0,ces
CTX201703690B,164,0,1,1,0,1,1,3,0.603,0.0,0.75,1.0,0.0,0.0,0.0,ces
CTX201703691,321,72,198,31,79,210,343,1589,0.6484337037037037,0.024485555555555556,0.8540707407407407,26743.189925925926,0.0,0.24276666666666666,0.1111111111111111,ces
CTX201703695,370,0,14,0,0,5,30,364,0.5525357142857142,0.1666642857142857,0.75,614.0985714285715,0.0,0.23467857142857143,0.0,ces
CTX201709888,10,12,0,1,0,2,127,829,0.8780333333333333,0.04349166666666667,0.9713083333333333,346.97583333333336,0.16666666666666666,0.4190333333333333,0.0,ces
CTX201750036,79,0,2,0,0,1,2,6,0.5405,0.0,0.75,1563.235,0.0,0.0,0.0,ces
CTX201750075,105,3,24,21,14,18,98,414,0.6143740740740741,0.059225925925925925,0.8016555555555556,5500.206666666666,0.25925925925925924,0.3494851851851852,0.1111111111111111,ces
CTX201750088,135,45,22,7,10,15,290,1774,0.7578522388059702,0.04547611940298507,0.9342597014925372,1736.3367164179103,0.07462686567164178,0.4003820895522388,0.014925373134328358,ces
CTX201750112,26,16,14,24,0,13,63,416,0.7197766666666666,0.011113333333333333,0.8822966666666667,4388.302333333334,0.0,0.30066666666666664,0.03333333333333333,ces
CTX201750130A,206,43,20,3,5,8,213,1737,0.7727158730158731,0.022841269841269843,0.8812603174603174,1185.0704761904763,0.0,0.28717777777777775,0.015873015873015872,ces
CTX201750173,222,15,23,9,16,28,81,480,0.6999368421052632,0.02161578947368421,0.8706105263157894,39597.62052631579,0.0,0.37006842105263155,0.02631578947368421,ces
CTX201750231,167,0,7,1,0,6,10,65,0.6347285714285714,0.019042857142857143,0.8317,6649.784285714285,0.0,0.3201714285714286,0.0,ces
CTX201750244,547,7,6,3,2,4,60,418,0.7681538461538462,0.03339230769230769,0.8851384615384615,2233.686153846154,0.3076923076923077,0.4029230769230769,0.0,ces
CTX201750264,115,0,8,4,24,18,19,77,0.505875,0.0552125,0.80785,3117.4575,0.0,0.45535,0.0,ces
CTX201750290,93,3,38,20,24,47,98,426,0.5802,0.07956829268292684,0.8075146341463415,35122.23878048781,0.12195121951219512,0.3701780487804878,0.0,ces
CTX201750319,13,29,1,1,0,2,243,1556,0.8443533333333334,0.00634,0.9827333333333333,579.013,0.03333333333333333,0.40281333333333336,0.0,ces
CTX201750320,164,23,3,2,1,4,214,1284,0.8084576923076923,0.018003846153846155,0.9610653846153846,493.5884615384615,0.07692307692307693,0.38733076923076926,0.0,ces
CTX201750332,21,29,7,0,2,0,382,1879,0.7567555555555556,0.04090833333333334,0.9298555555555557,3527.7574999999997,0.3055555555555556,0.40066666666666667,0.0,ces
CTX201750341,19,28,8,8,1,2,175,1494,0.7807805555555556,0.03899444444444444,0.8936916666666667,891.0269444444444,0.0,0.3466027777777778,0.0,ces
CTX201750366,43,7,52,29,64,70,121,567,0.5825762711864407,0.04508474576271187,0.8051169491525424,9718.541355932202,0.0847457627118644,0.2792389830508475,0.06779661016949153,ces
