file,page_num,line_num,gold_categ,gold_source
CTX192400709,1,47,Noisy,issue30_508
CTX192500125,3,13,Noisy,issue30_508
CTX192500200,1,26,Trash,issue30_508
CTX192600298,1,6,Clear,issue30_508
CTX192600939,1,5,Noisy,issue30_508
CTX192601289,2,15,Trash,issue30_508
CTX192700082,1,1,Trash,issue30_508
CTX192700298,1,2,Clear,issue30_508
CTX192700584,12,2,Trash,issue30_508
CTX192700656,10,14,Clear,issue30_508
CTX192700799,5,33,Noisy,issue30_508
CTX192700894,2,3,Trash,issue30_508
CTX192800736,1,33,Noisy,issue30_508
CTX192801205,2,25,Trash,issue30_508
CTX192801205,2,56,Noisy,issue30_508
CTX192801375,1,64,Clear,issue30_508
CTX192801601,1,15,Trash,issue30_508
CTX192801607,3,31,Trash,issue30_508
CTX192801857,4,10,Noisy,issue30_508
CTX192900593,1,28,Clear,issue30_508
CTX192900633,6,8,Trash,issue30_508
CTX192901399,1,5,Clear,issue30_508
CTX192901424,1,55,Trash,issue30_508
CTX192901465,1,15,Clear,issue30_508
CTX192901547,4,30,Clear,issue30_508
CTX192901784,2,44,Noisy,issue30_508
CTX193001106,2,8,Trash,issue30_508
CTX193001573,1,31,Trash,issue30_508
CTX193100146,1,20,Noisy,issue30_508
CTX193200309,1,16,Trash,issue30_508
CTX193201748,2,6,Clear,issue30_508
CTX193201889,1,13,Trash,issue30_508
CTX193203011,1,10,Trash,issue30_508
CTX193301728,3,25,Clear,issue30_508
CTX193400165,1,20,Clear,issue30_508
CTX193400672,1,2,Trash,issue30_508
CTX193400735,1,41,Trash,issue30_508
CTX193501712,3,25,Trash,issue30_508
CTX193600298,12,5,Clear,issue30_508
CTX193600487,1,3,Trash,issue30_508
CTX193600857,15,40,Trash,issue30_508
CTX193601405,1,20,Noisy,issue30_508
CTX193601699A,6,28,Clear,issue30_508
CTX193601699A,12,45,Trash,issue30_508
CTX193601814,3,38,Noisy,issue30_508
CTX193602263,2,74,Clear,issue30_508
CTX193701938,1,5,Trash,issue30_508
CTX193701984,1,24,Clear,issue30_508
CTX193702477,54,10,Noisy,issue30_508
CTX193702492,1,26,Clear,issue30_508
CTX193800480A,5,30,Clear,issue30_508
CTX193801636,109,18,Trash,issue30_508
CTX193900184A,2,33,Noisy,issue30_508
CTX193902613,1,9,Trash,issue30_508
CTX193903510,1,4,Clear,issue30_508
CTX193903674,5,18,Noisy,issue30_508
CTX193903691,1,8,Trash,issue30_508
CTX194004518,1,3,Clear,issue30_508
CTX194004557,1,1,Clear,issue30_508
CTX194004924,1,1,Trash,issue30_508
CTX194102093,1,6,Noisy,issue30_508
CTX194105091,1,1,Trash,issue30_508
CTX194105995,1,21,Trash,issue30_508
CTX194500099,108,84,Clear,issue30_508
CTX194500590,6,3,Noisy,issue30_508
CTX194500657,96,19,Trash,issue30_508
CTX194502871,1,28,Clear,issue30_508
CTX194502993A,13,1,Clear,issue30_508
CTX194503132,1,51,Clear,issue30_508
CTX194600842,1,27,Noisy,issue30_508
CTX194603886,1,1,Clear,issue30_508
CTX194604088,1,1,Clear,issue30_508
CTX194604306,7,13,Clear,issue30_508
CTX194604306,18,7,Noisy,issue30_508
CTX194604309,42,5,Clear,issue30_508
CTX194604313,66,25,Clear,issue30_508
CTX194604320,26,1,Clear,issue30_508
CTX194604320A,21,7,Noisy,issue30_508
CTX194604327,20,105,Trash,issue30_508
CTX194607858,66,2,Noisy,issue30_508
CTX194702131,14,12,Noisy,issue30_508
CTX194707362,5,26,Clear,issue30_508
CTX194707364A,31,45,Clear,issue30_508
CTX194707430,1,1,Clear,issue30_508
CTX194802267,12,9,Clear,issue30_508
CTX194802473,5,20,Noisy,issue30_508
CTX194902125,19,110,Clear,issue30_508
CTX194902125A,50,83,Clear,issue30_508
CTX195007020,1,10,Clear,issue30_508
CTX195007980,1,17,Noisy,issue30_508
CTX195105266,23,1,Noisy,issue30_508
CTX195105376,1,21,Clear,issue30_508
CTX195105604,14,120,Clear,issue30_508
CTX195105615,3,33,Clear,issue30_508
CTX195200220,9,1,Clear,issue30_508
CTX195200353,1,26,Clear,issue30_508
CTX195200398,2,74,Noisy,issue30_508
CTX195200741B,8,3,Clear,issue30_508
CTX195200913,23,9,Trash,issue30_508
CTX195202308,4,32,Noisy,issue30_508
CTX195204553,1,11,Clear,issue30_508
CTX195205289,44,11,Clear,issue30_508
CTX195205727,2,32,Clear,issue30_508
CTX195205739,5,30,Noisy,issue30_508
CTX195300337,83,4,Clear,issue30_508
CTX195300575,1,5,Clear,issue30_508
CTX195300662,9,31,Clear,issue30_508
CTX195301436,7,7,Clear,issue30_508
CTX195302423,12,15,Clear,issue30_508
CTX195304432,10,13,Clear,issue30_508
CTX195305014,1,18,Clear,issue30_508
CTX195305190,2,16,Trash,issue30_508
CTX195400059B,40,1,Clear,issue30_508
CTX195603573,23,35,Clear,issue30_508
CTX195701309,1,11,Clear,issue30_508
CTX195703513,1,17,Trash,issue30_508
CTX195705013,38,85,Clear,issue30_508
CTX195800282,6,48,Clear,issue30_508
CTX195800740,9,18,Clear,issue30_508
CTX195805553,13,10,Clear,issue30_508
CTX196001290,247,28,Clear,issue30_508
CTX196005518,74,269,Noisy,issue30_508
CTX196006152,24,25,Clear,issue30_508
CTX196006406B,5,142,Clear,issue30_508
CTX196100550A,101,20,Clear,issue30_508
CTX196102007,1,9,Noisy,issue30_508
CTX196106505A,125,5,Noisy,issue30_508
CTX196106632,5,29,Clear,issue30_508
CTX196106883,1,19,Noisy,issue30_508
CTX196203350A,11,5,Clear,issue30_508
CTX196206370,1,12,Noisy,issue30_508
CTX196206485,1,17,Clear,issue30_508
CTX196303026,1,17,Noisy,issue30_508
CTX196303082,132,88,Clear,issue30_508
CTX196305302,1,17,Clear,issue30_508
CTX196407149,18,26,Clear,issue30_508
CTX196407192,71,312,Trash,issue30_508
CTX196507610,2,59,Clear,issue30_508
CTX196703423D,19,21,Clear,issue30_508
CTX196705420C,42,65,Clear,issue30_508
CTX196706164,130,69,Trash,issue30_508
CTX196706503A,70,15,Clear,issue30_508
CTX196805740,43,125,Clear,issue30_508
CTX196805840A,67,68,Trash,issue30_508
CTX196806061G,40,50,Clear,issue30_508
CTX196900060B,42,301,Noisy,issue30_508
CTX196901194,11,9,Clear,issue30_508
CTX196901691,55,221,Clear,issue30_508
CTX196902446,70,14,Clear,issue30_508
CTX196905372,14,44,Clear,issue30_508
CTX197004816A,106,3,Noisy,issue30_508
CTX197006009B,41,1,Noisy,issue30_508
CTX197006330,24,82,Clear,issue30_508
CTX197102582,5,4,Clear,issue30_508
CTX197106439A,18,23,Clear,issue30_508
CTX197106489C,10,14,Trash,issue30_508
CTX197106489D,9,22,Noisy,issue30_508
CTX197203534,252,38,Trash,issue30_508
CTX197205186,145,44,Noisy,issue30_508
CTX197206113D,2,14,Noisy,issue30_508
CTX197207080,1,31,Clear,issue30_508
CTX197305366,1,36,Clear,issue30_508
CTX197305833,31,40,Clear,issue30_508
CTX197305835,23,26,Clear,issue30_508
CTX197305844,15,9,Clear,issue30_508
CTX197305852,7,14,Clear,issue30_508
CTX197306342,9,1,Clear,issue30_508
CTX197306343,1,1,Clear,issue30_508
CTX197306914,4,8,Clear,issue30_508
CTX197306939,41,4,Clear,issue30_508
CTX197306955,1,14,Clear,issue30_508
CTX197307656,1,17,Clear,issue30_508
CTX197401664,21,16,Clear,issue30_508
CTX197401672,39,23,Clear,issue30_508
CTX197401711,3,7,Noisy,issue30_508
CTX197401739,35,4,Noisy,issue30_508
CTX197403180,2,2,Clear,issue30_508
CTX197408817,161,48,Trash,issue30_508
CTX197601517,149,16,Trash,issue30_508
CTX197606874,2,5,Clear,issue30_508
CTX197606883,54,8,Clear,issue30_508
CTX197704241A,9,18,Clear,issue30_508
CTX198001657,86,4,Clear,issue30_508
CTX198002083,75,54,Clear,issue30_508
CTX198002086,43,47,Noisy,issue30_508
CTX198002476,17,26,Clear,issue30_508
CTX198005658,1,88,Trash,issue30_508
CTX198007229B,41,16,Clear,issue30_508
CTX198101373,20,3,Clear,issue30_508
CTX198101541,37,103,Noisy,issue30_508
CTX198101625,56,222,Noisy,issue30_508
CTX198102227,22,161,Trash,issue30_508
CTX198105374,177,1554,Trash,issue30_508
CTX198203963,1,4,Clear,issue30_508
CTX198302416,94,51,Clear,issue30_508
CTX198303365,4,138,Trash,issue30_508
CTX198400868,3,22,Trash,issue30_508
CTX198401467,33,92,Clear,issue30_508
CTX198401467A,5,111,Trash,issue30_508
CTX198401467A,26,22,Clear,issue30_508
CTX198401467A,184,42,Clear,issue30_508
CTX198402049,3,10,Clear,issue30_508
CTX198500392,1,31,Noisy,issue30_508
CTX198503643,40,8,Noisy,issue30_508
CTX198504350,1,14,Noisy,issue30_508
CTX198602033,6,38,Noisy,issue30_508
CTX198802097,85,74,Noisy,issue30_508
CTX198802104,114,20,Trash,issue30_508
CTX198802104,137,39,Trash,issue30_508
CTX198802104B,103,19,Clear,issue30_508
CTX198802580,43,16,Noisy,issue30_508
CTX198900368,17,24,Clear,issue30_508
CTX198901592,445,42,Clear,issue30_508
CTX198903723,35,28,Clear,issue30_508
CTX199000110,7,21,Noisy,issue30_508
CTX199002218,1,15,Trash,issue30_508
CTX199003028B,36,44,Clear,issue30_508
CTX199003588,37,74,Clear,issue30_508
CTX199004124,39,225,Clear,issue30_508
CTX199004411,34,86,Clear,issue30_508
CTX199100776,1,58,Trash,issue30_508
CTX199103314A,25,2,Trash,issue30_508
CTX199103913J,2,34,Clear,issue30_508
CTX199104170C,66,36,Clear,issue30_508
CTX199104194,2,16,Clear,issue30_508
CTX199202791,25,206,Trash,issue30_508
CTX199203991B,9,11,Clear,issue30_508
CTX199204163,4,25,Trash,issue30_508
CTX199401824,1,57,Clear,issue30_508
CTX199401929,56,34,Clear,issue30_508
CTX199601555C,34,70,Clear,issue30_508
CTX199605570,20,89,Clear,issue30_508
CTX199605693,157,99,Trash,issue30_508
CTX199605695,78,53,Clear,issue30_508
CTX199706786,27,237,Noisy,issue30_508
CTX199801820,13,284,Clear,issue30_508
CTX199803815H,41,7,Trash,issue30_508
CTX199805488,16,50,Clear,issue30_508
CTX199902783,5,71,Noisy,issue30_508
CTX199904249,451,19,Clear,issue30_508
CTX199906400,38,4,Clear,issue30_508
CTX200008592,16,42,Trash,issue30_508
CTX200009186,58,117,Noisy,issue30_508
CTX200104176,6,171,Clear,issue30_508
CTX200201809D,659,91,Clear,issue30_508
CTX200501000,492,95,Clear,issue30_508
CTX200501000,689,72,Clear,issue30_508
CTX200508902,8,154,Clear,issue30_508
CTX200604082,4,92,Trash,issue30_508
CTX200702273,96,20,Trash,issue30_508
CTX200710049,246,82,Clear,issue30_508
CTX200710049,486,40,Clear,issue30_508
CTX200712183,3,82,Clear,issue30_508
CTX200712583,96,17,Clear,issue30_508
CTX200808540A,354,17,Clear,issue30_508
CTX200812710,76,243,Clear,issue30_508
CTX200908088A,108,97,Clear,issue30_508
CTX201001901,1431,46,Clear,issue30_508
CTX201101043,12,81,Clear,issue30_508
CTX201103652,63,340,Clear,issue30_508
CTX201302748,16,273,Noisy,issue30_508
CTX201303020,523,274,Clear,issue30_508
CTX201405865A,349,30,Trash,issue30_508
CTX201601552,23,21,Clear,issue30_508
CTX201604006,984,332,Clear,issue30_508
CTX201703691,149,287,Trash,issue30_508
CTX201750130B,75,53,Noisy,issue30_508
CTX202250021,11,186,Clear,issue30_508
CTX202250021,15,196,Clear,issue30_508
CTX202250021,33,180,Clear,issue30_508
CTX202250022,3,268,Clear,issue30_508
CTX202250022,15,211,Clear,issue30_508
CTX202250022,39,86,Clear,issue30_508
CTX202250022,48,98,Clear,issue30_508
CTX202250022,61,86,Clear,issue30_508
CTX202250027,5,136,Clear,issue30_508
CTX202250027,7,18,Clear,issue30_508
CTX202250027,11,130,Clear,issue30_508
MTX194501138,1,2,Clear,issue30_508
MTX194600452,1,11,Clear,issue30_508
MTX194600465,1,12,Clear,issue30_508
MTX194600879,1,1,Clear,issue30_508
MTX194601590,1,8,Clear,issue30_508
MTX194601850,1,9,Clear,issue30_508
MTX194602208,1,3,Noisy,issue30_508
MTX194602429,6,28,Trash,issue30_508
MTX194700118,1,4,Noisy,issue30_508
MTX194700282,1,7,Clear,issue30_508
MTX194700329,1,9,Clear,issue30_508
MTX194700404,1,7,Trash,issue30_508
MTX194700464,1,6,Noisy,issue30_508
MTX194700591,12,18,Clear,issue30_508
MTX194700591,18,4,Noisy,issue30_508
MTX194700592,36,8,Clear,issue30_508
MTX194701271,4,14,Clear,issue30_508
MTX194701276,1,15,Clear,issue30_508
MTX194701732,1,9,Clear,issue30_508
MTX194701949,8,6,Noisy,issue30_508
MTX194800308,1,2,Noisy,issue30_508
MTX194800440,1,19,Noisy,issue30_508
MTX194800717,4,12,Noisy,issue30_508
MTX194800761,1,34,Clear,issue30_508
MTX194800922,3,19,Clear,issue30_508
MTX194800939,2,40,Clear,issue30_508
MTX194801331,7,10,Clear,issue30_508
MTX195000372,8,54,Clear,issue30_508
MTX195000372,17,38,Clear,issue30_508
MTX195000570,2,36,Clear,issue30_508
MTX195000577,3,30,Clear,issue30_508
MTX195000583,4,54,Clear,issue30_508
MTX195000830,5,2,Clear,issue30_508
MTX195100544,65,34,Clear,issue30_508
MTX195101084,1,15,Trash,issue30_508
MTX195200746,4,15,Clear,issue30_508
MTX195201785,22,24,Trash,issue30_508
MTX195202711,1,8,Clear,issue30_508
MTX195202711,1,10,Trash,issue30_508
MTX195203163,2,25,Noisy,issue30_508
MTX195203199,5,616,Trash,issue30_508
MTX195400366b,117,25,Noisy,issue30_508
MTX195400366b,129,53,Trash,issue30_508
MTX195401664,193,62,Trash,issue30_508
MTX195401664,201,103,Noisy,issue30_508
MTX195500739,75,1,Trash,issue30_508
MTX195701477,1,1,Noisy,issue30_508
MTX195702043,3,2,Clear,issue30_508
MTX195702072,4,18,Clear,issue30_508
MTX195902000,1,38,Noisy,issue30_508
MTX195902428,9,76,Clear,issue30_508
MTX195903213,13,7,Clear,issue30_508
MTX196002366,1,4,Trash,issue30_508
MTX196002972,44,15,Clear,issue30_508
MTX196101301,119,16,Clear,issue30_508
MTX196202246,49,11,Noisy,issue30_508
MTX196202246,51,2,Noisy,issue30_508
MTX196202246,66,8,Noisy,issue30_508
MTX196202246,112,17,Noisy,issue30_508
MTX196202246,114,8,Noisy,issue30_508
MTX196202246a,88,12,Noisy,issue30_508
MTX196202246a,231,19,Clear,issue30_508
MTX196202246a,234,2,Clear,issue30_508
MTX196202246a,288,10,Clear,issue30_508
MTX196202246a,324,45,Clear,issue30_508
MTX196202246a,338,9,Clear,issue30_508
MTX196400279,76,22,Clear,issue30_508
MTX196400279,159,98,Trash,issue30_508
MTX196402459,118,216,Trash,issue30_508
MTX196501592,17,17,Clear,issue30_508
MTX196501592,54,32,Clear,issue30_508
MTX196501592,77,11,Clear,issue30_508
MTX196501592,111,35,Clear,issue30_508
MTX196501592,137,20,Noisy,issue30_508
MTX196700481,17,20,Trash,issue30_508
MTX196700482,26,6,Clear,issue30_508
MTX196700483,52,30,Clear,issue30_508
MTX196801762,23,12,Clear,issue30_508
MTX196900057,124,17,Clear,issue30_508
MTX196900057,125,74,Clear,issue30_508
MTX196901874,1,1,Noisy,issue30_508
MTX196902800,10,85,Clear,issue30_508
MTX196902800,374,4,Clear,issue30_508
MTX197003041,9,36,Noisy,issue30_508
MTX197101517,83,6,Noisy,issue30_508
MTX197101543a,56,1,Clear,issue30_508
MTX197102219,64,77,Clear,issue30_508
MTX197200722,43,105,Trash,issue30_508
MTX197201929,28,22,Clear,issue30_508
MTX197201929,48,88,Noisy,issue30_508
MTX197202075,2,16,Trash,issue30_508
MTX197202075,8,81,Clear,issue30_508
MTX197202075,33,127,Noisy,issue30_508
MTX197202075,37,144,Clear,issue30_508
MTX197202075,474,1,Noisy,issue30_508
MTX197202075a,120,15,Noisy,issue30_508
MTX197202075a,282,9,Clear,issue30_508
MTX197400069,405,68,Clear,issue30_508
MTX197400069,1102,37,Noisy,issue30_508
MTX197600791,1,1,Trash,issue30_508
MTX197701980,12,59,Clear,issue30_508
MTX197701982,51,3,Clear,issue30_508
MTX197801893,4,688,Clear,issue30_508
MTX197801896,216,143,Trash,issue30_508
MTX197801896,438,22,Clear,issue30_508
MTX197801896,548,13,Clear,issue30_508
MTX197801896,609,25,Clear,issue30_508
MTX197900647,156,27,Clear,issue30_508
MTX197902086,159,11,Clear,issue30_508
MTX197902086,159,65,Clear,issue30_508
MTX197902086,161,74,Clear,issue30_508
MTX197902086,165,127,Clear,issue30_508
MTX197902086,167,37,Clear,issue30_508
MTX197902086,170,64,Clear,issue30_508
MTX197902086,187,95,Clear,issue30_508
MTX197902086,190,87,Clear,issue30_508
MTX197902086,190,139,Clear,issue30_508
MTX197902088,6,123,Noisy,issue30_508
MTX198000272,76,39,Clear,issue30_508
MTX198000485,10,399,Clear,issue30_508
MTX198000485,18,562,Clear,issue30_508
MTX198000485,29,471,Trash,issue30_508
MTX198000485,33,703,Trash,issue30_508
MTX198000485,42,419,Trash,issue30_508
MTX198101596,478,7,Clear,issue30_508
MTX198101596,567,32,Clear,issue30_508
MTX198200329,65,21,Clear,issue30_508
MTX198200361,25,7,Clear,issue30_508
MTX198300601,20,20,Trash,issue30_508
MTX198301331,66,110,Trash,issue30_508
MTX198500315,1,19,Noisy,issue30_508
MTX198500694,17,47,Clear,issue30_508
MTX198501581,19,11,Clear,issue30_508
MTX198501581,112,92,Trash,issue30_508
MTX198501582a,6,6,Clear,issue30_508
MTX198501585,42,362,Clear,issue30_508
MTX198700168,17,20,Clear,issue30_508
MTX198700168,33,19,Clear,issue30_508
MTX198700168,82,62,Clear,issue30_508
MTX198701325,249,36,Clear,issue30_508
MTX198701691,11,123,Clear,issue30_508
MTX198701691,17,119,Clear,issue30_508
MTX198701716,3,133,Trash,issue30_508
MTX198701716,3,848,Trash,issue30_508
MTX198701902,48,48,Clear,issue30_508
MTX198800613,22,100,Clear,issue30_508
MTX198801252,2,44,Clear,issue30_508
MTX198801711,2,3,Clear,issue30_508
MTX198901697,1,24,Clear,issue30_508
MTX199000929,105,8,Clear,issue30_508
MTX199000929,119,30,Noisy,issue30_508
MTX199100456,2,10,Clear,issue30_508
MTX199100877a,42,1,Clear,issue30_508
MTX199100877c,114,24,Clear,issue30_508
MTX199200365,9,17,Clear,issue30_508
MTX199200993,8,49,Clear,issue30_508
MTX199201477,17,81,Trash,issue30_508
MTX199201519,76,20,Clear,issue30_508
MTX199300031,66,17,Noisy,issue30_508
MTX199300194,1,61,Clear,issue30_508
MTX199400046,8,15,Clear,issue30_508
MTX199400487,34,64,Clear,issue30_508
MTX199400522,106,21,Clear,issue30_508
MTX199400534,55,109,Clear,issue30_508
MTX199500822,87,108,Clear,issue30_508
MTX199500971,1,56,Trash,issue30_508
MTX199700293,1,38,Trash,issue30_508
MTX199700362,1,45,Noisy,issue30_508
MTX199700375,4,22,Trash,issue30_508
MTX199700630,15,15,Clear,issue30_508
MTX199800024,10,79,Trash,issue30_508
MTX199800027,4,71,Noisy,issue30_508
MTX199800272,4,18,Noisy,issue30_508
MTX199800315,1,18,Trash,issue30_508
MTX199800534,9,125,Clear,issue30_508
MTX199800534,11,41,Noisy,issue30_508
MTX199801053,6,32,Clear,issue30_508
MTX199801395,20,201,Clear,issue30_508
MTX199900301,84,52,Clear,issue30_508
MTX199900306,4,29,Clear,issue30_508
MTX199900639,12,43,Clear,issue30_508
MTX199901140,48,36,Trash,issue30_508
MTX200100610,8,263,Clear,issue30_508
MTX200100936,17,1,Clear,issue30_508
MTX200201272,58,10,Trash,issue30_508
MTX200300587,1517,7,Clear,issue30_508
MTX200400401,22,29,Trash,issue30_508
MTX200400822,1,10,Noisy,issue30_508
MTX200500295,47,354,Clear,issue30_508
MTX200600096c,132,40,Clear,issue30_508
MTX200702625,79,23,Clear,issue30_508
MTX200801102a,123,149,Clear,issue30_508
MTX200901944,142,3,Clear,issue30_508
MTX200906590,2,13,Noisy,issue30_508
MTX201001397,55,181,Clear,issue30_508
MTX201100792,1,13,Clear,issue30_508
MTX201200948,1,8,Trash,issue30_508
MTX201303313,47,448,Clear,issue30_508
MTX201602703,17,13,Clear,issue30_508
MTX201604986,308,132,Clear,issue30_508
MTX201700492,1333,75,Clear,issue30_508
MTX201700714,15,55,Clear,issue30_508
MTX201701005,94,21,Clear,issue30_508
MTX201701422,6,75,Clear,issue30_508
MTX201701635,7,13,Noisy,issue30_508
MTX201800036,33,8,Clear,issue30_508
MTX202000003,21,19,Clear,issue30_508
MTX202000157,81,195,Noisy,issue30_508
MTX202000232,114,23,Clear,issue30_508
MTX202100659,35,213,Clear,issue30_508
MTX202110015,6,13,Clear,issue30_508
MTX202300465,431,40,Trash,issue30_508
MTX202300606,38,128,Noisy,issue30_508
MTX202300696C,502,41,Clear,issue30_508
MTX202300696C,502,89,Clear,issue30_508
MTX202300699B,35,374,Clear,issue30_508
MTX202300699B,54,178,Clear,issue30_508
MTX202310870,3,50,Trash,issue30_508
P009_00015,2,30,Noisy,issue30_508
P009_00024,17,30,Clear,issue30_508
P027_00001_004,37,29,Clear,issue30_508
P027_00001_004,90,15,Clear,issue30_508
P027_00001_005,86,55,Clear,issue30_508
P027_00009_003,263,29,Clear,issue30_508
P027_00009_003,286,22,Clear,issue30_508
P028_00012,29,44,Trash,issue30_508
P028_00020_003,2,75,Trash,issue30_508
P043_00002_007,9,43,Trash,issue30_508
P043_00002_016,75,16,Trash,issue30_508
P043_00005_001,23,3,Clear,issue30_508
CTX195603828,1,1,Clear,calibration_1567
CTX195603828,1,2,Clear,calibration_1567
CTX195603828,1,3,Clear,calibration_1567
CTX195603828,1,4,Clear,calibration_1567
CTX195603828,1,5,Empty,calibration_1567
CTX195603828,1,6,Noisy,calibration_1567
CTX195603828,1,7,Noisy,calibration_1567
CTX195603828,1,8,Clear,calibration_1567
CTX195603828,1,9,Empty,calibration_1567
CTX195603828,1,10,Clear,calibration_1567
CTX195603828,1,11,Clear,calibration_1567
CTX195603828,1,12,Clear,calibration_1567
CTX195603828,1,13,Clear,calibration_1567
CTX195603828,1,14,Clear,calibration_1567
CTX195603828,1,15,Clear,calibration_1567
CTX195603828,1,16,Clear,calibration_1567
CTX195603828,1,17,Empty,calibration_1567
CTX195603828,1,18,Clear,calibration_1567
CTX195603828,1,19,Clear,calibration_1567
CTX195603828,1,20,Clear,calibration_1567
CTX195603828,1,21,Clear,calibration_1567
CTX195603828,1,22,Clear,calibration_1567
CTX195603828,1,23,Clear,calibration_1567
CTX195603828,1,24,Noisy,calibration_1567
CTX195603828,1,25,Clear,calibration_1567
CTX195603828,1,26,Clear,calibration_1567
CTX195603828,1,27,Clear,calibration_1567
CTX195603828,1,28,Clear,calibration_1567
CTX195603828,1,29,Clear,calibration_1567
CTX195603828,1,30,Clear,calibration_1567
CTX195603828,1,31,Clear,calibration_1567
CTX195603828,1,32,Clear,calibration_1567
CTX195603828,1,33,Clear,calibration_1567
CTX195603828,1,34,Clear,calibration_1567
CTX195603828,1,35,Clear,calibration_1567
CTX195603828,1,36,Clear,calibration_1567
CTX195603828,2,1,Clear,calibration_1567
CTX195603828,2,2,Clear,calibration_1567
CTX195603828,2,3,Clear,calibration_1567
CTX195603828,2,4,Clear,calibration_1567
CTX195603828,2,5,Clear,calibration_1567
CTX195603828,2,6,Empty,calibration_1567
CTX195603828,2,7,Clear,calibration_1567
CTX195603828,2,8,Clear,calibration_1567
CTX195704328,1,1,Noisy,calibration_1567
CTX195704328,1,2,Clear,calibration_1567
CTX195704328,1,3,Clear,calibration_1567
CTX195704328,1,4,Empty,calibration_1567
CTX195704328,1,5,Trash,calibration_1567
CTX195704328,1,6,Clear,calibration_1567
CTX195704328,1,7,Empty,calibration_1567
CTX195704328,1,9,Empty,calibration_1567
CTX195704328,1,10,Trash,calibration_1567
CTX195704328,1,11,Clear,calibration_1567
CTX195704328,1,12,Clear,calibration_1567
CTX195704328,1,13,Noisy,calibration_1567
CTX195704328,1,14,Noisy,calibration_1567
CTX195704328,1,15,Empty,calibration_1567
CTX195704328,1,16,Clear,calibration_1567
CTX195704328,1,17,Noisy,calibration_1567
CTX195704328,1,18,Clear,calibration_1567
CTX195704328,1,19,Clear,calibration_1567
CTX195704328,1,20,Clear,calibration_1567
CTX195704328,1,21,Clear,calibration_1567
CTX195704328,1,22,Clear,calibration_1567
CTX195704328,1,23,Clear,calibration_1567
CTX195704328,1,24,Clear,calibration_1567
CTX195704328,1,25,Clear,calibration_1567
CTX195704328,1,26,Empty,calibration_1567
CTX195704328,1,27,Clear,calibration_1567
CTX195704328,1,28,Clear,calibration_1567
CTX195704328,1,29,Clear,calibration_1567
CTX195704328,1,30,Clear,calibration_1567
CTX195704328,1,31,Clear,calibration_1567
CTX195704328,1,32,Clear,calibration_1567
CTX195704328,1,33,Clear,calibration_1567
CTX195704328,1,34,Clear,calibration_1567
CTX195704328,1,35,Clear,calibration_1567
CTX195704328,1,36,Noisy,calibration_1567
CTX195704328,1,37,Clear,calibration_1567
CTX195704328,1,38,Noisy,calibration_1567
CTX195704328,1,39,Clear,calibration_1567
CTX195704328,1,40,Clear,calibration_1567
CTX195704328,1,41,Trash,calibration_1567
CTX195704328,1,42,Clear,calibration_1567
CTX195704328,1,43,Clear,calibration_1567
CTX195704328,1,44,Noisy,calibration_1567
CTX195704328,1,45,Noisy,calibration_1567
CTX195704328,1,46,Noisy,calibration_1567
CTX195704328,2,1,Clear,calibration_1567
CTX195704328,2,2,Empty,calibration_1567
CTX195704328,2,3,Clear,calibration_1567
CTX195704328,2,4,Clear,calibration_1567
CTX196006127,1,1,Clear,calibration_1567
CTX196006127,1,2,Clear,calibration_1567
CTX196006127,1,3,Empty,calibration_1567
CTX196006127,1,4,Clear,calibration_1567
CTX196006127,1,5,Noisy,calibration_1567
CTX196006127,1,6,Noisy,calibration_1567
CTX196006127,1,7,Empty,calibration_1567
CTX196006127,1,9,Noisy,calibration_1567
CTX196006127,1,10,Empty,calibration_1567
CTX196006127,1,11,Clear,calibration_1567
CTX196006127,1,12,Empty,calibration_1567
CTX196006127,1,13,Clear,calibration_1567
CTX196006127,1,14,Clear,calibration_1567
CTX196006127,1,15,Empty,calibration_1567
CTX196006127,1,16,Noisy,calibration_1567
CTX196006127,1,17,Noisy,calibration_1567
CTX196006127,1,18,Clear,calibration_1567
CTX196006127,1,19,Clear,calibration_1567
CTX196006127,1,20,Clear,calibration_1567
CTX196006127,1,21,Clear,calibration_1567
CTX196006127,1,22,Noisy,calibration_1567
CTX196006127,1,23,Trash,calibration_1567
CTX196006127,1,24,Empty,calibration_1567
CTX196006127,1,25,Clear,calibration_1567
CTX196006127,1,26,Clear,calibration_1567
CTX196006127,1,27,Clear,calibration_1567
CTX196006127,1,28,Noisy,calibration_1567
CTX196006127,1,29,Noisy,calibration_1567
CTX196006127,1,30,Empty,calibration_1567
CTX196006127,1,31,Clear,calibration_1567
CTX196006127,1,32,Noisy,calibration_1567
CTX196006127,1,33,Empty,calibration_1567
CTX196006127,1,34,Clear,calibration_1567
CTX196006127,1,35,Trash,calibration_1567
CTX196006127,1,36,Empty,calibration_1567
CTX196006127,1,38,Noisy,calibration_1567
CTX196006127,1,39,Noisy,calibration_1567
CTX196006127,1,40,Noisy,calibration_1567
CTX196006127,1,43,Trash,calibration_1567
CTX196006127,1,44,Noisy,calibration_1567
CTX196006127,1,45,Noisy,calibration_1567
CTX196006127,1,46,Noisy,calibration_1567
CTX196006127,1,47,Noisy,calibration_1567
CTX196006127,1,48,Noisy,calibration_1567
CTX196006127,1,49,Noisy,calibration_1567
CTX196006127,1,50,Noisy,calibration_1567
CTX196006127,1,51,Clear,calibration_1567
CTX196006127,1,52,Noisy,calibration_1567
CTX196006127,1,54,Noisy,calibration_1567
CTX196006127,1,56,Noisy,calibration_1567
CTX196006127,1,58,Trash,calibration_1567
CTX196300443,1,1,Noisy,calibration_1567
CTX196300443,1,2,Noisy,calibration_1567
CTX196300443,1,3,Noisy,calibration_1567
CTX196300443,1,4,Clear,calibration_1567
CTX196300443,1,5,Empty,calibration_1567
CTX196300443,1,6,Trash,calibration_1567
CTX196300443,1,7,Trash,calibration_1567
CTX196300443,1,9,Trash,calibration_1567
CTX196300443,1,10,Clear,calibration_1567
CTX196300443,1,11,Clear,calibration_1567
CTX196300443,1,12,Clear,calibration_1567
CTX196300443,1,13,Noisy,calibration_1567
CTX196300443,1,14,Clear,calibration_1567
CTX196300443,1,15,Clear,calibration_1567
CTX196300443,1,16,Clear,calibration_1567
CTX196300443,1,17,Noisy,calibration_1567
CTX196300443,1,18,Clear,calibration_1567
CTX196300443,1,19,Noisy,calibration_1567
CTX196300443,1,20,Clear,calibration_1567
CTX196300443,1,21,Noisy,calibration_1567
CTX196300443,1,22,Clear,calibration_1567
CTX196300443,1,23,Clear,calibration_1567
CTX196300443,1,24,Clear,calibration_1567
CTX196300443,1,25,Clear,calibration_1567
CTX196300443,1,26,Clear,calibration_1567
CTX196300443,1,27,Clear,calibration_1567
CTX196300443,1,28,Noisy,calibration_1567
CTX196300443,1,29,Noisy,calibration_1567
CTX196300443,1,30,Noisy,calibration_1567
CTX196300443,1,31,Noisy,calibration_1567
CTX196300443,1,32,Noisy,calibration_1567
CTX196300443,1,33,Noisy,calibration_1567
CTX196300443,1,34,Noisy,calibration_1567
CTX196300443,1,35,Clear,calibration_1567
CTX196300443,1,36,Clear,calibration_1567
CTX196300443,1,37,Clear,calibration_1567
CTX196300443,1,38,Noisy,calibration_1567
CTX196300443,1,39,Clear,calibration_1567
CTX196300443,1,40,Clear,calibration_1567
CTX196300443,2,1,Trash,calibration_1567
CTX197402444,1,1,Noisy,calibration_1567
CTX197402444,1,2,Clear,calibration_1567
CTX197402444,1,3,Clear,calibration_1567
CTX197402444,1,4,Clear,calibration_1567
CTX197402444,1,5,Clear,calibration_1567
CTX197402444,1,6,Empty,calibration_1567
CTX197402444,1,7,Clear,calibration_1567
CTX197402444,1,8,Clear,calibration_1567
CTX197402444,1,9,Clear,calibration_1567
CTX197402444,1,10,Empty,calibration_1567
CTX197402444,1,11,Noisy,calibration_1567
CTX197402444,1,12,Noisy,calibration_1567
CTX197402444,1,13,Noisy,calibration_1567
CTX197402444,1,14,Clear,calibration_1567
CTX197402444,1,15,Empty,calibration_1567
CTX197402444,1,16,Clear,calibration_1567
CTX197402444,1,17,Clear,calibration_1567
CTX197402444,1,18,Noisy,calibration_1567
CTX197402444,1,19,Empty,calibration_1567
CTX197402444,1,20,Noisy,calibration_1567
CTX197402444,1,21,Clear,calibration_1567
CTX197402444,1,22,Clear,calibration_1567
CTX197402444,1,23,Clear,calibration_1567
CTX197402444,1,24,Clear,calibration_1567
CTX197402444,1,25,Clear,calibration_1567
CTX197402444,1,26,Clear,calibration_1567
CTX197402444,1,27,Noisy,calibration_1567
CTX197402444,1,28,Clear,calibration_1567
CTX197402444,1,29,Clear,calibration_1567
CTX197402444,1,30,Empty,calibration_1567
CTX197402444,1,31,Clear,calibration_1567
CTX197402444,1,32,Clear,calibration_1567
CTX197402444,1,33,Empty,calibration_1567
CTX197402444,1,34,Noisy,calibration_1567
CTX197402444,1,35,Noisy,calibration_1567
CTX197402444,1,36,Clear,calibration_1567
CTX197402444,1,37,Clear,calibration_1567
CTX197402444,1,38,Clear,calibration_1567
CTX197402444,1,39,Clear,calibration_1567
CTX197402444,1,40,Clear,calibration_1567
CTX197402444,1,41,Empty,calibration_1567
CTX197402444,1,42,Noisy,calibration_1567
CTX197402444,1,43,Noisy,calibration_1567
CTX197402444,1,44,Noisy,calibration_1567
CTX197402444,1,45,Clear,calibration_1567
CTX197402444,1,46,Clear,calibration_1567
CTX197402444,1,47,Clear,calibration_1567
CTX197402444,1,48,Noisy,calibration_1567
CTX197402444,1,49,Clear,calibration_1567
CTX197402444,1,50,Noisy,calibration_1567
CTX197402444,1,51,Trash,calibration_1567
CTX197402444,1,52,Trash,calibration_1567
CTX197402444,1,53,Empty,calibration_1567
CTX197402444,1,54,Trash,calibration_1567
CTX197901442,1,1,Clear,calibration_1567
CTX197901442,1,2,Clear,calibration_1567
CTX197901442,1,4,Noisy,calibration_1567
CTX197901442,1,6,Clear,calibration_1567
CTX197901442,1,7,Empty,calibration_1567
CTX197901442,1,8,Clear,calibration_1567
CTX197901442,1,9,Clear,calibration_1567
CTX197901442,1,10,Clear,calibration_1567
CTX197901442,1,11,Clear,calibration_1567
CTX197901442,1,12,Clear,calibration_1567
CTX197901442,1,13,Empty,calibration_1567
CTX197901442,1,14,Clear,calibration_1567
CTX197901442,1,15,Noisy,calibration_1567
CTX197901442,1,16,Clear,calibration_1567
CTX197901442,1,17,Clear,calibration_1567
CTX197901442,1,18,Clear,calibration_1567
CTX197901442,1,19,Clear,calibration_1567
CTX197901442,1,20,Clear,calibration_1567
CTX197901442,1,21,Clear,calibration_1567
CTX197901442,1,22,Clear,calibration_1567
CTX197901442,1,23,Non-text,calibration_1567
CTX197901442,1,24,Empty,calibration_1567
CTX197901442,1,25,Noisy,calibration_1567
CTX197901442,1,26,Clear,calibration_1567
CTX197901442,1,27,Clear,calibration_1567
CTX197901442,1,28,Clear,calibration_1567
CTX197901442,1,29,Clear,calibration_1567
CTX197901442,1,30,Empty,calibration_1567
CTX197901442,1,31,Trash,calibration_1567
CTX197901442,1,32,Trash,calibration_1567
CTX198402945,1,1,Clear,calibration_1567
CTX198402945,1,2,Trash,calibration_1567
CTX198402945,1,3,Clear,calibration_1567
CTX198402945,1,4,Clear,calibration_1567
CTX198402945,1,5,Clear,calibration_1567
CTX198402945,1,6,Empty,calibration_1567
CTX198402945,1,7,Noisy,calibration_1567
CTX198402945,1,8,Noisy,calibration_1567
CTX198402945,1,9,Empty,calibration_1567
CTX198402945,1,10,Clear,calibration_1567
CTX198402945,1,11,Empty,calibration_1567
CTX198402945,1,12,Noisy,calibration_1567
CTX198402945,1,13,Empty,calibration_1567
CTX198402945,1,14,Clear,calibration_1567
CTX198402945,1,15,Clear,calibration_1567
CTX198402945,1,16,Clear,calibration_1567
CTX198402945,1,17,Empty,calibration_1567
CTX198402945,1,18,Clear,calibration_1567
CTX198402945,1,19,Clear,calibration_1567
CTX198402945,1,20,Clear,calibration_1567
CTX198402945,1,21,Empty,calibration_1567
CTX198402945,1,22,Clear,calibration_1567
CTX198402945,1,23,Empty,calibration_1567
CTX198402945,1,24,Clear,calibration_1567
CTX198402945,1,25,Clear,calibration_1567
CTX198402945,1,26,Clear,calibration_1567
CTX198402945,1,27,Clear,calibration_1567
CTX198402945,1,28,Clear,calibration_1567
CTX198402945,1,29,Clear,calibration_1567
CTX198402945,1,30,Clear,calibration_1567
CTX198402945,1,31,Clear,calibration_1567
CTX198402945,1,32,Clear,calibration_1567
CTX198402945,1,33,Clear,calibration_1567
CTX198402945,1,34,Clear,calibration_1567
CTX198402945,1,35,Clear,calibration_1567
CTX198402945,1,36,Clear,calibration_1567
CTX198402945,1,37,Clear,calibration_1567
CTX198402945,1,38,Clear,calibration_1567
CTX198402945,1,39,Clear,calibration_1567
CTX198402945,1,40,Clear,calibration_1567
CTX198402945,1,41,Clear,calibration_1567
CTX198402945,1,42,Clear,calibration_1567
CTX198402945,1,43,Clear,calibration_1567
CTX198402945,1,44,Clear,calibration_1567
CTX198402945,1,45,Clear,calibration_1567
CTX198402945,1,46,Clear,calibration_1567
CTX198402945,1,47,Clear,calibration_1567
CTX198402945,1,48,Clear,calibration_1567
CTX198402945,1,49,Clear,calibration_1567
CTX198402945,1,50,Clear,calibration_1567
CTX198402945,1,51,Empty,calibration_1567
CTX198402945,1,52,Clear,calibration_1567
CTX198402945,1,53,Non-text,calibration_1567
CTX198402945,2,1,Clear,calibration_1567
CTX198402945,2,2,Clear,calibration_1567
CTX198402945,2,3,Clear,calibration_1567
CTX198402945,2,4,Clear,calibration_1567
CTX198402945,2,5,Clear,calibration_1567
CTX198402945,2,6,Clear,calibration_1567
CTX198402945,2,7,Clear,calibration_1567
CTX198402945,2,8,Clear,calibration_1567
CTX198402945,2,9,Clear,calibration_1567
CTX198402945,2,10,Noisy,calibration_1567
CTX198402945,2,11,Clear,calibration_1567
CTX198402945,2,12,Clear,calibration_1567
CTX198402945,2,13,Clear,calibration_1567
CTX198402945,2,14,Clear,calibration_1567
CTX198402945,2,15,Clear,calibration_1567
CTX198402945,2,16,Clear,calibration_1567
CTX198402945,2,17,Noisy,calibration_1567
CTX198402945,2,18,Noisy,calibration_1567
CTX198402945,2,19,Clear,calibration_1567
CTX198402945,2,20,Clear,calibration_1567
CTX198402945,2,21,Clear,calibration_1567
CTX198402945,2,22,Clear,calibration_1567
CTX198402945,2,23,Empty,calibration_1567
CTX198402945,2,24,Clear,calibration_1567
CTX198402945,2,25,Noisy,calibration_1567
CTX198603218,1,1,Clear,calibration_1567
CTX198603218,1,2,Clear,calibration_1567
CTX198603218,1,3,Clear,calibration_1567
CTX198603218,1,4,Clear,calibration_1567
CTX198603218,1,5,Clear,calibration_1567
CTX198603218,1,6,Clear,calibration_1567
CTX198603218,1,7,Clear,calibration_1567
CTX198603218,1,8,Clear,calibration_1567
CTX198603218,1,9,Clear,calibration_1567
CTX198603218,1,10,Clear,calibration_1567
CTX198603218,1,11,Clear,calibration_1567
CTX198603218,1,12,Clear,calibration_1567
CTX198603218,1,13,Clear,calibration_1567
CTX198603218,1,14,Clear,calibration_1567
CTX198603218,1,15,Clear,calibration_1567
CTX198603218,1,16,Clear,calibration_1567
CTX198603218,1,17,Clear,calibration_1567
CTX198603218,1,18,Clear,calibration_1567
CTX198603218,1,19,Clear,calibration_1567
CTX198603218,1,20,Clear,calibration_1567
CTX198603218,1,21,Clear,calibration_1567
CTX198603218,1,22,Clear,calibration_1567
CTX198603218,1,23,Clear,calibration_1567
CTX198603218,1,24,Empty,calibration_1567
CTX198603218,1,25,Noisy,calibration_1567
CTX199405706,1,2,Empty,calibration_1567
CTX199405706,1,3,Clear,calibration_1567
CTX199405706,1,4,Noisy,calibration_1567
CTX199405706,1,5,Noisy,calibration_1567
CTX199405706,1,6,Clear,calibration_1567
CTX199603106,1,1,Noisy,calibration_1567
CTX199603106,1,2,Empty,calibration_1567
CTX199603106,1,3,Clear,calibration_1567
CTX199603106,1,4,Clear,calibration_1567
CTX199603106,1,5,Empty,calibration_1567
CTX199603106,1,6,Noisy,calibration_1567
CTX199603106,1,7,Empty,calibration_1567
CTX199603106,1,8,Clear,calibration_1567
CTX199603106,1,9,Empty,calibration_1567
CTX199603106,1,10,Clear,calibration_1567
CTX199603106,1,11,Empty,calibration_1567
CTX199603106,1,12,Clear,calibration_1567
CTX199603106,1,13,Empty,calibration_1567
CTX199603106,1,14,Clear,calibration_1567
CTX199603106,1,15,Empty,calibration_1567
CTX199603106,1,16,Clear,calibration_1567
CTX199603106,1,17,Empty,calibration_1567
CTX199603106,1,18,Clear,calibration_1567
CTX199603106,1,19,Empty,calibration_1567
CTX199603106,1,20,Noisy,calibration_1567
CTX199603106,1,21,Empty,calibration_1567
CTX199603106,1,22,Clear,calibration_1567
CTX199603106,1,23,Empty,calibration_1567
CTX199603106,1,24,Clear,calibration_1567
CTX199603106,1,25,Clear,calibration_1567
CTX199603106,2,1,Clear,calibration_1567
CTX199603106,2,2,Empty,calibration_1567
CTX199603106,2,3,Clear,calibration_1567
CTX199603106,2,4,Clear,calibration_1567
CTX199603106,2,5,Clear,calibration_1567
CTX199603106,2,6,Noisy,calibration_1567
CTX199603106,2,7,Clear,calibration_1567
CTX199603106,2,8,Noisy,calibration_1567
CTX199603106,2,9,Clear,calibration_1567
CTX199603106,2,10,Clear,calibration_1567
CTX199603106,2,11,Clear,calibration_1567
CTX199603106,2,12,Empty,calibration_1567
CTX199603106,2,13,Clear,calibration_1567
CTX199603106,2,14,Empty,calibration_1567
CTX199603106,2,15,Clear,calibration_1567
CTX199603106,2,16,Clear,calibration_1567
CTX199603106,2,17,Clear,calibration_1567
CTX199603106,2,18,Clear,calibration_1567
CTX199603106,2,19,Clear,calibration_1567
CTX199603106,2,20,Clear,calibration_1567
CTX199603106,2,21,Clear,calibration_1567
CTX199603106,2,22,Clear,calibration_1567
CTX199603106,2,23,Clear,calibration_1567
CTX199603106,2,24,Clear,calibration_1567
CTX199603106,2,25,Clear,calibration_1567
CTX199603106,2,26,Clear,calibration_1567
CTX199603106,2,27,Clear,calibration_1567
CTX199603106,2,28,Empty,calibration_1567
CTX199603106,2,29,Clear,calibration_1567
CTX199603106,3,1,Clear,calibration_1567
CTX199603106,3,2,Clear,calibration_1567
CTX199603106,3,3,Noisy,calibration_1567
CTX199603106,3,4,Clear,calibration_1567
CTX199603106,3,5,Noisy,calibration_1567
CTX199603106,3,6,Clear,calibration_1567
CTX199603106,3,7,Clear,calibration_1567
CTX199603106,3,8,Clear,calibration_1567
CTX199603106,3,9,Clear,calibration_1567
CTX199603106,3,10,Noisy,calibration_1567
CTX199603106,3,11,Clear,calibration_1567
CTX199603106,3,12,Noisy,calibration_1567
CTX199603106,3,13,Clear,calibration_1567
CTX199603106,3,14,Noisy,calibration_1567
CTX199603106,3,15,Clear,calibration_1567
CTX199603106,3,16,Clear,calibration_1567
CTX199603106,3,17,Clear,calibration_1567
CTX199603106,3,18,Clear,calibration_1567
CTX199603106,3,19,Clear,calibration_1567
CTX199603106,3,20,Clear,calibration_1567
CTX199603106,3,21,Clear,calibration_1567
CTX199603106,3,22,Clear,calibration_1567
CTX199603106,3,23,Clear,calibration_1567
CTX199603106,3,24,Noisy,calibration_1567
CTX199603106,3,25,Noisy,calibration_1567
CTX199603106,3,26,Clear,calibration_1567
CTX199603106,3,27,Clear,calibration_1567
CTX199603106,3,28,Clear,calibration_1567
CTX199603106,3,29,Clear,calibration_1567
CTX199603106,3,30,Clear,calibration_1567
CTX199603106,3,31,Empty,calibration_1567
CTX199603106,3,32,Clear,calibration_1567
CTX199603106,4,1,Non-text,calibration_1567
CTX199603106,4,2,Clear,calibration_1567
CTX199603106,4,3,Clear,calibration_1567
CTX199603106,4,4,Noisy,calibration_1567
CTX199603106,4,5,Noisy,calibration_1567
CTX199603106,4,6,Empty,calibration_1567
CTX199603106,4,7,Clear,calibration_1567
CTX199603106,4,8,Clear,calibration_1567
CTX199603106,4,9,Empty,calibration_1567
CTX199603106,4,10,Clear,calibration_1567
CTX199603106,4,11,Empty,calibration_1567
CTX199603106,4,12,Clear,calibration_1567
CTX199603106,4,13,Empty,calibration_1567
CTX199603106,4,14,Clear,calibration_1567
CTX199603106,4,15,Empty,calibration_1567
CTX199603106,4,16,Clear,calibration_1567
CTX199603106,4,17,Empty,calibration_1567
CTX199603106,4,18,Clear,calibration_1567
CTX199603106,4,19,Noisy,calibration_1567
CTX199603106,4,20,Empty,calibration_1567
CTX199603106,4,21,Clear,calibration_1567
CTX199603106,4,22,Empty,calibration_1567
CTX199603106,4,23,Clear,calibration_1567
CTX199603106,4,24,Empty,calibration_1567
CTX199603106,4,25,Clear,calibration_1567
CTX199603106,4,26,Empty,calibration_1567
CTX199603106,4,27,Clear,calibration_1567
CTX199603106,4,28,Empty,calibration_1567
CTX199603106,4,29,Clear,calibration_1567
CTX199603106,4,30,Empty,calibration_1567
CTX199603106,4,31,Clear,calibration_1567
CTX199603106,4,32,Empty,calibration_1567
CTX199603106,4,33,Clear,calibration_1567
CTX199603106,4,34,Empty,calibration_1567
CTX199603106,4,35,Clear,calibration_1567
CTX199603106,4,36,Empty,calibration_1567
CTX199603106,4,37,Clear,calibration_1567
CTX199603106,4,38,Clear,calibration_1567
CTX199603106,4,39,Clear,calibration_1567
CTX199603106,4,40,Clear,calibration_1567
CTX199603106,4,41,Clear,calibration_1567
CTX199603106,4,42,Clear,calibration_1567
CTX199603106,4,44,Empty,calibration_1567
CTX199603106,4,45,Clear,calibration_1567
CTX199603106,5,1,Non-text,calibration_1567
CTX199603106,5,2,Noisy,calibration_1567
CTX199603106,5,3,Empty,calibration_1567
CTX199603106,5,4,Clear,calibration_1567
CTX199603106,5,5,Empty,calibration_1567
CTX199603106,5,6,Clear,calibration_1567
CTX199603106,5,7,Empty,calibration_1567
CTX199603106,5,8,Noisy,calibration_1567
CTX199603106,5,9,Empty,calibration_1567
CTX199603106,5,10,Noisy,calibration_1567
CTX199603106,5,11,Empty,calibration_1567
CTX199603106,5,12,Clear,calibration_1567
CTX199603106,5,13,Empty,calibration_1567
CTX199603106,5,14,Clear,calibration_1567
CTX199603106,5,15,Clear,calibration_1567
CTX199603106,5,16,Clear,calibration_1567
CTX199603106,5,17,Empty,calibration_1567
CTX199603106,5,18,Clear,calibration_1567
CTX199603106,5,19,Empty,calibration_1567
CTX199603106,5,20,Clear,calibration_1567
CTX199603106,5,21,Empty,calibration_1567
CTX199603106,5,22,Clear,calibration_1567
CTX199603106,5,23,Empty,calibration_1567
CTX199603106,5,24,Clear,calibration_1567
CTX199603106,5,25,Empty,calibration_1567
CTX199603106,5,26,Clear,calibration_1567
CTX199603106,6,1,Clear,calibration_1567
CTX199603106,6,2,Empty,calibration_1567
CTX199603106,6,3,Non-text,calibration_1567
CTX199603106,6,4,Empty,calibration_1567
CTX199603106,6,5,Clear,calibration_1567
CTX199603106,6,6,Clear,calibration_1567
CTX199603106,6,7,Empty,calibration_1567
CTX199603106,6,8,Clear,calibration_1567
CTX199603106,6,9,Clear,calibration_1567
CTX199603106,6,10,Empty,calibration_1567
CTX199603106,6,11,Clear,calibration_1567
CTX199603106,6,12,Empty,calibration_1567
CTX199603106,6,13,Clear,calibration_1567
CTX199603106,6,14,Clear,calibration_1567
CTX199603106,6,15,Clear,calibration_1567
CTX199603106,6,16,Empty,calibration_1567
CTX199603106,6,17,Clear,calibration_1567
CTX199603106,6,18,Clear,calibration_1567
CTX199603106,6,19,Clear,calibration_1567
CTX199603106,6,20,Empty,calibration_1567
CTX199603106,6,21,Clear,calibration_1567
CTX199603106,6,22,Clear,calibration_1567
CTX199603106,6,23,Clear,calibration_1567
CTX199603106,6,24,Empty,calibration_1567
CTX199603106,6,25,Clear,calibration_1567
CTX199603106,6,26,Clear,calibration_1567
CTX199603106,6,27,Clear,calibration_1567
CTX199603106,6,28,Clear,calibration_1567
CTX199603106,6,29,Empty,calibration_1567
CTX199603106,6,30,Noisy,calibration_1567
CTX199603106,6,31,Clear,calibration_1567
CTX199603106,6,32,Empty,calibration_1567
CTX199603106,6,33,Non-text,calibration_1567
CTX199603106,8,1,Non-text,calibration_1567
CTX199603106,9,1,Clear,calibration_1567
CTX199603106,9,2,Empty,calibration_1567
CTX199603106,9,3,Clear,calibration_1567
CTX199603106,9,4,Empty,calibration_1567
CTX199603106,9,5,Non-text,calibration_1567
CTX199603106,9,6,Non-text,calibration_1567
CTX200603179,1,1,Clear,calibration_1567
CTX200603179,1,2,Clear,calibration_1567
CTX200603179,1,3,Clear,calibration_1567
CTX200603179,1,4,Noisy,calibration_1567
CTX200603179,1,5,Clear,calibration_1567
CTX200603179,1,6,Noisy,calibration_1567
CTX200603179,1,7,Clear,calibration_1567
CTX200603179,1,8,Empty,calibration_1567
CTX200603179,1,9,Noisy,calibration_1567
CTX200603179,1,10,Clear,calibration_1567
CTX200603179,1,11,Empty,calibration_1567
CTX200603179,1,12,Clear,calibration_1567
CTX200603179,1,13,Clear,calibration_1567
CTX200603179,1,14,Clear,calibration_1567
CTX200603179,1,15,Clear,calibration_1567
CTX200603179,1,16,Clear,calibration_1567
CTX200603179,1,17,Clear,calibration_1567
CTX200603179,1,18,Clear,calibration_1567
CTX200603179,1,19,Clear,calibration_1567
CTX200603179,1,20,Clear,calibration_1567
CTX200603179,1,21,Clear,calibration_1567
CTX200603179,1,22,Clear,calibration_1567
CTX200603179,1,23,Empty,calibration_1567
CTX200603179,1,24,Noisy,calibration_1567
CTX200603179,1,25,Clear,calibration_1567
CTX200603179,1,26,Empty,calibration_1567
CTX200603179,1,27,Clear,calibration_1567
CTX200603179,1,28,Clear,calibration_1567
CTX200603179,1,29,Empty,calibration_1567
CTX200603179,1,30,Clear,calibration_1567
CTX200603179,1,31,Clear,calibration_1567
CTX200603179,1,32,Empty,calibration_1567
CTX200603179,1,33,Clear,calibration_1567
CTX200603179,1,34,Clear,calibration_1567
CTX200603179,1,35,Empty,calibration_1567
CTX200603179,1,36,Clear,calibration_1567
CTX200603179,3,1,Clear,calibration_1567
CTX200603179,3,2,Clear,calibration_1567
CTX200603179,3,3,Clear,calibration_1567
CTX200603179,3,4,Empty,calibration_1567
CTX200603179,3,5,Clear,calibration_1567
CTX200603179,3,6,Clear,calibration_1567
CTX200603179,3,7,Clear,calibration_1567
CTX200603179,3,8,Non-text,calibration_1567
CTX200603179,3,10,Non-text,calibration_1567
CTX200603179,3,11,Empty,calibration_1567
CTX200603179,3,12,Noisy,calibration_1567
CTX200603179,3,13,Non-text,calibration_1567
CTX200603179,3,14,Non-text,calibration_1567
CTX200603179,3,15,Non-text,calibration_1567
CTX200603179,3,16,Noisy,calibration_1567
CTX200603179,3,17,Empty,calibration_1567
CTX200603179,3,18,Noisy,calibration_1567
CTX200603179,3,21,Non-text,calibration_1567
CTX200603179,3,22,Non-text,calibration_1567
CTX200603179,3,24,Empty,calibration_1567
CTX200603179,3,25,Clear,calibration_1567
CTX200603179,3,26,Empty,calibration_1567
CTX200603179,3,27,Non-text,calibration_1567
CTX200603179,3,28,Clear,calibration_1567
CTX200603179,3,29,Non-text,calibration_1567
CTX200603179,3,30,Clear,calibration_1567
CTX200603179,3,31,Clear,calibration_1567
CTX200603179,3,32,Empty,calibration_1567
CTX200603179,3,33,Clear,calibration_1567
CTX200603179,3,34,Trash,calibration_1567
CTX200603179,3,35,Trash,calibration_1567
CTX200603179,3,36,Clear,calibration_1567
CTX201405311,1,1,Clear,calibration_1567
CTX201405311,1,2,Clear,calibration_1567
CTX201405311,1,3,Clear,calibration_1567
CTX201405311,1,4,Clear,calibration_1567
CTX201405311,1,5,Clear,calibration_1567
CTX201405311,1,6,Clear,calibration_1567
CTX201405311,1,7,Clear,calibration_1567
CTX201405311,1,8,Clear,calibration_1567
CTX201405311,1,9,Clear,calibration_1567
CTX201405311,1,10,Clear,calibration_1567
CTX201405311,1,11,Clear,calibration_1567
CTX201405311,1,12,Clear,calibration_1567
CTX201405311,1,13,Clear,calibration_1567
CTX201405311,1,14,Clear,calibration_1567
CTX201405311,1,15,Clear,calibration_1567
CTX201405311,1,16,Clear,calibration_1567
CTX201405311,1,17,Clear,calibration_1567
CTX201405311,1,18,Empty,calibration_1567
CTX201405311,1,19,Clear,calibration_1567
CTX201405311,1,20,Clear,calibration_1567
CTX201405311,1,21,Clear,calibration_1567
CTX201405311,1,22,Clear,calibration_1567
CTX201405311,1,23,Clear,calibration_1567
CTX201405311,1,24,Clear,calibration_1567
CTX201405311,1,25,Clear,calibration_1567
CTX201405311,1,26,Clear,calibration_1567
CTX201405311,1,27,Clear,calibration_1567
CTX201405311,1,28,Clear,calibration_1567
CTX201405311,1,29,Clear,calibration_1567
CTX201405311,1,30,Clear,calibration_1567
CTX201405311,1,31,Clear,calibration_1567
CTX201405311,1,32,Empty,calibration_1567
CTX201405311,1,33,Clear,calibration_1567
CTX201405311,1,34,Clear,calibration_1567
CTX201405311,1,35,Clear,calibration_1567
CTX201601688,1,1,Noisy,calibration_1567
CTX201601688,1,2,Empty,calibration_1567
CTX201601688,1,3,Clear,calibration_1567
CTX201601688,1,4,Empty,calibration_1567
CTX201601688,1,5,Clear,calibration_1567
CTX201601688,1,6,Clear,calibration_1567
CTX201601688,1,7,Clear,calibration_1567
CTX201601688,2,1,Clear,calibration_1567
CTX201601688,2,2,Clear,calibration_1567
CTX201601688,2,3,Clear,calibration_1567
CTX201601688,2,4,Clear,calibration_1567
CTX201601688,2,5,Clear,calibration_1567
CTX201601688,2,6,Empty,calibration_1567
CTX201601688,2,7,Clear,calibration_1567
CTX201601688,2,8,Clear,calibration_1567
CTX201601688,2,9,Clear,calibration_1567
CTX201601688,2,10,Empty,calibration_1567
CTX201601688,2,11,Clear,calibration_1567
CTX201601688,2,12,Clear,calibration_1567
CTX201601688,2,13,Clear,calibration_1567
CTX201601688,2,14,Clear,calibration_1567
CTX201601688,2,15,Clear,calibration_1567
CTX201601688,2,16,Empty,calibration_1567
CTX201601688,2,17,Clear,calibration_1567
CTX201601688,2,18,Clear,calibration_1567
CTX201601688,2,19,Clear,calibration_1567
CTX201601688,2,20,Clear,calibration_1567
CTX201601688,2,21,Clear,calibration_1567
CTX201601688,2,22,Clear,calibration_1567
CTX201601688,2,23,Clear,calibration_1567
CTX201601688,2,24,Empty,calibration_1567
CTX201601688,2,25,Clear,calibration_1567
CTX201601688,2,26,Clear,calibration_1567
CTX201601688,2,27,Empty,calibration_1567
CTX201601688,2,28,Clear,calibration_1567
CTX201601688,2,29,Clear,calibration_1567
CTX201601688,2,30,Clear,calibration_1567
CTX201601688,2,31,Clear,calibration_1567
CTX201601688,2,32,Clear,calibration_1567
CTX201601688,2,33,Clear,calibration_1567
CTX201601688,2,34,Clear,calibration_1567
CTX201601688,2,35,Clear,calibration_1567
CTX201601688,2,36,Empty,calibration_1567
CTX201601688,2,37,Clear,calibration_1567
CTX201601688,2,38,Clear,calibration_1567
CTX201601688,2,39,Clear,calibration_1567
CTX201601688,2,40,Empty,calibration_1567
CTX201601688,2,41,Clear,calibration_1567
CTX201601688,2,42,Clear,calibration_1567
CTX201601688,3,1,Clear,calibration_1567
CTX201601688,3,2,Clear,calibration_1567
CTX201601688,3,3,Clear,calibration_1567
CTX201601688,3,4,Clear,calibration_1567
CTX201601688,3,5,Empty,calibration_1567
CTX201601688,3,6,Clear,calibration_1567
CTX201601688,3,7,Clear,calibration_1567
CTX201601688,3,8,Clear,calibration_1567
CTX201601688,3,9,Empty,calibration_1567
CTX201601688,3,10,Clear,calibration_1567
CTX201601688,3,11,Clear,calibration_1567
CTX201601688,3,12,Clear,calibration_1567
CTX201601688,3,13,Empty,calibration_1567
CTX201601688,3,14,Clear,calibration_1567
CTX201601688,3,15,Clear,calibration_1567
CTX201601688,3,16,Empty,calibration_1567
CTX201601688,3,17,Clear,calibration_1567
CTX201601688,3,18,Clear,calibration_1567
CTX201601688,3,19,Clear,calibration_1567
CTX201601688,3,20,Clear,calibration_1567
CTX201601688,3,21,Empty,calibration_1567
CTX201601688,3,22,Clear,calibration_1567
CTX201601688,3,23,Empty,calibration_1567
CTX201601688,3,24,Clear,calibration_1567
CTX201601688,3,25,Clear,calibration_1567
CTX201601688,3,26,Clear,calibration_1567
CTX201601688,3,27,Clear,calibration_1567
CTX201601688,3,28,Clear,calibration_1567
CTX201601688,3,29,Clear,calibration_1567
CTX201601688,3,30,Empty,calibration_1567
CTX201601688,3,31,Clear,calibration_1567
CTX201601688,3,32,Clear,calibration_1567
CTX201601688,3,33,Clear,calibration_1567
CTX201601688,3,34,Empty,calibration_1567
CTX201601688,3,35,Clear,calibration_1567
CTX201601688,3,36,Clear,calibration_1567
CTX201601688,3,37,Empty,calibration_1567
CTX201601688,3,38,Clear,calibration_1567
CTX201601688,3,39,Clear,calibration_1567
CTX201601688,3,40,Clear,calibration_1567
CTX201601688,3,41,Clear,calibration_1567
CTX201601688,3,42,Empty,calibration_1567
CTX201601688,3,43,Clear,calibration_1567
CTX201601688,3,44,Empty,calibration_1567
CTX201601688,3,45,Clear,calibration_1567
CTX201601688,3,46,Clear,calibration_1567
CTX201601688,3,47,Clear,calibration_1567
CTX201601688,3,48,Clear,calibration_1567
CTX201601688,3,49,Clear,calibration_1567
CTX201601688,3,50,Clear,calibration_1567
CTX201601688,3,51,Clear,calibration_1567
CTX201601688,3,52,Empty,calibration_1567
CTX201601688,3,53,Clear,calibration_1567
CTX201601688,3,54,Clear,calibration_1567
CTX201601688,3,55,Clear,calibration_1567
CTX201601688,3,56,Empty,calibration_1567
CTX201601688,3,57,Clear,calibration_1567
CTX201601688,3,58,Clear,calibration_1567
CTX201601688,3,59,Empty,calibration_1567
CTX201601688,3,60,Clear,calibration_1567
CTX201601688,3,61,Clear,calibration_1567
CTX201601688,3,62,Clear,calibration_1567
CTX201601688,3,63,Clear,calibration_1567
CTX201601688,3,64,Empty,calibration_1567
CTX201601688,3,65,Clear,calibration_1567
CTX201601688,3,66,Empty,calibration_1567
CTX201601688,3,67,Clear,calibration_1567
CTX201601688,3,68,Clear,calibration_1567
CTX201601688,3,69,Clear,calibration_1567
CTX201601688,3,70,Empty,calibration_1567
CTX201601688,3,71,Clear,calibration_1567
CTX201601688,3,72,Clear,calibration_1567
CTX201601688,3,73,Clear,calibration_1567
CTX201601688,3,74,Clear,calibration_1567
CTX201601688,3,75,Clear,calibration_1567
CTX201601688,3,76,Clear,calibration_1567
CTX201601688,3,77,Empty,calibration_1567
CTX201601688,3,78,Clear,calibration_1567
CTX201601688,3,79,Clear,calibration_1567
CTX201601688,3,80,Clear,calibration_1567
CTX201601688,4,1,Clear,calibration_1567
CTX201601688,4,2,Clear,calibration_1567
CTX201601688,5,1,Clear,calibration_1567
CTX201601688,6,1,Clear,calibration_1567
CTX201601688,7,1,Trash,calibration_1567
CTX201601688,7,2,Trash,calibration_1567
CTX201601688,7,3,Empty,calibration_1567
CTX201601688,7,7,Noisy,calibration_1567
CTX201601688,7,8,Empty,calibration_1567
CTX201601688,7,9,Clear,calibration_1567
MTX194500186,1,1,Clear,calibration_1567
MTX194500186,1,2,Clear,calibration_1567
MTX194500186,1,3,Empty,calibration_1567
MTX194500186,1,4,Noisy,calibration_1567
MTX194500186,1,5,Clear,calibration_1567
MTX194500186,1,6,Empty,calibration_1567
MTX194500186,1,7,Clear,calibration_1567
MTX194500186,1,8,Clear,calibration_1567
MTX194500186,1,9,Clear,calibration_1567
MTX194500186,1,10,Clear,calibration_1567
MTX194500186,1,11,Clear,calibration_1567
MTX194500186,1,12,Clear,calibration_1567
MTX194500186,1,13,Empty,calibration_1567
MTX194500186,1,14,Clear,calibration_1567
MTX194500186,1,15,Noisy,calibration_1567
MTX194500186,1,16,Empty,calibration_1567
MTX194500186,1,17,Clear,calibration_1567
MTX194500186,1,18,Clear,calibration_1567
MTX194500186,1,19,Clear,calibration_1567
MTX194500186,1,20,Empty,calibration_1567
MTX194500186,1,21,Clear,calibration_1567
MTX194500186,1,22,Empty,calibration_1567
MTX194500186,1,23,Clear,calibration_1567
MTX194500186,1,24,Clear,calibration_1567
MTX194500187,1,1,Non-text,calibration_1567
MTX194500187,1,2,Clear,calibration_1567
MTX194500187,1,3,Clear,calibration_1567
MTX194500187,1,4,Noisy,calibration_1567
MTX194500187,1,5,Clear,calibration_1567
MTX194500187,1,6,Empty,calibration_1567
MTX194500187,1,7,Clear,calibration_1567
MTX194500187,1,8,Clear,calibration_1567
MTX194500187,1,9,Clear,calibration_1567
MTX194500187,1,10,Empty,calibration_1567
MTX194500187,1,11,Clear,calibration_1567
MTX194500187,1,12,Clear,calibration_1567
MTX194500187,1,13,Clear,calibration_1567
MTX194500187,1,14,Clear,calibration_1567
MTX194500187,1,15,Empty,calibration_1567
MTX194500187,1,16,Clear,calibration_1567
MTX194500187,1,17,Clear,calibration_1567
MTX194500187,1,18,Empty,calibration_1567
MTX194500187,1,19,Non-text,calibration_1567
MTX194500188,1,1,Clear,calibration_1567
MTX194500188,1,2,Clear,calibration_1567
MTX194500188,1,3,Empty,calibration_1567
MTX194500188,1,4,Noisy,calibration_1567
MTX194500188,1,5,Empty,calibration_1567
MTX194500188,1,6,Clear,calibration_1567
MTX194500188,1,7,Clear,calibration_1567
MTX194500188,1,8,Empty,calibration_1567
MTX194500188,1,9,Clear,calibration_1567
MTX194500188,1,10,Clear,calibration_1567
MTX194500188,1,11,Empty,calibration_1567
MTX194500188,1,12,Clear,calibration_1567
MTX194500188,1,13,Clear,calibration_1567
MTX194500188,1,14,Non-text,calibration_1567
MTX194500188,1,15,Trash,calibration_1567
MTX194500188,1,16,Trash,calibration_1567
MTX194500189,1,1,Non-text,calibration_1567
MTX194500189,1,2,Clear,calibration_1567
MTX194500189,1,3,Clear,calibration_1567
MTX194500189,1,4,Noisy,calibration_1567
MTX194500189,1,5,Empty,calibration_1567
MTX194500189,1,6,Clear,calibration_1567
MTX194500189,1,7,Clear,calibration_1567
MTX194500189,1,8,Empty,calibration_1567
MTX194500189,1,9,Clear,calibration_1567
MTX194500189,1,10,Noisy,calibration_1567
MTX194500189,1,11,Empty,calibration_1567
MTX194500189,1,12,Clear,calibration_1567
MTX194500189,1,13,Clear,calibration_1567
MTX194500189,1,14,Empty,calibration_1567
MTX194500189,1,15,Non-text,calibration_1567
MTX194500189,1,16,Non-text,calibration_1567
MTX194500189,1,17,Non-text,calibration_1567
MTX194500189,1,18,Empty,calibration_1567
MTX194500189,1,19,Non-text,calibration_1567
MTX194500190,1,1,Clear,calibration_1567
MTX194500190,1,2,Clear,calibration_1567
MTX194500190,1,3,Noisy,calibration_1567
MTX194500190,1,4,Noisy,calibration_1567
MTX194500190,1,5,Empty,calibration_1567
MTX194500190,1,6,Clear,calibration_1567
MTX194500190,1,7,Clear,calibration_1567
MTX194500190,1,8,Clear,calibration_1567
MTX194500190,1,9,Empty,calibration_1567
MTX194500190,1,10,Clear,calibration_1567
MTX194500190,1,11,Clear,calibration_1567
MTX194500190,1,12,Empty,calibration_1567
MTX194500190,1,13,Non-text,calibration_1567
MTX194500190,1,14,Non-text,calibration_1567
MTX194500191,1,1,Non-text,calibration_1567
MTX194500191,1,2,Clear,calibration_1567
MTX194500191,1,3,Clear,calibration_1567
MTX194500191,1,4,Empty,calibration_1567
MTX194500191,1,5,Clear,calibration_1567
MTX194500191,1,6,Empty,calibration_1567
MTX194500191,1,7,Clear,calibration_1567
MTX194500191,1,8,Clear,calibration_1567
MTX194500191,1,9,Clear,calibration_1567
MTX194500191,1,10,Empty,calibration_1567
MTX194500191,1,11,Clear,calibration_1567
MTX194500191,1,12,Clear,calibration_1567
MTX194500191,1,13,Empty,calibration_1567
MTX194500191,1,14,Non-text,calibration_1567
MTX194500192,1,1,Non-text,calibration_1567
MTX194500192,1,2,Clear,calibration_1567
MTX194500192,1,3,Clear,calibration_1567
MTX194500192,1,4,Empty,calibration_1567
MTX194500192,1,5,Clear,calibration_1567
MTX194500192,1,6,Empty,calibration_1567
MTX194500192,1,7,Clear,calibration_1567
MTX194500192,1,8,Clear,calibration_1567
MTX194500192,1,9,Clear,calibration_1567
MTX194500192,1,10,Empty,calibration_1567
MTX194500192,1,11,Clear,calibration_1567
MTX194500192,1,12,Empty,calibration_1567
MTX194500192,1,13,Clear,calibration_1567
MTX194500192,1,14,Clear,calibration_1567
MTX194500193,1,1,Clear,calibration_1567
MTX194500193,1,2,Clear,calibration_1567
MTX194500193,1,3,Clear,calibration_1567
MTX194500193,1,4,Empty,calibration_1567
MTX194500193,1,5,Clear,calibration_1567
MTX194500193,1,6,Clear,calibration_1567
MTX194500193,1,7,Clear,calibration_1567
MTX194500193,1,8,Empty,calibration_1567
MTX194500193,1,9,Clear,calibration_1567
MTX194500193,1,10,Clear,calibration_1567
MTX194500194,1,1,Clear,calibration_1567
MTX194500194,1,2,Clear,calibration_1567
MTX194500194,1,3,Clear,calibration_1567
MTX194500194,1,4,Empty,calibration_1567
MTX194500194,1,5,Clear,calibration_1567
MTX194500194,1,6,Clear,calibration_1567
MTX194500194,1,7,Clear,calibration_1567
MTX194500194,1,8,Empty,calibration_1567
MTX194500194,1,9,Clear,calibration_1567
MTX194500194,1,10,Noisy,calibration_1567
MTX194500194,1,11,Empty,calibration_1567
MTX194500194,1,12,Clear,calibration_1567
MTX194500194,1,13,Clear,calibration_1567
MTX194500195,1,1,Clear,calibration_1567
MTX194500195,1,2,Clear,calibration_1567
MTX194500195,1,3,Empty,calibration_1567
MTX194500195,1,4,Clear,calibration_1567
MTX194500195,1,5,Empty,calibration_1567
MTX194500195,1,6,Clear,calibration_1567
MTX194500195,1,7,Clear,calibration_1567
MTX194500195,1,8,Noisy,calibration_1567
MTX194500195,1,9,Clear,calibration_1567
MTX194500195,1,10,Trash,calibration_1567
MTX194500195,1,11,Clear,calibration_1567
MTX194500195,1,12,Clear,calibration_1567
MTX194500195,1,13,Clear,calibration_1567
MTX194500195,1,14,Empty,calibration_1567
MTX194500195,1,15,Clear,calibration_1567
MTX194500195,1,16,Clear,calibration_1567
MTX194500196,1,1,Non-text,calibration_1567
MTX194500196,1,2,Clear,calibration_1567
MTX194500196,1,3,Clear,calibration_1567
MTX194500196,1,4,Empty,calibration_1567
MTX194500196,1,5,Clear,calibration_1567
MTX194500196,1,6,Empty,calibration_1567
MTX194500196,1,7,Clear,calibration_1567
MTX194500196,1,8,Clear,calibration_1567
MTX194500196,1,9,Empty,calibration_1567
MTX194500196,1,10,Clear,calibration_1567
MTX194500196,1,11,Empty,calibration_1567
MTX194500196,1,12,Clear,calibration_1567
MTX194500196,1,13,Clear,calibration_1567
MTX194500197,1,1,Non-text,calibration_1567
MTX194500197,1,2,Empty,calibration_1567
MTX194500197,1,3,Clear,calibration_1567
MTX194500197,1,4,Clear,calibration_1567
MTX194500197,1,5,Empty,calibration_1567
MTX194500197,1,6,Noisy,calibration_1567
MTX194500197,1,7,Empty,calibration_1567
MTX194500197,1,8,Trash,calibration_1567
MTX194500197,1,9,Empty,calibration_1567
MTX194500197,1,10,Clear,calibration_1567
MTX194500197,1,11,Clear,calibration_1567
MTX194500197,1,12,Non-text,calibration_1567
MTX194500197,1,13,Clear,calibration_1567
MTX194500197,1,14,Clear,calibration_1567
MTX194500197,1,15,Clear,calibration_1567
MTX194500198,1,1,Non-text,calibration_1567
MTX194500198,1,2,Clear,calibration_1567
MTX194500198,1,3,Clear,calibration_1567
MTX194500198,1,4,Clear,calibration_1567
MTX194500198,1,5,Empty,calibration_1567
MTX194500198,1,6,Clear,calibration_1567
MTX194500198,1,7,Clear,calibration_1567
MTX194500198,1,8,Clear,calibration_1567
MTX194500198,1,9,Clear,calibration_1567
MTX194500198,1,10,Empty,calibration_1567
MTX194500198,1,11,Clear,calibration_1567
MTX194500199,1,1,Non-text,calibration_1567
MTX194500199,1,2,Empty,calibration_1567
MTX194500199,1,3,Non-text,calibration_1567
MTX194500199,1,4,Empty,calibration_1567
MTX194500199,1,5,Non-text,calibration_1567
MTX194500199,1,6,Clear,calibration_1567
MTX194500199,1,7,Clear,calibration_1567
MTX194500199,1,8,Clear,calibration_1567
MTX194500199,1,9,Empty,calibration_1567
MTX194500199,1,10,Trash,calibration_1567
MTX194500199,1,11,Empty,calibration_1567
MTX194500199,1,12,Noisy,calibration_1567
MTX194500199,1,13,Empty,calibration_1567
MTX194500199,1,14,Clear,calibration_1567
MTX194500199,1,15,Noisy,calibration_1567
MTX194500199,1,16,Empty,calibration_1567
MTX194500199,1,17,Clear,calibration_1567
MTX194500199,1,18,Clear,calibration_1567
MTX194500200,1,1,Non-text,calibration_1567
MTX194500200,1,2,Noisy,calibration_1567
MTX194500200,1,3,Clear,calibration_1567
MTX194500200,1,4,Empty,calibration_1567
MTX194500200,1,5,Noisy,calibration_1567
MTX194500200,1,6,Empty,calibration_1567
MTX194500200,1,7,Clear,calibration_1567
MTX194500200,1,8,Empty,calibration_1567
MTX194500200,1,9,Clear,calibration_1567
MTX194500200,1,10,Clear,calibration_1567
MTX194500200,1,11,Empty,calibration_1567
MTX194500200,1,12,Clear,calibration_1567
MTX194500200,1,13,Empty,calibration_1567
MTX194500200,1,14,Clear,calibration_1567
MTX194500200,1,15,Clear,calibration_1567
MTX194500201,1,1,Non-text,calibration_1567
MTX194500201,1,2,Clear,calibration_1567
MTX194500201,1,3,Clear,calibration_1567
MTX194500201,1,4,Non-text,calibration_1567
MTX194500201,1,5,Clear,calibration_1567
MTX194500201,1,6,Empty,calibration_1567
MTX194500201,1,7,Clear,calibration_1567
MTX194500201,1,8,Clear,calibration_1567
MTX194500201,1,9,Empty,calibration_1567
MTX194500201,1,10,Noisy,calibration_1567
MTX194500201,1,11,Clear,calibration_1567
MTX194500201,1,12,Clear,calibration_1567
MTX194500201,1,14,Clear,calibration_1567
MTX194500201,1,15,Clear,calibration_1567
MTX194500201,1,16,Clear,calibration_1567
MTX194500201,1,17,Clear,calibration_1567
MTX194500201,1,18,Clear,calibration_1567
MTX194500201,1,19,Clear,calibration_1567
MTX194500201,1,20,Clear,calibration_1567
MTX194500201,1,21,Clear,calibration_1567
MTX194500201,1,22,Empty,calibration_1567
MTX194500201,1,23,Clear,calibration_1567
MTX194500201,1,24,Clear,calibration_1567
MTX194500201,1,25,Empty,calibration_1567
MTX194500201,1,26,Non-text,calibration_1567
MTX194601497,1,13,Trash,calibration_1567
MTX194701374,5,23,Clear,calibration_1567
MTX194800026,32,22,Noisy,calibration_1567
MTX194800026,48,32,Noisy,calibration_1567
MTX194800423,1,33,Clear,calibration_1567
MTX194800884,1,49,Trash,calibration_1567
MTX195000579,14,31,Trash,calibration_1567
MTX195000826,1,9,Noisy,calibration_1567
MTX195001455,4,51,Clear,calibration_1567
MTX195100565,2,6,Noisy,calibration_1567
MTX195100565,2,18,Noisy,calibration_1567
MTX195300497,14,5,Noisy,calibration_1567
MTX195502471,2,2,Trash,calibration_1567
MTX195502471,2,4,Noisy,calibration_1567
MTX195502471,2,5,Noisy,calibration_1567
MTX195502471,2,6,Noisy,calibration_1567
MTX195502471,2,7,Noisy,calibration_1567
MTX195502471,2,8,Noisy,calibration_1567
MTX195502471,2,9,Trash,calibration_1567
MTX195502471,2,10,Noisy,calibration_1567
MTX195502471,2,11,Noisy,calibration_1567
MTX195502471,2,12,Noisy,calibration_1567
MTX195502471,2,13,Noisy,calibration_1567
MTX195502471,2,14,Trash,calibration_1567
MTX195502471,2,15,Trash,calibration_1567
MTX195502471,2,16,Noisy,calibration_1567
MTX195502471,2,17,Noisy,calibration_1567
MTX195502471,2,18,Noisy,calibration_1567
MTX195502471,2,19,Noisy,calibration_1567
MTX195502471,2,20,Noisy,calibration_1567
MTX195502471,2,21,Noisy,calibration_1567
MTX195502471,2,22,Noisy,calibration_1567
MTX195900952,1,2,Noisy,calibration_1567
MTX195901836,2,17,Clear,calibration_1567
MTX195901891,2,24,Clear,calibration_1567
MTX195904376,48,19,Clear,calibration_1567
MTX196000610,2,49,Clear,calibration_1567
MTX196000868,1,14,Noisy,calibration_1567
MTX196201049,6,13,Clear,calibration_1567
MTX196402495,213,31,Noisy,calibration_1567
MTX196500362,16,11,Clear,calibration_1567
MTX196600284,3,10,Clear,calibration_1567
MTX196600928,4,111,Non-text,calibration_1567
MTX196601499,1,5,Clear,calibration_1567
MTX196601638,100,29,Noisy,calibration_1567
MTX196802043,2,7,Trash,calibration_1567
MTX196802043,30,8,Trash,calibration_1567
MTX196900057,123,120,Trash,calibration_1567
MTX196902801,30,98,Clear,calibration_1567
MTX196902801,99,22,Clear,calibration_1567
MTX197001029,30,11,Clear,calibration_1567
MTX197001536,1,5,Noisy,calibration_1567
MTX197102280,373,5,Clear,calibration_1567
MTX197400069,243,8,Clear,calibration_1567
MTX197501657,16,17,Noisy,calibration_1567
MTX197701982,26,148,Clear,calibration_1567
MTX197702103,15,12,Clear,calibration_1567
MTX197901770,15,7,Clear,calibration_1567
MTX197901806,4,23,Clear,calibration_1567
MTX197902086,6,102,Trash,calibration_1567
MTX197902086,58,12,Clear,calibration_1567
MTX198300874,277,6,Clear,calibration_1567
MTX198301331,65,74,Trash,calibration_1567
MTX198501580,473,1,Noisy,calibration_1567
MTX198501581a,30,158,Clear,calibration_1567
MTX198501582,57,84,Clear,calibration_1567
MTX198600857,2,3,Noisy,calibration_1567
MTX198601614,10,17,Noisy,calibration_1567
MTX198601614,14,6,Clear,calibration_1567
MTX198701690,4,7,Clear,calibration_1567
MTX198801706,125,12,Clear,calibration_1567
MTX198801872,30,18,Clear,calibration_1567
MTX198801872,41,36,Clear,calibration_1567
MTX199100250,390,11,Clear,calibration_1567
MTX199100893,4,13,Clear,calibration_1567
MTX199101404,1,81,Clear,calibration_1567
MTX199101472,8,13,Clear,calibration_1567
MTX199200093,2,19,Noisy,calibration_1567
MTX199200093,3,2,Trash,calibration_1567
MTX199201519,5,15,Noisy,calibration_1567
MTX199600237,3,12,Clear,calibration_1567
MTX199800148,3,52,Clear,calibration_1567
MTX199800327,2,103,Noisy,calibration_1567
MTX199900299,15,13,Noisy,calibration_1567
MTX200000550,2,172,Noisy,calibration_1567
MTX200001045,22,27,Clear,calibration_1567
MTX200001166,1,11,Clear,calibration_1567
MTX200001346,2,71,Noisy,calibration_1567
MTX200001348,4,11,Clear,calibration_1567
MTX200001799,35,46,Clear,calibration_1567
MTX200100935,11,31,Clear,calibration_1567
MTX200101393,45,10,Noisy,calibration_1567
MTX200200073,94,167,Clear,calibration_1567
MTX200200073,102,2,Clear,calibration_1567
MTX200300068,2,108,Clear,calibration_1567
MTX200300386,3,85,Noisy,calibration_1567
MTX200300427,3,91,Clear,calibration_1567
MTX200300515,3,164,Trash,calibration_1567
MTX200300584,1,44,Clear,calibration_1567
MTX200300587,16,27,Clear,calibration_1567
MTX200300587,41,18,Clear,calibration_1567
MTX200300587,154,47,Clear,calibration_1567
MTX200300796,2,5,Clear,calibration_1567
MTX200301283,11,309,Clear,calibration_1567
MTX200401658,181,184,Clear,calibration_1567
MTX200401671,4,46,Clear,calibration_1567
MTX200401762,1,14,Noisy,calibration_1567
MTX200401863,27,143,Clear,calibration_1567
MTX200401874,14,177,Clear,calibration_1567
MTX200401880,123,1,Clear,calibration_1567
MTX200401932,2,113,Trash,calibration_1567
MTX200402055,2,139,Clear,calibration_1567
MTX200402654,1,35,Clear,calibration_1567
MTX200403042,3,84,Trash,calibration_1567
MTX200500498,1,30,Clear,calibration_1567
MTX200500522,1,69,Clear,calibration_1567
MTX200500693,61,34,Clear,calibration_1567
MTX200501535,19,62,Noisy,calibration_1567
MTX200501539,61,14,Clear,calibration_1567
MTX200501539,190,46,Noisy,calibration_1567
MTX200501547,60,25,Clear,calibration_1567
MTX200502391,2,178,Clear,calibration_1567
MTX200502871,1,22,Trash,calibration_1567
MTX200503539,136,153,Noisy,calibration_1567
MTX200503553,1,68,Clear,calibration_1567
MTX200600086c,40,4,Clear,calibration_1567
MTX200600086c,256,6,Clear,calibration_1567
MTX200600094,475,43,Clear,calibration_1567
MTX200600103,102,10,Clear,calibration_1567
MTX200601232,11,38,Clear,calibration_1567
MTX200601640,3,102,Clear,calibration_1567
MTX200602108,115,12,Clear,calibration_1567
MTX200602109,200,1,Clear,calibration_1567
MTX200602114,54,36,Noisy,calibration_1567
MTX200700787,3,90,Clear,calibration_1567
MTX200700878,1,59,Clear,calibration_1567
MTX200702073,81,47,Clear,calibration_1567
MTX200702099,16,40,Noisy,calibration_1567
MTX200702190,59,53,Trash,calibration_1567
MTX200702617,130,80,Clear,calibration_1567
MTX200702621,81,8,Clear,calibration_1567
MTX200702621b,100,276,Non-text,calibration_1567
MTX200702625,65,52,Clear,calibration_1567
MTX200702625,134,129,Noisy,calibration_1567
MTX200704031,6,11,Clear,calibration_1567
MTX200704303,3,63,Noisy,calibration_1567
MTX200800774,2,48,Clear,calibration_1567
MTX200800829,1,7,Clear,calibration_1567
MTX200801098,12,60,Noisy,calibration_1567
MTX200801100a,40,28,Clear,calibration_1567
MTX200801479,3,10,Trash,calibration_1567
MTX200803221b,285,79,Clear,calibration_1567
MTX200803221b,285,196,Clear,calibration_1567
MTX200803247,122,6,Noisy,calibration_1567
MTX200803251,324,1,Clear,calibration_1567
MTX200803503,1,34,Clear,calibration_1567
MTX200804148,22,116,Trash,calibration_1567
MTX200900095,104,1,Clear,calibration_1567
MTX200900679,10,25,Clear,calibration_1567
MTX200901043,2,22,Trash,calibration_1567
MTX200901043,2,41,Trash,calibration_1567
MTX200901043,2,49,Noisy,calibration_1567
MTX200901043,3,70,Noisy,calibration_1567
MTX200901062,2,190,Clear,calibration_1567
MTX200901944,123,141,Trash,calibration_1567
MTX200901944,329,25,Clear,calibration_1567
MTX200901974,3,7,Clear,calibration_1567
MTX200902871,4,23,Clear,calibration_1567
MTX200902974,60,14,Clear,calibration_1567
MTX200904115,1,26,Clear,calibration_1567
MTX200905002,3,88,Trash,calibration_1567
MTX200905490,1,4,Clear,calibration_1567
MTX200906190,112,60,Clear,calibration_1567
MTX201001385,128,580,Clear,calibration_1567
MTX201001393,196,59,Clear,calibration_1567
MTX201001396b,64,150,Noisy,calibration_1567
MTX201001406,41,67,Clear,calibration_1567
MTX201001853,4,14,Clear,calibration_1567
MTX201002178,111,266,Clear,calibration_1567
MTX201004181,4,29,Clear,calibration_1567
MTX201004353,82,100,Clear,calibration_1567
MTX201004357,146,312,Clear,calibration_1567
MTX201100138,2,3,Clear,calibration_1567
MTX201101694,1,21,Noisy,calibration_1567
MTX201102235,3,113,Clear,calibration_1567
MTX201102254,2,93,Clear,calibration_1567
MTX201103614,30,39,Clear,calibration_1567
MTX201103614,156,77,Clear,calibration_1567
MTX201103614,296,138,Clear,calibration_1567
MTX201103623,12,5,Clear,calibration_1567
MTX201103630,77,39,Clear,calibration_1567
MTX201200424,2,65,Clear,calibration_1567
MTX201200865,1,72,Clear,calibration_1567
MTX201201808,3,89,Clear,calibration_1567
MTX201201820,1,23,Clear,calibration_1567
MTX201201883,3,101,Noisy,calibration_1567
MTX201204623,10,66,Clear,calibration_1567
MTX201204824,15,354,Clear,calibration_1567
MTX201204833,178,32,Clear,calibration_1567
MTX201204839,139,538,Trash,calibration_1567
MTX201204848,57,32,Clear,calibration_1567
MTX201300089,2,11,Noisy,calibration_1567
MTX201300089,2,137,Noisy,calibration_1567
MTX201300152,1,76,Clear,calibration_1567
MTX201301643,29,282,Trash,calibration_1567
MTX201400515,16,3,Clear,calibration_1567
MTX201401565,25,28,Clear,calibration_1567
MTX201403330,3,105,Clear,calibration_1567
MTX201404421,1,11,Noisy,calibration_1567
MTX201501297,15,6,Clear,calibration_1567
MTX201503704,63,89,Clear,calibration_1567
MTX201503707,147,9,Clear,calibration_1567
MTX201504871,42,143,Clear,calibration_1567
MTX201505008,21,42,Clear,calibration_1567
MTX201505111,2,149,Noisy,calibration_1567
MTX201505274,17,11,Clear,calibration_1567
MTX201600587,262,3,Clear,calibration_1567
MTX201600587,370,189,Clear,calibration_1567
MTX201600590,366,313,Clear,calibration_1567
MTX201601373,104,16,Clear,calibration_1567
MTX201601468,335,23,Clear,calibration_1567
MTX201601597,461,119,Noisy,calibration_1567
MTX201601597,479,30,Noisy,calibration_1567
MTX201601722,207,233,Noisy,calibration_1567
MTX201601722,798,219,Clear,calibration_1567
MTX201602118,238,51,Clear,calibration_1567
MTX201602119,80,69,Noisy,calibration_1567
MTX201602242,34,28,Noisy,calibration_1567
MTX201602242,53,103,Clear,calibration_1567
MTX201602523,30,3,Clear,calibration_1567
MTX201602680,87,338,Clear,calibration_1567
MTX201603367,15,53,Clear,calibration_1567
MTX201603382,30,64,Clear,calibration_1567
MTX201603384,20,38,Clear,calibration_1567
MTX201603384,40,539,Noisy,calibration_1567
MTX201604195,30,12,Trash,calibration_1567
MTX201605116,12,61,Clear,calibration_1567
MTX201605117,51,156,Clear,calibration_1567
MTX201605118,83,9,Clear,calibration_1567
MTX201605330,90,322,Clear,calibration_1567
MTX201605331,483,57,Clear,calibration_1567
MTX201605331,636,29,Clear,calibration_1567
MTX201605331,652,249,Clear,calibration_1567
MTX201606100,8,16,Clear,calibration_1567
MTX201700050,7,22,Clear,calibration_1567
MTX201700237,7,11,Trash,calibration_1567
MTX201700460,22,135,Clear,calibration_1567
MTX201700489,498,99,Clear,calibration_1567
MTX201700490,1172,157,Noisy,calibration_1567
MTX201700491,533,205,Clear,calibration_1567
MTX201700491,565,248,Clear,calibration_1567
MTX201700492,279,32,Clear,calibration_1567
MTX201700492,372,139,Clear,calibration_1567
MTX201700492,439,50,Clear,calibration_1567
MTX201700492,569,71,Clear,calibration_1567
MTX201700492,1009,36,Noisy,calibration_1567
MTX201700497,53,2,Clear,calibration_1567
MTX201700524,76,91,Noisy,calibration_1567
MTX201700545,163,9,Clear,calibration_1567
MTX201700556,41,366,Clear,calibration_1567
MTX201700595,101,497,Noisy,calibration_1567
MTX201700596a,105,146,Clear,calibration_1567
MTX201700621,45,331,Noisy,calibration_1567
MTX201700621,101,26,Noisy,calibration_1567
MTX201700740,89,131,Clear,calibration_1567
MTX201700817,6,19,Clear,calibration_1567
MTX201700902,8,37,Clear,calibration_1567
MTX201700958,10,72,Clear,calibration_1567
MTX201700989,6,24,Clear,calibration_1567
MTX201701018,7,5,Trash,calibration_1567
MTX201701034,15,4,Clear,calibration_1567
MTX201701083,1,7,Noisy,calibration_1567
MTX201701083,1,9,Noisy,calibration_1567
MTX201701083,2,5,Noisy,calibration_1567
MTX201701083,2,6,Noisy,calibration_1567
MTX201701083,2,7,Clear,calibration_1567
MTX201701083,2,8,Clear,calibration_1567
MTX201701083,2,9,Clear,calibration_1567
MTX201701083,2,10,Noisy,calibration_1567
MTX201701083,2,11,Noisy,calibration_1567
MTX201701083,2,12,Clear,calibration_1567
MTX201701083,2,13,Clear,calibration_1567
MTX201701083,2,14,Clear,calibration_1567
MTX201701083,2,15,Clear,calibration_1567
MTX201701083,2,16,Clear,calibration_1567
MTX201701083,2,17,Clear,calibration_1567
MTX201701083,2,18,Clear,calibration_1567
MTX201701083,2,19,Clear,calibration_1567
MTX201701083,2,20,Clear,calibration_1567
MTX201701083,2,21,Clear,calibration_1567
MTX201701083,2,22,Noisy,calibration_1567
MTX201701083,2,23,Clear,calibration_1567
MTX201701083,2,24,Clear,calibration_1567
MTX201701083,2,25,Clear,calibration_1567
MTX201701083,2,26,Noisy,calibration_1567
MTX201701083,2,27,Clear,calibration_1567
MTX201701083,2,28,Clear,calibration_1567
MTX201701085,17,2,Trash,calibration_1567
MTX201701184,5,45,Clear,calibration_1567
MTX201701184,6,31,Clear,calibration_1567
MTX201701184,9,72,Clear,calibration_1567
MTX201701184,12,35,Clear,calibration_1567
MTX201701239a,260,87,Trash,calibration_1567
MTX201701272,5,19,Clear,calibration_1567
MTX201701299,14,14,Clear,calibration_1567
MTX201701332,80,3,Clear,calibration_1567
MTX201701333,9,5,Clear,calibration_1567
MTX201701337,80,93,Clear,calibration_1567
MTX201701428a,78,45,Clear,calibration_1567
MTX201701524,20,35,Clear,calibration_1567
MTX201701543,28,47,Clear,calibration_1567
MTX201701543,39,27,Clear,calibration_1567
MTX201701543,47,46,Clear,calibration_1567
MTX201701568,12,93,Clear,calibration_1567
MTX201702097,29,64,Clear,calibration_1567
MTX201702178,106,44,Clear,calibration_1567
MTX201702195,17,4,Clear,calibration_1567
MTX201702412b,213,77,Non-text,calibration_1567
MTX201702923,243,87,Clear,calibration_1567
MTX201702943,26,5,Clear,calibration_1567
MTX201702954,16,54,Clear,calibration_1567
MTX201703223,2,15,Noisy,calibration_1567
MTX201800216,3,22,Clear,calibration_1567
MTX201890205,4,1,Clear,calibration_1567
MTX201890723,1,22,Noisy,calibration_1567
MTX201890864,1,3,Trash,calibration_1567
MTX201891667,1,2,Noisy,calibration_1567
MTX201891667,1,9,Noisy,calibration_1567
MTX201891667,1,10,Trash,calibration_1567
MTX201891667,1,25,Noisy,calibration_1567
MTX201891746,2,4,Clear,calibration_1567
MTX201900021,62,76,Trash,calibration_1567
MTX201900021,130,110,Clear,calibration_1567
MTX201900025a,148,196,Clear,calibration_1567
MTX201900025a,155,57,Clear,calibration_1567
MTX201900046,240,35,Clear,calibration_1567
MTX201900057,27,12,Clear,calibration_1567
MTX201900070,14,207,Noisy,calibration_1567
MTX201900071a,82,63,Clear,calibration_1567
MTX201900071a,116,284,Clear,calibration_1567
MTX201900071a,124,212,Clear,calibration_1567
MTX201900086,310,38,Clear,calibration_1567
MTX201900086a,212,199,Clear,calibration_1567
MTX201900091,30,3,Noisy,calibration_1567
MTX201900100,140,37,Clear,calibration_1567
MTX201900100a,50,189,Clear,calibration_1567
MTX201900100c,118,330,Clear,calibration_1567
MTX201900100d,269,160,Clear,calibration_1567
MTX201900100d,401,22,Clear,calibration_1567
MTX201900100e,190,7,Clear,calibration_1567
MTX201900125,20,54,Clear,calibration_1567
MTX201900141,6,41,Clear,calibration_1567
MTX201900190,43,64,Noisy,calibration_1567
MTX201900195,52,137,Clear,calibration_1567
MTX201900232,41,32,Noisy,calibration_1567
MTX201900232,41,109,Noisy,calibration_1567
MTX201900517,54,630,Noisy,calibration_1567
MTX201900517,67,428,Clear,calibration_1567
MTX201900517,84,850,Noisy,calibration_1567
MTX202000168,56,106,Clear,calibration_1567
MTX202000231,31,11,Clear,calibration_1567
MTX202000272,24,14,Clear,calibration_1567
MTX202000280,35,48,Noisy,calibration_1567
MTX202000554,56,424,Noisy,calibration_1567
MTX202000591,363,153,Clear,calibration_1567
MTX202000591,507,19,Clear,calibration_1567
MTX202010285,3,33,Clear,calibration_1567
MTX202010325,35,1,Clear,calibration_1567
MTX202010348,2,5,Clear,calibration_1567
MTX202010348,3,3,Trash,calibration_1567
MTX202010348,3,7,Clear,calibration_1567
MTX202010360,9,3,Trash,calibration_1567
MTX202010577,7,3,Clear,calibration_1567
MTX202100006,285,1,Clear,calibration_1567
MTX202100221,94,42,Noisy,calibration_1567
MTX202100233,7,18,Clear,calibration_1567
MTX202100343,52,105,Clear,calibration_1567
MTX202100344,29,108,Clear,calibration_1567
MTX202100344,88,9,Noisy,calibration_1567
MTX202100397,25,33,Clear,calibration_1567
MTX202100423,3,5,Clear,calibration_1567
MTX202100448,44,21,Clear,calibration_1567
MTX202100489,50,750,Clear,calibration_1567
MTX202100492,23,4,Noisy,calibration_1567
MTX202100498,158,480,Clear,calibration_1567
MTX202100504,25,41,Clear,calibration_1567
MTX202100518,112,78,Clear,calibration_1567
MTX202100518,222,220,Clear,calibration_1567
MTX202100564,104,314,Trash,calibration_1567
MTX202100598,14,37,Clear,calibration_1567
MTX202100608,27,26,Clear,calibration_1567
MTX202100618,37,92,Clear,calibration_1567
MTX202100629,82,184,Noisy,calibration_1567
MTX202100655,25,174,Trash,calibration_1567
MTX202100655,37,86,Trash,calibration_1567
MTX202100655,45,33,Trash,calibration_1567
MTX202100655,59,342,Trash,calibration_1567
MTX202100655,71,51,Trash,calibration_1567
MTX202100655,71,287,Trash,calibration_1567
MTX202100659,32,250,Clear,calibration_1567
MTX202100692,11,128,Clear,calibration_1567
MTX202100696,33,19,Clear,calibration_1567
MTX202100707,31,23,Clear,calibration_1567
MTX202100768,28,33,Clear,calibration_1567
MTX202100770,1,6,Clear,calibration_1567
MTX202100772,1,7,Clear,calibration_1567
MTX202100783,402,118,Clear,calibration_1567
MTX202200114,7,2,Clear,calibration_1567
MTX202200128,62,17,Noisy,calibration_1567
MTX202200128,80,39,Noisy,calibration_1567
MTX202200165,76,74,Clear,calibration_1567
MTX202200181a,27,7,Clear,calibration_1567
MTX202200190,49,428,Clear,calibration_1567
MTX202200374,44,1,Noisy,calibration_1567
MTX202200380,22,179,Noisy,calibration_1567
MTX202200382,2,7,Clear,calibration_1567
MTX202200442,84,20,Clear,calibration_1567
MTX202200444,648,3,Noisy,calibration_1567
MTX202200448,44,112,Clear,calibration_1567
MTX202200563,66,26,Clear,calibration_1567
MTX202200698,16,116,Clear,calibration_1567
MTX202200737,8,30,Clear,calibration_1567
MTX202200737,10,41,Clear,calibration_1567
MTX202200741,8,39,Clear,calibration_1567
MTX202200774,12,1,Noisy,calibration_1567
MTX202200809,7,3,Clear,calibration_1567
MTX202210015,50,12,Clear,calibration_1567
MTX202210036,23,103,Noisy,calibration_1567
MTX202210036,74,6,Clear,calibration_1567
MTX202210066,49,62,Clear,calibration_1567
MTX202300012,396,193,Noisy,calibration_1567
MTX202300113,7,92,Clear,calibration_1567
MTX202300132,59,142,Clear,calibration_1567
MTX202300284,78,211,Clear,calibration_1567
MTX202300327,3,5,Noisy,calibration_1567
MTX202300343,81,11,Clear,calibration_1567
MTX202300343,112,98,Clear,calibration_1567
MTX202300387,10,51,Clear,calibration_1567
MTX202300417,75,70,Noisy,calibration_1567
MTX202300417,102,75,Clear,calibration_1567
MTX202300465,422,224,Clear,calibration_1567
MTX202300466A,248,26,Clear,calibration_1567
MTX202300466DE,183,38,Clear,calibration_1567
MTX202300466DE,1139,39,Clear,calibration_1567
MTX202300466DE,1320,5,Clear,calibration_1567
MTX202300466FG,1020,9,Clear,calibration_1567
MTX202300510,48,28,Clear,calibration_1567
MTX202300530,143,322,Clear,calibration_1567
MTX202300581,10,17,Clear,calibration_1567
MTX202300595,36,147,Noisy,calibration_1567
MTX202300606,49,355,Noisy,calibration_1567
MTX202300626,32,32,Clear,calibration_1567
MTX202300659,275,120,Clear,calibration_1567
MTX202300659A,46,331,Clear,calibration_1567
MTX202300688,15,15,Clear,calibration_1567
MTX202300696C,194,23,Clear,calibration_1567
MTX202300696C,309,4,Clear,calibration_1567
MTX202300697,200,131,Clear,calibration_1567
MTX202300697A,117,139,Noisy,calibration_1567
MTX202300697A,131,338,Trash,calibration_1567
MTX202300697A,156,169,Noisy,calibration_1567
MTX202300697A,172,331,Noisy,calibration_1567
MTX202300699A,96,128,Clear,calibration_1567
MTX202300699B,72,185,Clear,calibration_1567
MTX202300699B,140,32,Clear,calibration_1567
MTX202300700A,157,308,Clear,calibration_1567
MTX202300700B,39,44,Clear,calibration_1567
MTX202300700B,173,41,Clear,calibration_1567
MTX202300700C,392,169,Clear,calibration_1567
MTX202310221,2,47,Clear,calibration_1567
MTX202400040,69,3,Clear,calibration_1567
MTX202400064,20,4,Clear,calibration_1567
MTX202400064,28,3,Clear,calibration_1567
MTX202400064,33,310,Trash,calibration_1567
MTX202400116,62,13,Clear,calibration_1567
MTX202400120,7,15,Clear,calibration_1567
MTX202400128A,59,2,Trash,calibration_1567
MTX202400128F,4,325,Clear,calibration_1567
MtX202100614,2,44,Clear,calibration_1567
P009_00023,4,13,Noisy,calibration_1567
P009_00023,8,5,Trash,calibration_1567
P027_00002_034,28,3,Trash,calibration_1567
P027_00003_051,31,1,Trash,calibration_1567
P027_00003_051,31,3,Trash,calibration_1567
P028_00011,8,3,Noisy,calibration_1567
P028_00026,2,40,Noisy,calibration_1567
P028_00026,52,6,Trash,calibration_1567
P043_00001_013,112,2,Trash,calibration_1567
P043_00001_013,134,9,Trash,calibration_1567
