text,original_text,original_lang,orig_lang_score,perplex,perplex_raw,categ,word_count,file,page_num,line_num,split_ws,split_we,quality_score,lang,lang_score,perplex_blend,char_count,garbage_density,upper,repeated,ldl_fuses,fused_words,gibberish,weird_wx,word_weird,vowel_ratio,rot_ratio,valid_word_ratio,structured,damaged,caps_header,allcaps_novowel,lowppl_clear,cleanprose_clear,trash_threshold,noisy_threshold,clear_threshold,pp_dedup,pp_surrounded_trash,pp_inverted_run,pp_page_context,gold_categ,gold_source,gold_note
v klášteře Strahovském.,v klášteře Strahovském.,ces_Latn,1.0000,119.50,119.50,Clear,3,GOLD_CLEAR,1,1,,,0.9527,ces_Latn,1.0000,,23,0.0435,0,0,0,0,0,0,0.0000,0.2857,0.4000,1.0000,False,False,False,False,False,False,False,False,True,False,False,False,False,Clear,tests/calibration_fixtures.py::CLEAR,short clean Czech with a trailing period
republiky československé,republiky československé,ces_Latn,0.9136,15.88,15.88,Clear,2,GOLD_CLEAR,1,2,,,0.9792,ces_Latn,0.9136,,24,0.0000,0,0,0,0,0,0,0.0000,0.3913,0.6087,1.0000,False,False,False,False,False,False,False,False,True,False,False,False,False,Clear,tests/calibration_fixtures.py::CLEAR,"two-word clean Czech, low ppl"
Laskavostí tohoto pána bylo mi dovoleno již roku 1919 na,Laskavostí tohoto pána bylo mi dovoleno již roku 1919 na,ces_Latn,1.0000,60.00,60.00,Clear,10,GOLD_CLEAR,1,3,,,0.9864,ces_Latn,1.0000,,56,0.0000,0,0,0,0,0,0,0.0000,0.4651,0.5349,1.0000,False,False,False,False,False,False,False,False,True,False,False,False,False,Clear,tests/calibration_fixtures.py::CLEAR,long clean prose with an embedded year (no LDL false-trigger)
Opomenulé nebo opozděné ohlášení trestú se pokutou peněžitou,Opomenulé nebo opozděné ohlášení trestú se pokutou peněžitou,ces_Latn,1.0000,153.00,153.00,Clear,8,GOLD_CLEAR,1,4,,,0.9798,ces_Latn,1.0000,,60,0.0000,0,0,0,0,0,0,0.0000,0.5094,0.6415,1.0000,False,False,False,False,False,False,False,False,True,False,False,False,False,Clear,tests/calibration_fixtures.py::CLEAR,"long clean prose, rot_ratio 0.64 — must NOT be rot-penalised"
"svým jménem, nýbrž i lidovým podáním,které tvrdí,že v místech těchto stávala","svým jménem, nýbrž i lidovým podáním,které tvrdí,že v místech těchto stávala",ces_Latn,1.0000,26.62,26.62,Clear,11,GOLD_CLEAR,1,5,,,0.9728,ces_Latn,1.0000,,76,0.0395,0,0,0,0,0,0,0.0000,0.3333,0.4603,1.0000,False,False,False,False,True,False,False,False,False,False,False,False,False,Clear,tests/calibration_fixtures.py::CLEAR,clean prose dense in short function words (valid_ratio guard)
í nezpůsobilost ke službě nebyla,í nezpůsobilost ke službě nebyla,ces_Latn,1.0000,66.00,66.00,Clear,5,GOLD_CLEAR,1,6,,,0.8805,ces_Latn,1.0000,,32,0.0000,0,0,0,0,0,0,0.1700,0.4286,0.6071,0.8000,False,False,False,False,False,False,False,False,True,False,False,False,False,Clear,tests/calibration_fixtures.py::CLEAR,"(#3 P2) raw QS >= 0.85, ppl 66, valid_ratio < 0.85 — LM bypass recovers Clear"
"Klademe si za čest oznámiti, že jsme počátkem září t.r,","Klademe si za čest oznámiti, že jsme počátkem září t.r,",ces_Latn,1.0000,79.50,79.50,Clear,10,GOLD_CLEAR,1,7,,,0.8866,ces_Latn,1.0000,,55,0.0545,0,0,0,0,0,0,0.0000,0.3696,0.4884,0.8000,False,False,False,False,False,False,False,False,True,False,False,False,False,Clear,tests/calibration_fixtures.py::CLEAR,"(#3 P2) ppl 79.5, fragments (t.r) under-count valid_ratio — LM bypass recovers"
li domovská příslušnost pochybna.,li domovská příslušnost pochybna.,ces_Latn,0.9999,58.00,58.00,Clear,4,GOLD_CLEAR,1,8,,,0.8789,ces_Latn,0.9999,,33,0.0303,0,0,0,0,0,0,0.0000,0.3333,0.5862,0.7500,False,False,False,False,False,False,False,False,True,False,False,False,False,Clear,tests/calibration_fixtures.py::CLEAR,(#3 P2) leading OCR fragment 'li' under-counts valid_ratio; low ppl recovers
ězenim až do 5 dnů.,ězenim až do 5 dnů.,ces_Latn,0.9988,123.00,123.00,Clear,5,GOLD_CLEAR,1,9,,,0.9378,ces_Latn,0.9988,,19,0.0526,0,0,0,0,0,0,0.0500,0.4286,0.6154,1.0000,False,False,False,False,False,False,False,False,True,False,False,False,False,Clear,tests/calibration_fixtures.py::CLEAR,(#3 P2) leading fragment 'ězenim' + number; ppl < 180 recovers Clear
